date,portfolio,cumulative_return,signal,returns
200801,Q1,0.09991298016810513,comp_ew,total
200802,Q1,0.13023749948907692,comp_ew,total
200803,Q1,0.09449486728323908,comp_ew,total
200804,Q1,0.08135867957551701,comp_ew,total
200805,Q1,0.05482635572782102,comp_ew,total
200806,Q1,-0.05739706471828876,comp_ew,total
200807,Q1,0.06801245020461089,comp_ew,total
200808,Q1,0.06704556440759535,comp_ew,total
200809,Q1,0.12829208159291383,comp_ew,total
200810,Q1,0.0749477600780557,comp_ew,total
200811,Q1,0.10488599567856571,comp_ew,total
200812,Q1,0.086783465025974,comp_ew,total
200901,Q1,0.09671024651183502,comp_ew,total
200902,Q1,0.05138340808302,comp_ew,total
200903,Q1,0.02569998515496441,comp_ew,total
200904,Q1,0.0873616945920892,comp_ew,total
200905,Q1,0.07807405816919832,comp_ew,total
200906,Q1,-0.009537709215377221,comp_ew,total
200907,Q1,-0.03026257271133659,comp_ew,total
200908,Q1,-0.09330688989418379,comp_ew,total
200909,Q1,-0.1387490891600751,comp_ew,total
200910,Q1,-0.24226216759204444,comp_ew,total
200911,Q1,-0.28931524812259113,comp_ew,total
200912,Q1,-0.284204127718353,comp_ew,total
201001,Q1,-0.2947913601021349,comp_ew,total
201002,Q1,-0.20519197431618863,comp_ew,total
201003,Q1,-0.20475835924117758,comp_ew,total
201004,Q1,-0.19344809819622377,comp_ew,total
201005,Q1,-0.26245264005222535,comp_ew,total
201006,Q1,-0.22030665020311457,comp_ew,total
201007,Q1,-0.24643823555283284,comp_ew,total
201008,Q1,-0.19034251329553775,comp_ew,total
201009,Q1,-0.2598124017163219,comp_ew,total
201010,Q1,-0.28758046297200246,comp_ew,total
201011,Q1,-0.2590536245469578,comp_ew,total
201012,Q1,-0.2575983525283201,comp_ew,total
201101,Q1,-0.2403405692635162,comp_ew,total
201102,Q1,-0.21331181768405205,comp_ew,total
201103,Q1,-0.30192070273438953,comp_ew,total
201104,Q1,-0.26815067269366766,comp_ew,total
201105,Q1,-0.34579958187935,comp_ew,total
201106,Q1,-0.35794841970113545,comp_ew,total
201107,Q1,-0.271450241934985,comp_ew,total
201108,Q1,-0.25950009560976384,comp_ew,total
201109,Q1,-0.35178298747191017,comp_ew,total
201110,Q1,-0.3745325170966556,comp_ew,total
201111,Q1,-0.4177121049647322,comp_ew,total
201112,Q1,-0.37372514212691244,comp_ew,total
201201,Q1,-0.4066266247513499,comp_ew,total
201202,Q1,-0.44033265370251895,comp_ew,total
201203,Q1,-0.4840895138210045,comp_ew,total
201204,Q1,-0.45292701196347407,comp_ew,total
201205,Q1,-0.42940534685181486,comp_ew,total
201206,Q1,-0.4496684643342027,comp_ew,total
201207,Q1,-0.46631154731966096,comp_ew,total
201208,Q1,-0.463532245546445,comp_ew,total
201209,Q1,-0.524694644034454,comp_ew,total
201210,Q1,-0.5424679253446801,comp_ew,total
201211,Q1,-0.5422712653693698,comp_ew,total
201212,Q1,-0.5777272781808647,comp_ew,total
201301,Q1,-0.5844873932564665,comp_ew,total
201302,Q1,-0.5917080284817586,comp_ew,total
201303,Q1,-0.6260149154646992,comp_ew,total
201304,Q1,-0.6134307714583417,comp_ew,total
201305,Q1,-0.6363594719706923,comp_ew,total
201306,Q1,-0.6512568185402061,comp_ew,total
201307,Q1,-0.62527635196639,comp_ew,total
201308,Q1,-0.6266755360068543,comp_ew,total
201309,Q1,-0.6812954473805565,comp_ew,total
201310,Q1,-0.7043931552568965,comp_ew,total
201311,Q1,-0.7165003987282654,comp_ew,total
201312,Q1,-0.7221561717865409,comp_ew,total
201401,Q1,-0.7094940830228902,comp_ew,total
201402,Q1,-0.6946719223284755,comp_ew,total
201403,Q1,-0.6679127717555393,comp_ew,total
201404,Q1,-0.6682042022541317,comp_ew,total
201405,Q1,-0.6523856712275744,comp_ew,total
201406,Q1,-0.6550325636024769,comp_ew,total
201407,Q1,-0.6838980096500173,comp_ew,total
201408,Q1,-0.6544174858090603,comp_ew,total
201409,Q1,-0.6881118255502523,comp_ew,total
201410,Q1,-0.6780890514864948,comp_ew,total
201411,Q1,-0.7179349273334624,comp_ew,total
201412,Q1,-0.72228458811808,comp_ew,total
201501,Q1,-0.682601444015266,comp_ew,total
201502,Q1,-0.6678231685393945,comp_ew,total
201503,Q1,-0.6542393366423127,comp_ew,total
201504,Q1,-0.6494770194539561,comp_ew,total
201505,Q1,-0.6549171943222971,comp_ew,total
201506,Q1,-0.6819367667444394,comp_ew,total
201507,Q1,-0.6994349212931226,comp_ew,total
201508,Q1,-0.6989954085513209,comp_ew,total
201509,Q1,-0.6948376522508086,comp_ew,total
201510,Q1,-0.6908306508071695,comp_ew,total
201511,Q1,-0.670228763335941,comp_ew,total
201512,Q1,-0.6563381148569012,comp_ew,total
201601,Q1,-0.6894560943038075,comp_ew,total
201602,Q1,-0.6983151179062613,comp_ew,total
201603,Q1,-0.6874169029275534,comp_ew,total
201604,Q1,-0.685577563797366,comp_ew,total
201605,Q1,-0.6414411195857241,comp_ew,total
201606,Q1,-0.6301694374415525,comp_ew,total
201607,Q1,-0.6294372664822415,comp_ew,total
201608,Q1,-0.6451102186118893,comp_ew,total
201609,Q1,-0.6417964556595595,comp_ew,total
201610,Q1,-0.6580447216033398,comp_ew,total
201611,Q1,-0.6316578533082334,comp_ew,total
201612,Q1,-0.6132016868462522,comp_ew,total
201701,Q1,-0.6010757414245517,comp_ew,total
201702,Q1,-0.5641072176872106,comp_ew,total
201703,Q1,-0.5628205169057046,comp_ew,total
201704,Q1,-0.5254746935583339,comp_ew,total
201705,Q1,-0.5302501124157941,comp_ew,total
201706,Q1,-0.5065746380593006,comp_ew,total
201707,Q1,-0.4706796090294335,comp_ew,total
201708,Q1,-0.49195660073494585,comp_ew,total
201709,Q1,-0.5002482650591218,comp_ew,total
201710,Q1,-0.5097298334331006,comp_ew,total
201711,Q1,-0.4724751224066609,comp_ew,total
201712,Q1,-0.5259732239445035,comp_ew,total
201801,Q1,-0.4934601126419388,comp_ew,total
201802,Q1,-0.5207187445829395,comp_ew,total
201803,Q1,-0.45958242811316485,comp_ew,total
201804,Q1,-0.47462261313436593,comp_ew,total
201805,Q1,-0.5491572764000188,comp_ew,total
201806,Q1,-0.5476021691399422,comp_ew,total
201807,Q1,-0.5281210955414533,comp_ew,total
201808,Q1,-0.6079929788697254,comp_ew,total
201809,Q1,-0.5919121585404763,comp_ew,total
201810,Q1,-0.591559751068389,comp_ew,total
201811,Q1,-0.595727218224065,comp_ew,total
201812,Q1,-0.5968384700303517,comp_ew,total
201901,Q1,-0.6089034895531421,comp_ew,total
201902,Q1,-0.6087558175948904,comp_ew,total
201903,Q1,-0.5720119593761942,comp_ew,total
201904,Q1,-0.5426560204193637,comp_ew,total
201905,Q1,-0.5091937493808449,comp_ew,total
201906,Q1,-0.49263686784866767,comp_ew,total
201907,Q1,-0.4942084714587035,comp_ew,total
201908,Q1,-0.458699566357186,comp_ew,total
201909,Q1,-0.4513168742395215,comp_ew,total
201910,Q1,-0.515587564051653,comp_ew,total
201911,Q1,-0.44392066553907095,comp_ew,total
201912,Q1,-0.38077837343763377,comp_ew,total
202001,Q1,-0.3810834766326887,comp_ew,total
202002,Q1,-0.40028975052393456,comp_ew,total
202003,Q1,-0.32935298662015555,comp_ew,total
202004,Q1,-0.3774047275394109,comp_ew,total
202005,Q1,-0.41158601931674177,comp_ew,total
202006,Q1,-0.37311913641544026,comp_ew,total
202007,Q1,-0.31536416328303496,comp_ew,total
202008,Q1,-0.29454727342530185,comp_ew,total
202009,Q1,-0.34842354923951,comp_ew,total
202010,Q1,-0.39784363757661934,comp_ew,total
202011,Q1,-0.45177146781487,comp_ew,total
202012,Q1,-0.4948217431069333,comp_ew,total
202101,Q1,-0.5454184497180306,comp_ew,total
202102,Q1,-0.5153527864506864,comp_ew,total
202103,Q1,-0.4902291017065541,comp_ew,total
202104,Q1,-0.48463208274387126,comp_ew,total
202105,Q1,-0.5225756647740523,comp_ew,total
202106,Q1,-0.5514202356396605,comp_ew,total
202107,Q1,-0.5407509229808956,comp_ew,total
202108,Q1,-0.5112482924482942,comp_ew,total
202109,Q1,-0.5408868269234015,comp_ew,total
202110,Q1,-0.5134258394706044,comp_ew,total
202111,Q1,-0.5413593609318725,comp_ew,total
202112,Q1,-0.5286006296337031,comp_ew,total
202201,Q1,-0.557783061958189,comp_ew,total
202202,Q1,-0.5398873187439949,comp_ew,total
202203,Q1,-0.5482751021069163,comp_ew,total
202204,Q1,-0.536995644789156,comp_ew,total
202205,Q1,-0.5729951586473836,comp_ew,total
202206,Q1,-0.609750275241857,comp_ew,total
202207,Q1,-0.6362353698257679,comp_ew,total
202208,Q1,-0.6318297036058168,comp_ew,total
202209,Q1,-0.6223503979593189,comp_ew,total
202210,Q1,-0.6225812945346169,comp_ew,total
202211,Q1,-0.6138621570147625,comp_ew,total
202212,Q1,-0.6178587103985482,comp_ew,total
202301,Q1,-0.586085959313615,comp_ew,total
202302,Q1,-0.6203014941818472,comp_ew,total
202303,Q1,-0.6118736815947239,comp_ew,total
202304,Q1,-0.60057994420925,comp_ew,total
202305,Q1,-0.6144018804127422,comp_ew,total
202306,Q1,-0.6245600699532056,comp_ew,total
202307,Q1,-0.6517363655846944,comp_ew,total
202308,Q1,-0.6219148942018617,comp_ew,total
202309,Q1,-0.5884104532889303,comp_ew,total
202310,Q1,-0.597319304055854,comp_ew,total
202311,Q1,-0.5983358017819507,comp_ew,total
202312,Q1,-0.5893560483529029,comp_ew,total
202401,Q1,-0.5614916045065805,comp_ew,total
202402,Q1,-0.5314226290938331,comp_ew,total
202403,Q1,-0.5824643636787639,comp_ew,total
202404,Q1,-0.6188109557889752,comp_ew,total
202405,Q1,-0.6316323112604004,comp_ew,total
202406,Q1,-0.6005857516401178,comp_ew,total
202407,Q1,-0.5632323336896651,comp_ew,total
202408,Q1,-0.5341719521974893,comp_ew,total
202409,Q1,-0.5176535890598915,comp_ew,total
202410,Q1,-0.49755856097120343,comp_ew,total
202411,Q1,-0.49146066576718006,comp_ew,total
202412,Q1,-0.44526019334722255,comp_ew,total
202501,Q1,-0.48894106126625203,comp_ew,total
202502,Q1,-0.43657024949106704,comp_ew,total
202503,Q1,-0.43346171054968474,comp_ew,total
202504,Q1,-0.41809940948018487,comp_ew,total
202505,Q1,-0.3934430667672558,comp_ew,total
202506,Q1,-0.4437050279047712,comp_ew,total
202507,Q1,-0.48553453994407514,comp_ew,total
202508,Q1,-0.5464819505961245,comp_ew,total
202509,Q1,-0.5121285116560794,comp_ew,total
202510,Q1,-0.552659679897604,comp_ew,total
202511,Q1,-0.5691657206526625,comp_ew,total
202512,Q1,-0.5097573991714437,comp_ew,total
202601,Q1,-0.487509512556735,comp_ew,total
202602,Q1,-0.46827593204387463,comp_ew,total
202603,Q1,-0.44671006021753856,comp_ew,total
202604,Q1,-0.43120903116338016,comp_ew,total
202605,Q1,-0.38664147682452954,comp_ew,total
202606,Q1,-0.3863717844777128,comp_ew,total
202607,Q1,,comp_ew,total
200801,Q2,0.1026300565842948,comp_ew,total
200802,Q2,0.1324782824007924,comp_ew,total
200803,Q2,0.10340494940687295,comp_ew,total
200804,Q2,0.09618313853872618,comp_ew,total
200805,Q2,0.04664692350591926,comp_ew,total
200806,Q2,-0.05968699436007319,comp_ew,total
200807,Q2,0.0706277487286866,comp_ew,total
200808,Q2,0.0783956336638667,comp_ew,total
200809,Q2,0.13259426833268506,comp_ew,total
200810,Q2,0.0849212869616911,comp_ew,total
200811,Q2,0.11989755884664977,comp_ew,total
200812,Q2,0.12509491666118966,comp_ew,total
200901,Q2,0.1304107089361366,comp_ew,total
200902,Q2,0.09302199144152445,comp_ew,total
200903,Q2,0.07631311313743327,comp_ew,total
200904,Q2,0.14919691673879565,comp_ew,total
200905,Q2,0.13895601441649186,comp_ew,total
200906,Q2,0.05391633200995005,comp_ew,total
200907,Q2,0.03884937268258848,comp_ew,total
200908,Q2,-0.022962166045538468,comp_ew,total
200909,Q2,-0.061379610514601834,comp_ew,total
200910,Q2,-0.16888145546854816,comp_ew,total
200911,Q2,-0.21853108018549094,comp_ew,total
200912,Q2,-0.20540862099791102,comp_ew,total
201001,Q2,-0.21144425752425855,comp_ew,total
201002,Q2,-0.12296118384831944,comp_ew,total
201003,Q2,-0.11996081306676498,comp_ew,total
201004,Q2,-0.11504287003349545,comp_ew,total
201005,Q2,-0.18815282546308343,comp_ew,total
201006,Q2,-0.148868909424001,comp_ew,total
201007,Q2,-0.17655246576634342,comp_ew,total
201008,Q2,-0.10840883797826517,comp_ew,total
201009,Q2,-0.18311874989527777,comp_ew,total
201010,Q2,-0.20352904029485563,comp_ew,total
201011,Q2,-0.17386720005911283,comp_ew,total
201012,Q2,-0.16593009689616167,comp_ew,total
201101,Q2,-0.13226072817802337,comp_ew,total
201102,Q2,-0.09854568916021422,comp_ew,total
201103,Q2,-0.18111314892487795,comp_ew,total
201104,Q2,-0.14465504579325994,comp_ew,total
201105,Q2,-0.23371959182192448,comp_ew,total
201106,Q2,-0.24714387447863773,comp_ew,total
201107,Q2,-0.14398649690506982,comp_ew,total
201108,Q2,-0.13050734579661294,comp_ew,total
201109,Q2,-0.24114870285585954,comp_ew,total
201110,Q2,-0.2735154684043729,comp_ew,total
201111,Q2,-0.31272999995236694,comp_ew,total
201112,Q2,-0.25675234009551995,comp_ew,total
201201,Q2,-0.29309566369390916,comp_ew,total
201202,Q2,-0.3252516233683329,comp_ew,total
201203,Q2,-0.3761802773024633,comp_ew,total
201204,Q2,-0.34495669225252523,comp_ew,total
201205,Q2,-0.31312462182333367,comp_ew,total
201206,Q2,-0.3327581247006244,comp_ew,total
201207,Q2,-0.3342595376933004,comp_ew,total
201208,Q2,-0.327761463908845,comp_ew,total
201209,Q2,-0.3967764520398742,comp_ew,total
201210,Q2,-0.4152311603511253,comp_ew,total
201211,Q2,-0.41208605032722667,comp_ew,total
201212,Q2,-0.4585051653262592,comp_ew,total
201301,Q2,-0.46174602521901886,comp_ew,total
201302,Q2,-0.46956426005246965,comp_ew,total
201303,Q2,-0.5111944539979634,comp_ew,total
201304,Q2,-0.48763754686327165,comp_ew,total
201305,Q2,-0.5166387300306108,comp_ew,total
201306,Q2,-0.5346153232891695,comp_ew,total
201307,Q2,-0.5008816128525669,comp_ew,total
201308,Q2,-0.5044149980987116,comp_ew,total
201309,Q2,-0.576785073205793,comp_ew,total
201310,Q2,-0.6057694591607712,comp_ew,total
201311,Q2,-0.6175465327724099,comp_ew,total
201312,Q2,-0.6229640998182967,comp_ew,total
201401,Q2,-0.602386314579765,comp_ew,total
201402,Q2,-0.5819199227596575,comp_ew,total
201403,Q2,-0.5405723002169597,comp_ew,total
201404,Q2,-0.5425318854043419,comp_ew,total
201405,Q2,-0.522603184673375,comp_ew,total
201406,Q2,-0.5214481561174342,comp_ew,total
201407,Q2,-0.556920450086748,comp_ew,total
201408,Q2,-0.5110975480029026,comp_ew,total
201409,Q2,-0.5581614349446073,comp_ew,total
201410,Q2,-0.5461758887524851,comp_ew,total
201411,Q2,-0.5994678844782252,comp_ew,total
201412,Q2,-0.6001236321107903,comp_ew,total
201501,Q2,-0.5429345219622446,comp_ew,total
201502,Q2,-0.5203012157656012,comp_ew,total
201503,Q2,-0.5002237931880622,comp_ew,total
201504,Q2,-0.48563286756057633,comp_ew,total
201505,Q2,-0.4909141843234398,comp_ew,total
201506,Q2,-0.5199607978407137,comp_ew,total
201507,Q2,-0.5392993970672714,comp_ew,total
201508,Q2,-0.5360142110231864,comp_ew,total
201509,Q2,-0.5231679297949384,comp_ew,total
201510,Q2,-0.516194765530113,comp_ew,total
201511,Q2,-0.4806982981052983,comp_ew,total
201512,Q2,-0.45836356918486476,comp_ew,total
201601,Q2,-0.5038963814185922,comp_ew,total
201602,Q2,-0.5140988262609735,comp_ew,total
201603,Q2,-0.49382515751337763,comp_ew,total
201604,Q2,-0.48575381265192885,comp_ew,total
201605,Q2,-0.40648138455885396,comp_ew,total
201606,Q2,-0.38702338952410675,comp_ew,total
201607,Q2,-0.38973968349749866,comp_ew,total
201608,Q2,-0.4087628343444467,comp_ew,total
201609,Q2,-0.40029175916919624,comp_ew,total
201610,Q2,-0.42484980280896234,comp_ew,total
201611,Q2,-0.377253264092985,comp_ew,total
201612,Q2,-0.3417738312505444,comp_ew,total
201701,Q2,-0.3173377860747465,comp_ew,total
201702,Q2,-0.25424213079236146,comp_ew,total
201703,Q2,-0.25040546322814905,comp_ew,total
201704,Q2,-0.183385897000381,comp_ew,total
201705,Q2,-0.2002547055903251,comp_ew,total
201706,Q2,-0.17230123336787018,comp_ew,total
201707,Q2,-0.10450478288364273,comp_ew,total
201708,Q2,-0.13769870879344914,comp_ew,total
201709,Q2,-0.1523806299612025,comp_ew,total
201710,Q2,-0.16343741716228444,comp_ew,total
201711,Q2,-0.08742396437479594,comp_ew,total
201712,Q2,-0.18695068403740955,comp_ew,total
201801,Q2,-0.1351569831973004,comp_ew,total
201802,Q2,-0.17598680621354956,comp_ew,total
201803,Q2,-0.07884390095547178,comp_ew,total
201804,Q2,-0.10110599936886833,comp_ew,total
201805,Q2,-0.21184193813601515,comp_ew,total
201806,Q2,-0.2103315454551027,comp_ew,total
201807,Q2,-0.17207084693009012,comp_ew,total
201808,Q2,-0.2990265059284446,comp_ew,total
201809,Q2,-0.26568017875137684,comp_ew,total
201810,Q2,-0.2625685082202047,comp_ew,total
201811,Q2,-0.25941665929023705,comp_ew,total
201812,Q2,-0.2485443066989097,comp_ew,total
201901,Q2,-0.26775078035683997,comp_ew,total
201902,Q2,-0.26926159092767055,comp_ew,total
201903,Q2,-0.19528503822735843,comp_ew,total
201904,Q2,-0.1437287645305434,comp_ew,total
201905,Q2,-0.06944092512820887,comp_ew,total
201906,Q2,-0.03697444386685844,comp_ew,total
201907,Q2,-0.03727600008863885,comp_ew,total
201908,Q2,0.03514135576291211,comp_ew,total
201909,Q2,0.05914674272177711,comp_ew,total
201910,Q2,-0.05821514341936096,comp_ew,total
201911,Q2,0.09152989141866663,comp_ew,total
201912,Q2,0.22853424770497366,comp_ew,total
202001,Q2,0.21232501925453895,comp_ew,total
202002,Q2,0.1832318829608801,comp_ew,total
202003,Q2,0.3037650881381082,comp_ew,total
202004,Q2,0.2066645929463653,comp_ew,total
202005,Q2,0.1340587223651868,comp_ew,total
202006,Q2,0.21110000850647848,comp_ew,total
202007,Q2,0.3429471394451853,comp_ew,total
202008,Q2,0.38802404614612707,comp_ew,total
202009,Q2,0.27836486611573386,comp_ew,total
202010,Q2,0.17188391866936503,comp_ew,total
202011,Q2,0.0726936717983746,comp_ew,total
202012,Q2,0.0012220415513144456,comp_ew,total
202101,Q2,-0.08936155109911792,comp_ew,total
202102,Q2,-0.018569282409759524,comp_ew,total
202103,Q2,0.03896484960032143,comp_ew,total
202104,Q2,0.047817352931830426,comp_ew,total
202105,Q2,-0.029199547690364036,comp_ew,total
202106,Q2,-0.07898027757268555,comp_ew,total
202107,Q2,-0.050398425474031394,comp_ew,total
202108,Q2,0.003666815727673134,comp_ew,total
202109,Q2,-0.05204509717907413,comp_ew,total
202110,Q2,0.005805806512061862,comp_ew,total
202111,Q2,-0.04885249362561139,comp_ew,total
202112,Q2,0.0027915841265047092,comp_ew,total
202201,Q2,-0.05610438121508643,comp_ew,total
202202,Q2,-0.019397753544276086,comp_ew,total
202203,Q2,-0.02520803001418781,comp_ew,total
202204,Q2,0.007274891140068185,comp_ew,total
202205,Q2,-0.06082341775575317,comp_ew,total
202206,Q2,-0.1377294520020642,comp_ew,total
202207,Q2,-0.19036967721761366,comp_ew,total
202208,Q2,-0.172522998804571,comp_ew,total
202209,Q2,-0.1495087482673232,comp_ew,total
202210,Q2,-0.136182364014224,comp_ew,total
202211,Q2,-0.11105987956302199,comp_ew,total
202212,Q2,-0.10708942021945245,comp_ew,total
202301,Q2,-0.02080275982954838,comp_ew,total
202302,Q2,-0.08910980563108717,comp_ew,total
202303,Q2,-0.07757704329905646,comp_ew,total
202304,Q2,-0.04469537920505828,comp_ew,total
202305,Q2,-0.07792876293803175,comp_ew,total
202306,Q2,-0.10141704073166857,comp_ew,total
202307,Q2,-0.16420619573297157,comp_ew,total
202308,Q2,-0.10351997849139627,comp_ew,total
202309,Q2,-0.014858899065699482,comp_ew,total
202310,Q2,-0.030515752379212557,comp_ew,total
202311,Q2,-0.03169494639761683,comp_ew,total
202312,Q2,-0.01434303576169127,comp_ew,total
202401,Q2,0.03103606280754434,comp_ew,total
202402,Q2,0.08801323603064182,comp_ew,total
202403,Q2,-0.01577322307337936,comp_ew,total
202404,Q2,-0.10782913026413365,comp_ew,total
202405,Q2,-0.13922484449532035,comp_ew,total
202406,Q2,-0.06265333162140974,comp_ew,total
202407,Q2,0.03908804029863577,comp_ew,total
202408,Q2,0.11877541632444277,comp_ew,total
202409,Q2,0.1653816465600031,comp_ew,total
202410,Q2,0.21969753963157412,comp_ew,total
202411,Q2,0.2563429929292085,comp_ew,total
202412,Q2,0.3797021878361586,comp_ew,total
202501,Q2,0.2684778073326508,comp_ew,total
202502,Q2,0.40639911117858607,comp_ew,total
202503,Q2,0.43928570934103384,comp_ew,total
202504,Q2,0.4778905014691408,comp_ew,total
202505,Q2,0.5359567067260984,comp_ew,total
202506,Q2,0.4095731418815849,comp_ew,total
202507,Q2,0.3112927830415433,comp_ew,total
202508,Q2,0.16696555498507526,comp_ew,total
202509,Q2,0.2547824761347377,comp_ew,total
202510,Q2,0.17692515392714347,comp_ew,total
202511,Q2,0.1587978003277568,comp_ew,total
202512,Q2,0.3227522056441381,comp_ew,total
202601,Q2,0.37915888444873036,comp_ew,total
202602,Q2,0.45549133012714393,comp_ew,total
202603,Q2,0.5144718734926401,comp_ew,total
202604,Q2,0.5709821836484403,comp_ew,total
202605,Q2,0.6949245827591299,comp_ew,total
202606,Q2,0.7062072874418286,comp_ew,total
202607,Q2,,comp_ew,total
200801,Q3,0.10506373364847699,comp_ew,total
200802,Q3,0.14424861031301806,comp_ew,total
200803,Q3,0.12397350082809,comp_ew,total
200804,Q3,0.13090392959723607,comp_ew,total
200805,Q3,0.10264700738794574,comp_ew,total
200806,Q3,0.0029294660627907643,comp_ew,total
200807,Q3,0.14569574490937165,comp_ew,total
200808,Q3,0.14523032619212062,comp_ew,total
200809,Q3,0.21862850432575653,comp_ew,total
200810,Q3,0.1631912169571239,comp_ew,total
200811,Q3,0.19865499385081198,comp_ew,total
200812,Q3,0.20377755050164903,comp_ew,total
200901,Q3,0.21579715399665678,comp_ew,total
200902,Q3,0.184621820478446,comp_ew,total
200903,Q3,0.15681210709480253,comp_ew,total
200904,Q3,0.21827546122066832,comp_ew,total
200905,Q3,0.19890718137344265,comp_ew,total
200906,Q3,0.09545211165723444,comp_ew,total
200907,Q3,0.08528669680413947,comp_ew,total
200908,Q3,0.0224740438025548,comp_ew,total
200909,Q3,-0.016711250544312883,comp_ew,total
200910,Q3,-0.11763375957150068,comp_ew,total
200911,Q3,-0.16236872765369992,comp_ew,total
200912,Q3,-0.14514756643456672,comp_ew,total
201001,Q3,-0.15272186230568496,comp_ew,total
201002,Q3,-0.05433250288931524,comp_ew,total
201003,Q3,-0.05561151340448567,comp_ew,total
201004,Q3,-0.035877093492010736,comp_ew,total
201005,Q3,-0.10226203472956896,comp_ew,total
201006,Q3,-0.03926845413319635,comp_ew,total
201007,Q3,-0.061118511559187017,comp_ew,total
201008,Q3,0.014790163949294222,comp_ew,total
201009,Q3,-0.06602966216368333,comp_ew,total
201010,Q3,-0.08135929725567181,comp_ew,total
201011,Q3,-0.03353871224863392,comp_ew,total
201012,Q3,-0.023270036302591834,comp_ew,total
201101,Q3,0.017781327494036825,comp_ew,total
201102,Q3,0.06301092011536857,comp_ew,total
201103,Q3,-0.04243819622120515,comp_ew,total
201104,Q3,0.01583571150404972,comp_ew,total
201105,Q3,-0.09398257705878976,comp_ew,total
201106,Q3,-0.09939698259313978,comp_ew,total
201107,Q3,0.020710380112731963,comp_ew,total
201108,Q3,0.04001497770235196,comp_ew,total
201109,Q3,-0.08826506561219549,comp_ew,total
201110,Q3,-0.1363203638494599,comp_ew,total
201111,Q3,-0.1847196419617928,comp_ew,total
201112,Q3,-0.12373570173668558,comp_ew,total
201201,Q3,-0.16164528826222924,comp_ew,total
201202,Q3,-0.20615570000205607,comp_ew,total
201203,Q3,-0.2516896760192123,comp_ew,total
201204,Q3,-0.21680059230324666,comp_ew,total
201205,Q3,-0.17693198255537967,comp_ew,total
201206,Q3,-0.18613144139232363,comp_ew,total
201207,Q3,-0.17651366732335882,comp_ew,total
201208,Q3,-0.15630898091096435,comp_ew,total
201209,Q3,-0.24428084319287025,comp_ew,total
201210,Q3,-0.27292089642178363,comp_ew,total
201211,Q3,-0.27143329697601315,comp_ew,total
201212,Q3,-0.32513407829230856,comp_ew,total
201301,Q3,-0.3333587765598107,comp_ew,total
201302,Q3,-0.34164552056343034,comp_ew,total
201303,Q3,-0.40637009937726787,comp_ew,total
201304,Q3,-0.3804450679044511,comp_ew,total
201305,Q3,-0.4095463604937082,comp_ew,total
201306,Q3,-0.436522948322944,comp_ew,total
201307,Q3,-0.3906122804600566,comp_ew,total
201308,Q3,-0.385483455041858,comp_ew,total
201309,Q3,-0.45911926044812323,comp_ew,total
201310,Q3,-0.4916152438830901,comp_ew,total
201311,Q3,-0.5079195355945845,comp_ew,total
201312,Q3,-0.5121823281039437,comp_ew,total
201401,Q3,-0.4846796035943375,comp_ew,total
201402,Q3,-0.4593304265755507,comp_ew,total
201403,Q3,-0.40587118122964827,comp_ew,total
201404,Q3,-0.400184920795716,comp_ew,total
201405,Q3,-0.3822992446172587,comp_ew,total
201406,Q3,-0.38479459709702235,comp_ew,total
201407,Q3,-0.42613713370001904,comp_ew,total
201408,Q3,-0.3612200494266262,comp_ew,total
201409,Q3,-0.4141883180954583,comp_ew,total
201410,Q3,-0.3908330837628565,comp_ew,total
201411,Q3,-0.4624241158062513,comp_ew,total
201412,Q3,-0.4595079142567342,comp_ew,total
201501,Q3,-0.38484223132949447,comp_ew,total
201502,Q3,-0.3439301346779702,comp_ew,total
201503,Q3,-0.32155736564894233,comp_ew,total
201504,Q3,-0.30418530683424716,comp_ew,total
201505,Q3,-0.31773608649986596,comp_ew,total
201506,Q3,-0.36353913974670715,comp_ew,total
201507,Q3,-0.39533296264771967,comp_ew,total
201508,Q3,-0.3812219884298197,comp_ew,total
201509,Q3,-0.3626169654125674,comp_ew,total
201510,Q3,-0.3498111387167997,comp_ew,total
201511,Q3,-0.2989298554020102,comp_ew,total
201512,Q3,-0.2633557673377449,comp_ew,total
201601,Q3,-0.3312679651999705,comp_ew,total
201602,Q3,-0.34946048211729797,comp_ew,total
201603,Q3,-0.3155177186894792,comp_ew,total
201604,Q3,-0.30064110908416886,comp_ew,total
201605,Q3,-0.18763004346295364,comp_ew,total
201606,Q3,-0.1642274838013642,comp_ew,total
201607,Q3,-0.16160550513882033,comp_ew,total
201608,Q3,-0.17901506928435174,comp_ew,total
201609,Q3,-0.16392122841679135,comp_ew,total
201610,Q3,-0.18682704927218718,comp_ew,total
201611,Q3,-0.11352421262062673,comp_ew,total
201612,Q3,-0.06206746121585782,comp_ew,total
201701,Q3,-0.03974272366752685,comp_ew,total
201702,Q3,0.06321243241439523,comp_ew,total
201703,Q3,0.07997502977110282,comp_ew,total
201704,Q3,0.19615692408132257,comp_ew,total
201705,Q3,0.18101539548545986,comp_ew,total
201706,Q3,0.24187102529881788,comp_ew,total
201707,Q3,0.3364603733900593,comp_ew,total
201708,Q3,0.2885901606681063,comp_ew,total
201709,Q3,0.2849306521617152,comp_ew,total
201710,Q3,0.27081934970465493,comp_ew,total
201711,Q3,0.39550186763150563,comp_ew,total
201712,Q3,0.2518276441980736,comp_ew,total
201801,Q3,0.34705445470920293,comp_ew,total
201802,Q3,0.27999993458002126,comp_ew,total
201803,Q3,0.44460351325500147,comp_ew,total
201804,Q3,0.41478071912847514,comp_ew,total
201805,Q3,0.2538436176280008,comp_ew,total
201806,Q3,0.26481350826088645,comp_ew,total
201807,Q3,0.33470958762196057,comp_ew,total
201808,Q3,0.13500116280870844,comp_ew,total
201809,Q3,0.1722551564322412,comp_ew,total
201810,Q3,0.17940881160553812,comp_ew,total
201811,Q3,0.19031544952046908,comp_ew,total
201812,Q3,0.21170481474477842,comp_ew,total
201901,Q3,0.20412419131555026,comp_ew,total
201902,Q3,0.21357653246346242,comp_ew,total
201903,Q3,0.3463426412489812,comp_ew,total
201904,Q3,0.43151458220510697,comp_ew,total
201905,Q3,0.5542726894358059,comp_ew,total
201906,Q3,0.6287331217216254,comp_ew,total
201907,Q3,0.6402819625596072,comp_ew,total
201908,Q3,0.7607014588508589,comp_ew,total
201909,Q3,0.8104806471774166,comp_ew,total
201910,Q3,0.5874667005862593,comp_ew,total
201911,Q3,0.8480592148808057,comp_ew,total
201912,Q3,1.095798516372482,comp_ew,total
202001,Q3,1.11032070955858,comp_ew,total
202002,Q3,1.0760211473692696,comp_ew,total
202003,Q3,1.3035387405596897,comp_ew,total
202004,Q3,1.1622035213140864,comp_ew,total
202005,Q3,1.0567965060121551,comp_ew,total
202006,Q3,1.1937462472986247,comp_ew,total
202007,Q3,1.416176233689237,comp_ew,total
202008,Q3,1.4929853855622777,comp_ew,total
202009,Q3,1.3512992629808314,comp_ew,total
202010,Q3,1.173246471541447,comp_ew,total
202011,Q3,1.0006018852167093,comp_ew,total
202012,Q3,0.8783675021660249,comp_ew,total
202101,Q3,0.6870813641259559,comp_ew,total
202102,Q3,0.8348827598123048,comp_ew,total
202103,Q3,0.9406112937126818,comp_ew,total
202104,Q3,0.9816622162339705,comp_ew,total
202105,Q3,0.8460516016858202,comp_ew,total
202106,Q3,0.7543546341371878,comp_ew,total
202107,Q3,0.7972317611845092,comp_ew,total
202108,Q3,0.9037052055595418,comp_ew,total
202109,Q3,0.8051413750945595,comp_ew,total
202110,Q3,0.9352446058794925,comp_ew,total
202111,Q3,0.858117522597714,comp_ew,total
202112,Q3,0.9453849398071839,comp_ew,total
202201,Q3,0.8437166034283876,comp_ew,total
202202,Q3,0.9300521052254602,comp_ew,total
202203,Q3,0.9040761109758106,comp_ew,total
202204,Q3,0.9781395004572637,comp_ew,total
202205,Q3,0.8326965639187429,comp_ew,total
202206,Q3,0.6925053748634709,comp_ew,total
202207,Q3,0.5957069278043363,comp_ew,total
202208,Q3,0.6284430726798689,comp_ew,total
202209,Q3,0.6566890996676245,comp_ew,total
202210,Q3,0.6747861005448195,comp_ew,total
202211,Q3,0.7248550525908117,comp_ew,total
202212,Q3,0.7337934110720012,comp_ew,total
202301,Q3,0.8991927871695609,comp_ew,total
202302,Q3,0.7827826228163017,comp_ew,total
202303,Q3,0.8109961505475254,comp_ew,total
202304,Q3,0.8726678859869628,comp_ew,total
202305,Q3,0.8366849226604929,comp_ew,total
202306,Q3,0.7788348303007091,comp_ew,total
202307,Q3,0.6714845866962025,comp_ew,total
202308,Q3,0.8329967126317444,comp_ew,total
202309,Q3,1.0064543945095812,comp_ew,total
202310,Q3,0.992828835132954,comp_ew,total
202311,Q3,1.0154165477001205,comp_ew,total
202312,Q3,1.0767731089097552,comp_ew,total
202401,Q3,1.2156322676077078,comp_ew,total
202402,Q3,1.3898013997771845,comp_ew,total
202403,Q3,1.1773938995511273,comp_ew,total
202404,Q3,1.0097189822000887,comp_ew,total
202405,Q3,0.9530037570786623,comp_ew,total
202406,Q3,1.111479787822394,comp_ew,total
202407,Q3,1.3412687230361882,comp_ew,total
202408,Q3,1.5215162194454468,comp_ew,total
202409,Q3,1.6173148334079412,comp_ew,total
202410,Q3,1.7504041783090782,comp_ew,total
202411,Q3,1.8499288104487137,comp_ew,total
202412,Q3,2.1569364452699755,comp_ew,total
202501,Q3,1.9466706136701801,comp_ew,total
202502,Q3,2.285710867956115,comp_ew,total
202503,Q3,2.3468182364800168,comp_ew,total
202504,Q3,2.3947132103001363,comp_ew,total
202505,Q3,2.557444878862286,comp_ew,total
202506,Q3,2.3389651305273733,comp_ew,total
202507,Q3,2.0797557840009837,comp_ew,total
202508,Q3,1.73373749788525,comp_ew,total
202509,Q3,1.9443627035759383,comp_ew,total
202510,Q3,1.7549819032965117,comp_ew,total
202511,Q3,1.6937261884450088,comp_ew,total
202512,Q3,2.049027578112737,comp_ew,total
202601,Q3,2.1978734618687406,comp_ew,total
202602,Q3,2.350659997070096,comp_ew,total
202603,Q3,2.4922657093239255,comp_ew,total
202604,Q3,2.609897052291933,comp_ew,total
202605,Q3,2.9373332913001864,comp_ew,total
202606,Q3,2.989837262063926,comp_ew,total
202607,Q3,,comp_ew,total
200801,Q4,0.12951889699252495,comp_ew,total
200802,Q4,0.18229557211681113,comp_ew,total
200803,Q4,0.15661062240000878,comp_ew,total
200804,Q4,0.16722912698124337,comp_ew,total
200805,Q4,0.15631421711250337,comp_ew,total
200806,Q4,0.04902513907545947,comp_ew,total
200807,Q4,0.2096697106116454,comp_ew,total
200808,Q4,0.21607120115838185,comp_ew,total
200809,Q4,0.2635117051107647,comp_ew,total
200810,Q4,0.2185277860826631,comp_ew,total
200811,Q4,0.27177577937531217,comp_ew,total
200812,Q4,0.2850413466341377,comp_ew,total
200901,Q4,0.2934578062191957,comp_ew,total
200902,Q4,0.2551034146794142,comp_ew,total
200903,Q4,0.24551698348263717,comp_ew,total
200904,Q4,0.3174425239648888,comp_ew,total
200905,Q4,0.3045729277042566,comp_ew,total
200906,Q4,0.2064952926091086,comp_ew,total
200907,Q4,0.19247554016742585,comp_ew,total
200908,Q4,0.13678541741285133,comp_ew,total
200909,Q4,0.09267366006558864,comp_ew,total
200910,Q4,-0.020224985054744904,comp_ew,total
200911,Q4,-0.06553170811228004,comp_ew,total
200912,Q4,-0.03893360188788786,comp_ew,total
201001,Q4,-0.047170461836398614,comp_ew,total
201002,Q4,0.07420316432079321,comp_ew,total
201003,Q4,0.08236166123908939,comp_ew,total
201004,Q4,0.10998509912326049,comp_ew,total
201005,Q4,0.028530208851459404,comp_ew,total
201006,Q4,0.10703426856623888,comp_ew,total
201007,Q4,0.07705927800409906,comp_ew,total
201008,Q4,0.1685374339973449,comp_ew,total
201009,Q4,0.10158874387715566,comp_ew,total
201010,Q4,0.08793959523489292,comp_ew,total
201011,Q4,0.1438795960862338,comp_ew,total
201012,Q4,0.14961522589053278,comp_ew,total
201101,Q4,0.20224595498670328,comp_ew,total
201102,Q4,0.2561375297696329,comp_ew,total
201103,Q4,0.1458411934321051,comp_ew,total
201104,Q4,0.2234781303727713,comp_ew,total
201105,Q4,0.11276960292946625,comp_ew,total
201106,Q4,0.09783209099669365,comp_ew,total
201107,Q4,0.26178731472171846,comp_ew,total
201108,Q4,0.286962434295845,comp_ew,total
201109,Q4,0.15347131724989627,comp_ew,total
201110,Q4,0.12433230696361797,comp_ew,total
201111,Q4,0.0681051260200134,comp_ew,total
201112,Q4,0.16845873900656172,comp_ew,total
201201,Q4,0.10970587939175513,comp_ew,total
201202,Q4,0.07346538094236443,comp_ew,total
201203,Q4,0.007448771041620894,comp_ew,total
201204,Q4,0.06639046243311619,comp_ew,total
201205,Q4,0.11636401522800588,comp_ew,total
201206,Q4,0.08871968832141741,comp_ew,total
201207,Q4,0.09884839702123749,comp_ew,total
201208,Q4,0.11998469040504545,comp_ew,total
201209,Q4,0.006600121441204809,comp_ew,total
201210,Q4,-0.023419602347607316,comp_ew,total
201211,Q4,-0.007211317723558097,comp_ew,total
201212,Q4,-0.0804388452042828,comp_ew,total
201301,Q4,-0.08914608469685581,comp_ew,total
201302,Q4,-0.09787781882399815,comp_ew,total
201303,Q4,-0.16269443411082807,comp_ew,total
201304,Q4,-0.12510876348940847,comp_ew,total
201305,Q4,-0.1583967896490157,comp_ew,total
201306,Q4,-0.1795003055699418,comp_ew,total
201307,Q4,-0.10866417498454273,comp_ew,total
201308,Q4,-0.09546321604340091,comp_ew,total
201309,Q4,-0.21501611037814516,comp_ew,total
201310,Q4,-0.2571621445246207,comp_ew,total
201311,Q4,-0.27956057338328455,comp_ew,total
201312,Q4,-0.2744447191122109,comp_ew,total
201401,Q4,-0.22351943635654004,comp_ew,total
201402,Q4,-0.17760772785341283,comp_ew,total
201403,Q4,-0.08525709588518104,comp_ew,total
201404,Q4,-0.07012711562645968,comp_ew,total
201405,Q4,-0.02968449037994292,comp_ew,total
201406,Q4,-0.030924506780122707,comp_ew,total
201407,Q4,-0.1040369051364125,comp_ew,total
201408,Q4,0.005576460133723815,comp_ew,total
201409,Q4,-0.07742378600448452,comp_ew,total
201410,Q4,-0.039562450913663505,comp_ew,total
201411,Q4,-0.1421895136735838,comp_ew,total
201412,Q4,-0.1436823073992628,comp_ew,total
201501,Q4,-0.029715953580759513,comp_ew,total
201502,Q4,0.02626850510781331,comp_ew,total
201503,Q4,0.07404450187546074,comp_ew,total
201504,Q4,0.1050166496050362,comp_ew,total
201505,Q4,0.08167138002511454,comp_ew,total
201506,Q4,0.006547406256022681,comp_ew,total
201507,Q4,-0.038405564000920545,comp_ew,total
201508,Q4,-0.022531852833328814,comp_ew,total
201509,Q4,-0.003991688758672285,comp_ew,total
201510,Q4,0.011225487586149052,comp_ew,total
201511,Q4,0.09858935020894899,comp_ew,total
201512,Q4,0.154525799076491,comp_ew,total
201601,Q4,0.0639131237359063,comp_ew,total
201602,Q4,0.03971101037873015,comp_ew,total
201603,Q4,0.0968379715874974,comp_ew,total
201604,Q4,0.11467195827483612,comp_ew,total
201605,Q4,0.2801340148124123,comp_ew,total
201606,Q4,0.33274874830418355,comp_ew,total
201607,Q4,0.3301411323632022,comp_ew,total
201608,Q4,0.30668788633663113,comp_ew,total
201609,Q4,0.33620369352067914,comp_ew,total
201610,Q4,0.297609111580756,comp_ew,total
201611,Q4,0.4077333289545473,comp_ew,total
201612,Q4,0.5023992720832546,comp_ew,total
201701,Q4,0.5732287178111439,comp_ew,total
201702,Q4,0.7466006719164526,comp_ew,total
201703,Q4,0.7749505851461751,comp_ew,total
201704,Q4,0.9477932805915885,comp_ew,total
201705,Q4,0.9400478613049732,comp_ew,total
201706,Q4,1.0596086066282857,comp_ew,total
201707,Q4,1.2375817606230708,comp_ew,total
201708,Q4,1.1462341575979451,comp_ew,total
201709,Q4,1.1361874441076196,comp_ew,total
201710,Q4,1.0864268357799247,comp_ew,total
201711,Q4,1.2817838911672959,comp_ew,total
201712,Q4,1.0697268357714558,comp_ew,total
201801,Q4,1.2207744949580457,comp_ew,total
201802,Q4,1.1379869790588963,comp_ew,total
201803,Q4,1.434910808668246,comp_ew,total
201804,Q4,1.3638773386637806,comp_ew,total
201805,Q4,1.1212929841867219,comp_ew,total
201806,Q4,1.1421061782126674,comp_ew,total
201807,Q4,1.2749959688505363,comp_ew,total
201808,Q4,0.9349621904499914,comp_ew,total
201809,Q4,1.0226924590022084,comp_ew,total
201810,Q4,1.0463720334323567,comp_ew,total
201811,Q4,1.0598859811423798,comp_ew,total
201812,Q4,1.0828357645890625,comp_ew,total
201901,Q4,1.072984988173293,comp_ew,total
201902,Q4,1.1030323213904638,comp_ew,total
201903,Q4,1.3363832768420183,comp_ew,total
201904,Q4,1.465833077009588,comp_ew,total
201905,Q4,1.6938596559170795,comp_ew,total
201906,Q4,1.8508589057030203,comp_ew,total
201907,Q4,1.8602416781870978,comp_ew,total
201908,Q4,2.106164261006474,comp_ew,total
201909,Q4,2.213236700141751,comp_ew,total
201910,Q4,1.8826497980727077,comp_ew,total
201911,Q4,2.393641702547727,comp_ew,total
201912,Q4,2.792564898072664,comp_ew,total
202001,Q4,2.7722255138854717,comp_ew,total
202002,Q4,2.7420598380068593,comp_ew,total
202003,Q4,3.1602445177291294,comp_ew,total
202004,Q4,2.905753487560533,comp_ew,total
202005,Q4,2.7745523546921493,comp_ew,total
202006,Q4,3.0498039231226457,comp_ew,total
202007,Q4,3.4654551220812824,comp_ew,total
202008,Q4,3.635977011461641,comp_ew,total
202009,Q4,3.3274807513374975,comp_ew,total
202010,Q4,3.0599522091825255,comp_ew,total
202011,Q4,2.734230329805652,comp_ew,total
202012,Q4,2.5324858698063144,comp_ew,total
202101,Q4,2.2049423117797886,comp_ew,total
202102,Q4,2.483024832899333,comp_ew,total
202103,Q4,2.70148617050255,comp_ew,total
202104,Q4,2.747926225069592,comp_ew,total
202105,Q4,2.5039880763457996,comp_ew,total
202106,Q4,2.3496868641548905,comp_ew,total
202107,Q4,2.5006276501397484,comp_ew,total
202108,Q4,2.6939680468750904,comp_ew,total
202109,Q4,2.478474562954591,comp_ew,total
202110,Q4,2.779659557911107,comp_ew,total
202111,Q4,2.5936012998782254,comp_ew,total
202112,Q4,2.785015056591855,comp_ew,total
202201,Q4,2.595073730935059,comp_ew,total
202202,Q4,2.7880133920446983,comp_ew,total
202203,Q4,2.777939691782009,comp_ew,total
202204,Q4,2.9495476516900383,comp_ew,total
202205,Q4,2.6542641168853387,comp_ew,total
202206,Q4,2.414236985373309,comp_ew,total
202207,Q4,2.2558494495810577,comp_ew,total
202208,Q4,2.3540549307347174,comp_ew,total
202209,Q4,2.425249798453658,comp_ew,total
202210,Q4,2.5162846647478476,comp_ew,total
202211,Q4,2.6241295500522983,comp_ew,total
202212,Q4,2.6424813476235522,comp_ew,total
202301,Q4,3.0203991220204847,comp_ew,total
202302,Q4,2.7673583417394956,comp_ew,total
202303,Q4,2.8457798272550656,comp_ew,total
202304,Q4,3.030304425078091,comp_ew,total
202305,Q4,2.981086615015515,comp_ew,total
202306,Q4,2.939832652252963,comp_ew,total
202307,Q4,2.7020902498690686,comp_ew,total
202308,Q4,3.0690242523442004,comp_ew,total
202309,Q4,3.5018371752989568,comp_ew,total
202310,Q4,3.5091757659173233,comp_ew,total
202311,Q4,3.507265944492386,comp_ew,total
202312,Q4,3.578011506067506,comp_ew,total
202401,Q4,3.8535045857952026,comp_ew,total
202402,Q4,4.2043422776779,comp_ew,total
202403,Q4,3.6929559370376133,comp_ew,total
202404,Q4,3.393444628216441,comp_ew,total
202405,Q4,3.269096135141222,comp_ew,total
202406,Q4,3.608877307934284,comp_ew,total
202407,Q4,4.125854692001362,comp_ew,total
202408,Q4,4.463542544234057,comp_ew,total
202409,Q4,4.705540216709339,comp_ew,total
202410,Q4,4.971552864892676,comp_ew,total
202411,Q4,5.174505620555285,comp_ew,total
202412,Q4,5.772686755612601,comp_ew,total
202501,Q4,5.251284122174394,comp_ew,total
202502,Q4,6.090332497753672,comp_ew,total
202503,Q4,6.304566194097544,comp_ew,total
202504,Q4,6.458822270823759,comp_ew,total
202505,Q4,6.759176328839238,comp_ew,total
202506,Q4,6.158987959154487,comp_ew,total
202507,Q4,5.629140199650931,comp_ew,total
202508,Q4,4.788884516664495,comp_ew,total
202509,Q4,5.284796500136978,comp_ew,total
202510,Q4,4.855110096015761,comp_ew,total
202511,Q4,4.771049282711809,comp_ew,total
202512,Q4,5.538746343443941,comp_ew,total
202601,Q4,5.780015480292103,comp_ew,total
202602,Q4,6.147961373823558,comp_ew,total
202603,Q4,6.522291375999583,comp_ew,total
202604,Q4,6.871132958474485,comp_ew,total
202605,Q4,7.568932226493082,comp_ew,total
202606,Q4,7.613680440343206,comp_ew,total
202607,Q4,,comp_ew,total
200801,Q5,0.13310232956783397,comp_ew,total
200802,Q5,0.19630389683048088,comp_ew,total
200803,Q5,0.1879040161738943,comp_ew,total
200804,Q5,0.19066629080365893,comp_ew,total
200805,Q5,0.17459033042594996,comp_ew,total
200806,Q5,0.07499638786992424,comp_ew,total
200807,Q5,0.23626896295099487,comp_ew,total
200808,Q5,0.2445745560297914,comp_ew,total
200809,Q5,0.3272951008338887,comp_ew,total
200810,Q5,0.28360137350610093,comp_ew,total
200811,Q5,0.352703416024188,comp_ew,total
200812,Q5,0.3776851912040984,comp_ew,total
200901,Q5,0.4097564322822278,comp_ew,total
200902,Q5,0.37957347609148107,comp_ew,total
200903,Q5,0.3626937711489684,comp_ew,total
200904,Q5,0.4525271554587196,comp_ew,total
200905,Q5,0.44792229435280495,comp_ew,total
200906,Q5,0.3512906236222353,comp_ew,total
200907,Q5,0.33794895728775187,comp_ew,total
200908,Q5,0.28984819635035297,comp_ew,total
200909,Q5,0.25190849666047366,comp_ew,total
200910,Q5,0.11681181798969753,comp_ew,total
200911,Q5,0.07684493392612524,comp_ew,total
200912,Q5,0.11355026583622396,comp_ew,total
201001,Q5,0.11604061833292034,comp_ew,total
201002,Q5,0.26316060722262735,comp_ew,total
201003,Q5,0.2746325528091398,comp_ew,total
201004,Q5,0.3142302356261799,comp_ew,total
201005,Q5,0.2355060759509502,comp_ew,total
201006,Q5,0.31916632552516,comp_ew,total
201007,Q5,0.28182645752742297,comp_ew,total
201008,Q5,0.3900857916556646,comp_ew,total
201009,Q5,0.30503879567727177,comp_ew,total
201010,Q5,0.28771962154539366,comp_ew,total
201011,Q5,0.3672068416014349,comp_ew,total
201012,Q5,0.39962094012942884,comp_ew,total
201101,Q5,0.47770340106191633,comp_ew,total
201102,Q5,0.5746327479728985,comp_ew,total
201103,Q5,0.42882297046788365,comp_ew,total
201104,Q5,0.5306600024573367,comp_ew,total
201105,Q5,0.38806190421927966,comp_ew,total
201106,Q5,0.3754452256163767,comp_ew,total
201107,Q5,0.5667579886479237,comp_ew,total
201108,Q5,0.6202264778123932,comp_ew,total
201109,Q5,0.4637819954807587,comp_ew,total
201110,Q5,0.4118426466162879,comp_ew,total
201111,Q5,0.33993218856298135,comp_ew,total
201112,Q5,0.4605046028903308,comp_ew,total
201201,Q5,0.41206022753991434,comp_ew,total
201202,Q5,0.36145318599365917,comp_ew,total
201203,Q5,0.28675529279784984,comp_ew,total
201204,Q5,0.37080798038946483,comp_ew,total
201205,Q5,0.44139317185828,comp_ew,total
201206,Q5,0.41715294761134625,comp_ew,total
201207,Q5,0.4425944402929072,comp_ew,total
201208,Q5,0.47683859330687994,comp_ew,total
201209,Q5,0.339169513604481,comp_ew,total
201210,Q5,0.30783004804588243,comp_ew,total
201211,Q5,0.3275540401210142,comp_ew,total
201212,Q5,0.2391969528829887,comp_ew,total
201301,Q5,0.22157478968833622,comp_ew,total
201302,Q5,0.20831761931363357,comp_ew,total
201303,Q5,0.11202864601962292,comp_ew,total
201304,Q5,0.1722041649552859,comp_ew,total
201305,Q5,0.13623238006212457,comp_ew,total
201306,Q5,0.10545284350633133,comp_ew,total
201307,Q5,0.21013628696071374,comp_ew,total
201308,Q5,0.2199298079754668,comp_ew,total
201309,Q5,0.06785173611493267,comp_ew,total
201310,Q5,0.01533016152176403,comp_ew,total
201311,Q5,-0.017700879367734013,comp_ew,total
201312,Q5,-0.03003797615974646,comp_ew,total
201401,Q5,0.055272672055975525,comp_ew,total
201402,Q5,0.12352928867638324,comp_ew,total
201403,Q5,0.26098361523610114,comp_ew,total
201404,Q5,0.27748420445884725,comp_ew,total
201405,Q5,0.33744965616350586,comp_ew,total
201406,Q5,0.33524833195626025,comp_ew,total
201407,Q5,0.2594015594142194,comp_ew,total
201408,Q5,0.42800052485402684,comp_ew,total
201409,Q5,0.29724708593656657,comp_ew,total
201410,Q5,0.3580246545300012,comp_ew,total
201411,Q5,0.20966312168692114,comp_ew,total
201412,Q5,0.21523471834479002,comp_ew,total
201501,Q5,0.39936597776015237,comp_ew,total
201502,Q5,0.4926712860713487,comp_ew,total
201503,Q5,0.5927679622937174,comp_ew,total
201504,Q5,0.6528447802988746,comp_ew,total
201505,Q5,0.6456449325849387,comp_ew,total
201506,Q5,0.5450883949999765,comp_ew,total
201507,Q5,0.497272008412573,comp_ew,total
201508,Q5,0.537132128663419,comp_ew,total
201509,Q5,0.5897791666161805,comp_ew,total
201510,Q5,0.6435723719720263,comp_ew,total
201511,Q5,0.8059949441608527,comp_ew,total
201512,Q5,0.8895828501300767,comp_ew,total
201601,Q5,0.7508202063172604,comp_ew,total
201602,Q5,0.7226227113844366,comp_ew,total
201603,Q5,0.8344356799002062,comp_ew,total
201604,Q5,0.8564034706008923,comp_ew,total
201605,Q5,1.1776465227992157,comp_ew,total
201606,Q5,1.2628656278945822,comp_ew,total
201607,Q5,1.2957175586424068,comp_ew,total
201608,Q5,1.2869495071711037,comp_ew,total
201609,Q5,1.3548457565462066,comp_ew,total
201610,Q5,1.3089878278553662,comp_ew,total
201611,Q5,1.550643021271834,comp_ew,total
201612,Q5,1.720792631122201,comp_ew,total
201701,Q5,1.8690200677958928,comp_ew,total
201702,Q5,2.1897567439725707,comp_ew,total
201703,Q5,2.3020527433656843,comp_ew,total
201704,Q5,2.634750014012058,comp_ew,total
201705,Q5,2.6274091569677407,comp_ew,total
201706,Q5,2.818169049388454,comp_ew,total
201707,Q5,3.1682819187968194,comp_ew,total
201708,Q5,3.041840996094101,comp_ew,total
201709,Q5,3.069802546944345,comp_ew,total
201710,Q5,3.075251864098668,comp_ew,total
201711,Q5,3.4747321009205283,comp_ew,total
201712,Q5,3.095416891079548,comp_ew,total
201801,Q5,3.4721558353508044,comp_ew,total
201802,Q5,3.3345836015821604,comp_ew,total
201803,Q5,4.000061864789865,comp_ew,total
201804,Q5,3.929884962058022,comp_ew,total
201805,Q5,3.402498266334387,comp_ew,total
201806,Q5,3.541620029591053,comp_ew,total
201807,Q5,3.817217786381578,comp_ew,total
201808,Q5,3.122017480657896,comp_ew,total
201809,Q5,3.370950101610153,comp_ew,total
201810,Q5,3.3792145675154623,comp_ew,total
201811,Q5,3.4552029814820164,comp_ew,total
201812,Q5,3.5681565546200398,comp_ew,total
201901,Q5,3.5043036582272533,comp_ew,total
201902,Q5,3.586928816996611,comp_ew,total
201903,Q5,4.010413062539562,comp_ew,total
201904,Q5,4.3308590750318094,comp_ew,total
201905,Q5,4.85788006841623,comp_ew,total
201906,Q5,5.191612609503179,comp_ew,total
201907,Q5,5.2227273769167315,comp_ew,total
201908,Q5,5.7464926183082135,comp_ew,total
201909,Q5,6.009161141658902,comp_ew,total
201910,Q5,5.326741866958181,comp_ew,total
201911,Q5,6.443664618689469,comp_ew,total
201912,Q5,7.401476012173532,comp_ew,total
202001,Q5,7.419879794536204,comp_ew,total
202002,Q5,7.453915281585823,comp_ew,total
202003,Q5,8.42947093918643,comp_ew,total
202004,Q5,7.7790887080529245,comp_ew,total
202005,Q5,7.4443841714324,comp_ew,total
202006,Q5,8.129121671689278,comp_ew,total
202007,Q5,9.11741922266618,comp_ew,total
202008,Q5,9.420314108752093,comp_ew,total
202009,Q5,8.741379638560772,comp_ew,total
202010,Q5,8.089374820577733,comp_ew,total
202011,Q5,7.499083639190385,comp_ew,total
202012,Q5,7.013128709428031,comp_ew,total
202101,Q5,6.338534148044108,comp_ew,total
202102,Q5,6.954383046365863,comp_ew,total
202103,Q5,7.4716007876959125,comp_ew,total
202104,Q5,7.74756542978762,comp_ew,total
202105,Q5,7.311955246353529,comp_ew,total
202106,Q5,6.930873975356135,comp_ew,total
202107,Q5,7.2780716798892175,comp_ew,total
202108,Q5,7.914438656418458,comp_ew,total
202109,Q5,7.5671112548511505,comp_ew,total
202110,Q5,8.26769782003441,comp_ew,total
202111,Q5,7.966074738479801,comp_ew,total
202112,Q5,8.28953883011996,comp_ew,total
202201,Q5,7.967488626794623,comp_ew,total
202202,Q5,8.42434701366864,comp_ew,total
202203,Q5,8.570143734352337,comp_ew,total
202204,Q5,9.046613805306151,comp_ew,total
202205,Q5,8.200475229886132,comp_ew,total
202206,Q5,7.480311600588292,comp_ew,total
202207,Q5,7.076050544268247,comp_ew,total
202208,Q5,7.237816435554507,comp_ew,total
202209,Q5,7.467859651574603,comp_ew,total
202210,Q5,7.5132149360712965,comp_ew,total
202211,Q5,8.037370172894315,comp_ew,total
202212,Q5,8.046408073711751,comp_ew,total
202301,Q5,9.029214652847752,comp_ew,total
202302,Q5,8.38179500396648,comp_ew,total
202303,Q5,8.719901109955588,comp_ew,total
202304,Q5,9.198766156889482,comp_ew,total
202305,Q5,9.054821944155934,comp_ew,total
202306,Q5,8.95268874683445,comp_ew,total
202307,Q5,8.377922003421673,comp_ew,total
202308,Q5,9.236665618759384,comp_ew,total
202309,Q5,10.236431904869834,comp_ew,total
202310,Q5,10.257790251255832,comp_ew,total
202311,Q5,10.500547128445872,comp_ew,total
202312,Q5,10.895761296424507,comp_ew,total
202401,Q5,11.662198061596435,comp_ew,total
202402,Q5,12.610590436046609,comp_ew,total
202403,Q5,11.276597410574306,comp_ew,total
202404,Q5,10.495754682376633,comp_ew,total
202405,Q5,10.347472566956162,comp_ew,total
202406,Q5,11.434239593376649,comp_ew,total
202407,Q5,12.918826954713769,comp_ew,total
202408,Q5,13.986032455010333,comp_ew,total
202409,Q5,14.782948541190915,comp_ew,total
202410,Q5,15.793783594119429,comp_ew,total
202411,Q5,16.369231064531014,comp_ew,total
202412,Q5,18.088860002341423,comp_ew,total
202501,Q5,16.910508569499374,comp_ew,total
202502,Q5,19.02283709295389,comp_ew,total
202503,Q5,19.869156402526933,comp_ew,total
202504,Q5,20.36975619555137,comp_ew,total
202505,Q5,21.4091956717534,comp_ew,total
202506,Q5,20.012235667293194,comp_ew,total
202507,Q5,18.651355097433417,comp_ew,total
202508,Q5,16.33326138349062,comp_ew,total
202509,Q5,17.784511463237184,comp_ew,total
202510,Q5,16.635064579404315,comp_ew,total
202511,Q5,16.455207329392902,comp_ew,total
202512,Q5,19.143455802323793,comp_ew,total
202601,Q5,20.278355138442056,comp_ew,total
202602,Q5,21.258480417284336,comp_ew,total
202603,Q5,22.471867314877887,comp_ew,total
202604,Q5,23.703942958991636,comp_ew,total
202605,Q5,26.019195694094652,comp_ew,total
202606,Q5,26.329712024143767,comp_ew,total
202607,Q5,,comp_ew,total
200801,spread,0.03318934939972906,comp_ew,total
200802,spread,0.06233307086963502,comp_ew,total
200803,spread,0.08846909250948931,comp_ew,total
200804,spread,0.10406401367091211,comp_ew,total
200805,spread,0.11624675116799876,comp_ew,total
200806,spread,0.14035774417544844,comp_ew,total
200807,spread,0.15971593440261667,comp_ew,total
200808,spread,0.16855712946843382,comp_ew,total
200809,spread,0.1791520818744139,comp_ew,total
200810,spread,0.19608405284463726,comp_ew,total
200811,spread,0.22716265652781975,comp_ew,total
200812,spread,0.26993186061226493,comp_ew,total
200901,spread,0.2878950274933585,comp_ew,total
200902,spread,0.3135496013629433,comp_ew,total
200903,spread,0.3295654041738063,comp_ew,total
200904,spread,0.33728575546409156,comp_ew,total
200905,spread,0.34446858556215343,comp_ew,total
200906,spread,0.3640020574621181,comp_ew,total
200907,spread,0.3790758595632888,comp_ew,total
200908,spread,0.41915266129000783,comp_ew,total
200909,spread,0.4485355497141186,comp_ew,total
200910,spread,0.46631870130078945,comp_ew,total
200911,spread,0.5048978303513747,comp_ew,total
200912,spread,0.5453708095767464,comp_ew,total
201001,spread,0.5716842432334768,comp_ew,total
201002,spread,0.5791802693813872,comp_ew,total
201003,spread,0.5926607489532498,comp_ew,total
201004,spread,0.6194867917728175,comp_ew,total
201005,spread,0.6610325338164715,comp_ew,total
201006,spread,0.6785894982386551,comp_ew,total
201007,spread,0.6873341989904906,comp_ew,total
201008,spread,0.7042350708743954,comp_ew,total
201009,spread,0.7461941273698218,comp_ew,total
201010,spread,0.7885286716157482,comp_ew,total
201011,spread,0.8273127858241001,comp_ew,total
201012,spread,0.86704622294916,comp_ew,total
201101,spread,0.9278044001451788,comp_ew,total
201102,spread,0.9856664812483498,comp_ew,total
201103,spread,1.0254515016923853,comp_ew,total
201104,spread,1.0718297565594703,comp_ew,total
201105,spread,1.0986359185580605,comp_ew,total
201106,spread,1.118533280860813,comp_ew,total
201107,spread,1.1277912222899884,comp_ew,total
201108,spread,1.1655045856315467,comp_ew,total
201109,spread,1.2262800198752148,comp_ew,total
201110,spread,1.2254174796528527,comp_ew,total
201111,spread,1.2657018561678588,comp_ew,total
201112,spread,1.2984239407607312,comp_ew,total
201201,spread,1.3429342933034798,comp_ew,total
201202,spread,1.39205374245787,comp_ew,total
201203,spread,1.447830210308354,comp_ew,total
201204,spread,1.4598698624391138,comp_ew,total
201205,spread,1.4807693856419766,comp_ew,total
201206,spread,1.527147523013415,comp_ew,total
201207,spread,1.6489420323921258,comp_ew,total
201208,spread,1.698027378867026,comp_ew,total
201209,spread,1.7541212225236293,comp_ew,total
201210,spread,1.7926547689937733,comp_ew,total
201211,spread,1.8335717314966775,comp_ew,total
201212,spread,1.8644702786153808,comp_ew,total
201301,spread,1.8695926751949195,comp_ew,total
201302,spread,1.8883171452194434,comp_ew,total
201303,spread,1.9008435307903988,comp_ew,total
201304,spread,1.9602078301379247,comp_ew,total
201305,spread,2.0449467591079906,comp_ew,total
201306,spread,2.087204873680465,comp_ew,total
201307,spread,2.1495661703419477,comp_ew,total
201308,spread,2.186815511770397,comp_ew,total
201309,spread,2.2557956641114725,comp_ew,total
201310,spread,2.331621186133238,comp_ew,total
201311,spread,2.3596898775968937,comp_ew,total
201312,spread,2.384519448803081,comp_ew,total
201401,spread,2.52795498390555,comp_ew,total
201402,spread,2.5761454669860084,comp_ew,total
201403,spread,2.700240978370626,comp_ew,total
201404,spread,2.751907675231833,comp_ew,total
201405,spread,2.7491491496160423,comp_ew,total
201406,spread,2.771526094275965,comp_ew,total
201407,spread,2.8728759089533233,comp_ew,total
201408,spread,3.030151810658679,comp_ew,total
201409,spread,3.054075315234349,comp_ew,total
201410,spread,3.113732636251229,comp_ew,total
201411,spread,3.1735098912024897,comp_ew,total
201412,spread,3.2570914311467503,comp_ew,total
201501,spread,3.293820297468921,comp_ew,total
201502,spread,3.3801957264151783,comp_ew,total
201503,spread,3.4948052045204667,comp_ew,total
201504,spread,3.6024335390736297,comp_ew,total
201505,spread,3.65381571589581,comp_ew,total
201506,spread,3.7338342163327463,comp_ew,total
201507,spread,3.8477650935358625,comp_ew,total
201508,spread,3.9697326404543825,comp_ew,total
201509,spread,4.071300247480506,comp_ew,total
201510,spread,4.176307522850097,comp_ew,total
201511,spread,4.342915447209953,comp_ew,total
201512,spread,4.365150004872254,comp_ew,total
201601,spread,4.488185335092816,comp_ew,total
201602,spread,4.556360326557581,comp_ew,total
201603,spread,4.716294974302977,comp_ew,total
201604,spread,4.751112414307996,comp_ew,total
201605,spread,4.939017636701508,comp_ew,total
201606,spread,4.9847332848839425,comp_ew,total
201607,spread,5.059770452630514,comp_ew,total
201608,spread,5.292924338219354,comp_ew,total
201609,spread,5.420992412640013,comp_ew,total
201610,spread,5.587209888396443,comp_ew,total
201611,spread,5.768317450972442,comp_ew,total
201612,spread,5.880688274188311,comp_ew,total
201701,spread,6.039838422515374,comp_ew,total
201702,spread,6.174458273964915,comp_ew,total
201703,spread,6.405858356459349,comp_ew,total
201704,spread,6.519391766155653,comp_ew,total
201705,spread,6.579877291614773,comp_ew,total
201706,spread,6.596464323550171,comp_ew,total
201707,spread,6.740416645299487,comp_ew,total
201708,spread,6.816758430688093,comp_ew,total
201709,spread,6.998410540115005,comp_ew,total
201710,spread,7.160870421500185,comp_ew,total
201711,spread,7.340717852480649,comp_ew,total
201712,spread,7.47955051139942,comp_ew,total
201801,spread,7.677982082955749,comp_ew,total
201802,spread,7.878022125895084,comp_ew,total
201803,spread,8.108577974797848,comp_ew,total
201804,spread,8.23423505853024,comp_ew,total
201805,spread,8.556429728161524,comp_ew,total
201806,spread,8.825455704017383,comp_ew,total
201807,spread,8.998588868368257,comp_ew,total
201808,spread,9.248031532464786,comp_ew,total
201809,spread,9.446527712346453,comp_ew,total
201810,spread,9.457258523152593,comp_ew,total
201811,spread,9.74541283065657,comp_ew,total
201812,spread,10.047379879980088,comp_ew,total
201901,spread,10.223565626755736,comp_ew,total
201902,spread,10.42520841674906,comp_ew,total
201903,spread,10.407027781443192,comp_ew,total
201904,spread,10.354161316958104,comp_ew,total
201905,spread,10.645915267682806,comp_ew,total
201906,spread,10.916537316368593,comp_ew,total
201907,spread,11.01333416220203,comp_ew,total
201908,spread,11.181101542341509,comp_ew,total
201909,spread,11.489225904152605,comp_ew,total
201910,spread,11.73620300569092,comp_ew,total
201911,spread,12.1003810485384,comp_ew,total
201912,spread,12.298532689566867,comp_ew,total
202001,spread,12.334216137895195,comp_ew,total
202002,spread,12.801905343038644,comp_ew,total
202003,spread,12.762043274997994,comp_ew,total
202004,spread,12.798876988821766,comp_ew,total
202005,spread,13.030368334768982,comp_ew,total
202006,spread,13.250842550494122,comp_ew,total
202007,spread,13.480665623911001,comp_ew,total
202008,spread,13.473891202225218,comp_ew,total
202009,spread,13.636234875672196,comp_ew,total
202010,spread,13.766724038335022,comp_ew,total
202011,spread,14.130204903713798,comp_ew,total
202012,spread,14.453216871239286,comp_ew,total
202101,spread,14.700004459018619,comp_ew,total
202102,spread,14.979161089431571,comp_ew,total
202103,spread,15.18982822623877,comp_ew,total
202104,spread,15.539460291916125,comp_ew,total
202105,spread,15.933535830664091,comp_ew,total
202106,spread,16.180252095908944,comp_ew,total
202107,spread,16.52374268169869,comp_ew,total
202108,spread,16.745116531862557,comp_ew,total
202109,spread,17.1298120185134,comp_ew,total
202110,spread,17.528000294863187,comp_ew,total
202111,spread,17.988660618249224,comp_ew,total
202112,spread,18.145466392323293,comp_ew,total
202201,spread,18.666948940468732,comp_ew,total
202202,spread,18.873015980929534,comp_ew,total
202203,spread,19.542737930821726,comp_ew,total
202204,spread,20.052555058116365,comp_ew,total
202205,spread,19.91636035710725,comp_ew,total
202206,spread,20.07954914039668,comp_ew,total
202207,spread,20.505282246376602,comp_ew,total
202208,spread,20.675582829280955,comp_ew,total
202209,spread,20.72279654315737,comp_ew,total
202210,spread,20.852428915579818,comp_ew,total
202211,spread,21.69303879333245,comp_ew,total
202212,spread,21.95060768575895,comp_ew,total
202301,spread,22.535768830198666,comp_ew,total
202302,spread,22.962001804699245,comp_ew,total
202303,spread,23.29369499761292,comp_ew,total
202304,spread,23.78365886844392,comp_ew,total
202305,spread,24.291503993279353,comp_ew,total
202306,spread,24.700881063222727,comp_ew,total
202307,spread,25.077021344597405,comp_ew,total
202308,spread,25.231964873598244,comp_ew,total
202309,spread,25.469340365391464,comp_ew,total
202310,spread,26.092582161875388,comp_ew,total
202311,spread,26.745182430041474,comp_ew,total
202312,spread,27.078358911755235,comp_ew,total
202401,spread,26.98216011767917,comp_ew,total
202402,spread,27.1592443389269,comp_ew,total
202403,spread,27.466679916412428,comp_ew,total
202404,spread,28.13411283304443,comp_ew,total
202405,spread,28.738246649383115,comp_ew,total
202406,spread,29.079947560662728,comp_ew,total
202407,spread,29.85825453981465,comp_ew,total
202408,spread,30.171108500679384,comp_ew,total
202409,spread,30.723368284544218,comp_ew,total
202410,spread,31.433496925559602,comp_ew,total
202411,spread,32.1512169833819,comp_ew,total
202412,spread,32.421563925085174,comp_ew,total
202501,spread,32.99011104185054,comp_ew,total
202502,spread,33.515695034564544,comp_ew,total
202503,spread,34.78416511118789,comp_ew,total
202504,spread,34.672212817255314,comp_ew,total
202505,spread,34.89582739020768,comp_ew,total
202506,spread,35.63261366994479,comp_ew,total
202507,spread,36.01457983980739,comp_ew,total
202508,spread,36.03332543127592,comp_ew,total
202509,spread,36.32876003314313,comp_ew,total
202510,spread,37.14575019047268,comp_ew,total
202511,spread,38.16421619352451,comp_ew,total
202512,spread,38.79542754788097,comp_ew,total
202601,spread,39.23156410352714,comp_ew,total
202602,spread,39.57483771094152,comp_ew,total
202603,spread,40.141062644805466,comp_ew,total
202604,spread,41.148010120898945,comp_ew,total
202605,spread,41.79561752925864,comp_ew,total
202606,spread,42.26862621433862,comp_ew,total
202607,spread,,comp_ew,total
200801,Q1,-0.0164166599441379,comp_ew,specific
200802,Q1,-0.028584960584126264,comp_ew,specific
200803,Q1,-0.03759958392566533,comp_ew,specific
200804,Q1,-0.05519312345224964,comp_ew,specific
200805,Q1,-0.054310573364857374,comp_ew,specific
200806,Q1,-0.06616917303692146,comp_ew,specific
200807,Q1,-0.07441113821528347,comp_ew,specific
200808,Q1,-0.0736253615492576,comp_ew,specific
200809,Q1,-0.07292613519726635,comp_ew,specific
200810,Q1,-0.08305796342031407,comp_ew,specific
200811,Q1,-0.09688999066177187,comp_ew,specific
200812,Q1,-0.11702443738784041,comp_ew,specific
200901,Q1,-0.12433275708476112,comp_ew,specific
200902,Q1,-0.13094562265173465,comp_ew,specific
200903,Q1,-0.13997017319705982,comp_ew,specific
200904,Q1,-0.1408512266726848,comp_ew,specific
200905,Q1,-0.14168527219106014,comp_ew,specific
200906,Q1,-0.14449382637376126,comp_ew,specific
200907,Q1,-0.14632794280829217,comp_ew,specific
200908,Q1,-0.15773003010104636,comp_ew,specific
200909,Q1,-0.17288999021673462,comp_ew,specific
200910,Q1,-0.1843480726945075,comp_ew,specific
200911,Q1,-0.19789540705513553,comp_ew,specific
200912,Q1,-0.20816586141630364,comp_ew,specific
201001,Q1,-0.21671894203911207,comp_ew,specific
201002,Q1,-0.2124308211998815,comp_ew,specific
201003,Q1,-0.2164158816818838,comp_ew,specific
201004,Q1,-0.22140343936197762,comp_ew,specific
201005,Q1,-0.2291712781696969,comp_ew,specific
201006,Q1,-0.23928068469329355,comp_ew,specific
201007,Q1,-0.2473575293185138,comp_ew,specific
201008,Q1,-0.257009786657277,comp_ew,specific
201009,Q1,-0.266689464014829,comp_ew,specific
201010,Q1,-0.2804906127973604,comp_ew,specific
201011,Q1,-0.2899281759789708,comp_ew,specific
201012,Q1,-0.29604061201614634,comp_ew,specific
201101,Q1,-0.3127386028718745,comp_ew,specific
201102,Q1,-0.31727252096840847,comp_ew,specific
201103,Q1,-0.33402940131521247,comp_ew,specific
201104,Q1,-0.3431718439522396,comp_ew,specific
201105,Q1,-0.35123324370938885,comp_ew,specific
201106,Q1,-0.35370307391285766,comp_ew,specific
201107,Q1,-0.3579869894437765,comp_ew,specific
201108,Q1,-0.3626475317727151,comp_ew,specific
201109,Q1,-0.37544475696283114,comp_ew,specific
201110,Q1,-0.37695085947104906,comp_ew,specific
201111,Q1,-0.39123066751215585,comp_ew,specific
201112,Q1,-0.3989911441092497,comp_ew,specific
201201,Q1,-0.40501939353790584,comp_ew,specific
201202,Q1,-0.4139915428072563,comp_ew,specific
201203,Q1,-0.43326961414799203,comp_ew,specific
201204,Q1,-0.42974814054866806,comp_ew,specific
201205,Q1,-0.43265724251393634,comp_ew,specific
201206,Q1,-0.4510858039346587,comp_ew,specific
201207,Q1,-0.48617747371962394,comp_ew,specific
201208,Q1,-0.4947646647912008,comp_ew,specific
201209,Q1,-0.5064962638955751,comp_ew,specific
201210,Q1,-0.5067584967600784,comp_ew,specific
201211,Q1,-0.5156566344300856,comp_ew,specific
201212,Q1,-0.5189965437546247,comp_ew,specific
201301,Q1,-0.5195605881176417,comp_ew,specific
201302,Q1,-0.524574539123728,comp_ew,specific
201303,Q1,-0.5241513388480238,comp_ew,specific
201304,Q1,-0.5351076548777814,comp_ew,specific
201305,Q1,-0.5464547317050495,comp_ew,specific
201306,Q1,-0.5525115471806721,comp_ew,specific
201307,Q1,-0.564377280981659,comp_ew,specific
201308,Q1,-0.5710058531682531,comp_ew,specific
201309,Q1,-0.5799988085744295,comp_ew,specific
201310,Q1,-0.5851534653316258,comp_ew,specific
201311,Q1,-0.5925801747340066,comp_ew,specific
201312,Q1,-0.5987112174901635,comp_ew,specific
201401,Q1,-0.6180482744990087,comp_ew,specific
201402,Q1,-0.6258250922620106,comp_ew,specific
201403,Q1,-0.6430862524868479,comp_ew,specific
201404,Q1,-0.6493145544573534,comp_ew,specific
201405,Q1,-0.6427631394165082,comp_ew,specific
201406,Q1,-0.6477149987712618,comp_ew,specific
201407,Q1,-0.65676225829547,comp_ew,specific
201408,Q1,-0.6730844341914122,comp_ew,specific
201409,Q1,-0.683174534848339,comp_ew,specific
201410,Q1,-0.6862149678407907,comp_ew,specific
201411,Q1,-0.695997977335547,comp_ew,specific
201412,Q1,-0.706810283866997,comp_ew,specific
201501,Q1,-0.700582059593467,comp_ew,specific
201502,Q1,-0.7119415938936354,comp_ew,specific
201503,Q1,-0.7162447058023563,comp_ew,specific
201504,Q1,-0.7280250995796514,comp_ew,specific
201505,Q1,-0.7239932030887779,comp_ew,specific
201506,Q1,-0.7384396096813893,comp_ew,specific
201507,Q1,-0.7501034515475826,comp_ew,specific
201508,Q1,-0.7676430390787656,comp_ew,specific
201509,Q1,-0.7832372807259735,comp_ew,specific
201510,Q1,-0.7896157889116574,comp_ew,specific
201511,Q1,-0.8035534007049486,comp_ew,specific
201512,Q1,-0.8071219679091621,comp_ew,specific
201601,Q1,-0.8156436924523903,comp_ew,specific
201602,Q1,-0.8254485420541655,comp_ew,specific
201603,Q1,-0.8394516807009691,comp_ew,specific
201604,Q1,-0.8451734147840231,comp_ew,specific
201605,Q1,-0.8603067704608868,comp_ew,specific
201606,Q1,-0.8712776568012479,comp_ew,specific
201607,Q1,-0.8742139849106398,comp_ew,specific
201608,Q1,-0.8881561539451549,comp_ew,specific
201609,Q1,-0.8951442750393462,comp_ew,specific
201610,Q1,-0.9070995619644645,comp_ew,specific
201611,Q1,-0.9182357996348582,comp_ew,specific
201612,Q1,-0.9302527899227554,comp_ew,specific
201701,Q1,-0.9368654440227888,comp_ew,specific
201702,Q1,-0.9479609026377459,comp_ew,specific
201703,Q1,-0.9589986262338934,comp_ew,specific
201704,Q1,-0.9677033146051766,comp_ew,specific
201705,Q1,-0.9694579084022109,comp_ew,specific
201706,Q1,-0.9686812639516178,comp_ew,specific
201707,Q1,-0.9755484698418537,comp_ew,specific
201708,Q1,-0.9810386775481547,comp_ew,specific
201709,Q1,-0.9944442321308278,comp_ew,specific
201710,Q1,-1.0048749480692718,comp_ew,specific
201711,Q1,-1.0175154206203578,comp_ew,specific
201712,Q1,-1.021901311619715,comp_ew,specific
201801,Q1,-1.0243856130104294,comp_ew,specific
201802,Q1,-1.0316492208776067,comp_ew,specific
201803,Q1,-1.0322552593358076,comp_ew,specific
201804,Q1,-1.0371259898209244,comp_ew,specific
201805,Q1,-1.063398767945545,comp_ew,specific
201806,Q1,-1.0732824136479215,comp_ew,specific
201807,Q1,-1.0759551329369577,comp_ew,specific
201808,Q1,-1.0964048533971926,comp_ew,specific
201809,Q1,-1.0972176730833723,comp_ew,specific
201810,Q1,-1.09815916099716,comp_ew,specific
201811,Q1,-1.1117377341889738,comp_ew,specific
201812,Q1,-1.1285238260774024,comp_ew,specific
201901,Q1,-1.1446678472731906,comp_ew,specific
201902,Q1,-1.1517152618510487,comp_ew,specific
201903,Q1,-1.1597156215127689,comp_ew,specific
201904,Q1,-1.1517831801961278,comp_ew,specific
201905,Q1,-1.166275026759602,comp_ew,specific
201906,Q1,-1.1744717512318457,comp_ew,specific
201907,Q1,-1.1830878209239672,comp_ew,specific
201908,Q1,-1.1918396466888355,comp_ew,specific
201909,Q1,-1.2109654323087693,comp_ew,specific
201910,Q1,-1.218099631317876,comp_ew,specific
201911,Q1,-1.235699350544511,comp_ew,specific
201912,Q1,-1.2460020103335363,comp_ew,specific
202001,Q1,-1.2467190776700918,comp_ew,specific
202002,Q1,-1.2626733834853587,comp_ew,specific
202003,Q1,-1.2558362067481734,comp_ew,specific
202004,Q1,-1.2596960137131235,comp_ew,specific
202005,Q1,-1.265258975034758,comp_ew,specific
202006,Q1,-1.271279221381905,comp_ew,specific
202007,Q1,-1.2786370975188108,comp_ew,specific
202008,Q1,-1.276477750017804,comp_ew,specific
202009,Q1,-1.2856209396438407,comp_ew,specific
202010,Q1,-1.284951798816568,comp_ew,specific
202011,Q1,-1.2948405103653529,comp_ew,specific
202012,Q1,-1.3109887295301723,comp_ew,specific
202101,Q1,-1.3164912448353152,comp_ew,specific
202102,Q1,-1.3325032002973078,comp_ew,specific
202103,Q1,-1.339693521277424,comp_ew,specific
202104,Q1,-1.3465786658374934,comp_ew,specific
202105,Q1,-1.3547552918407588,comp_ew,specific
202106,Q1,-1.3622778616691993,comp_ew,specific
202107,Q1,-1.373772119900411,comp_ew,specific
202108,Q1,-1.3678154624612031,comp_ew,specific
202109,Q1,-1.376319540834858,comp_ew,specific
202110,Q1,-1.3852177603685445,comp_ew,specific
202111,Q1,-1.3963341615535356,comp_ew,specific
202112,Q1,-1.4145648168399816,comp_ew,specific
202201,Q1,-1.4314417159601,comp_ew,specific
202202,Q1,-1.4348854209355633,comp_ew,specific
202203,Q1,-1.4491606572662716,comp_ew,specific
202204,Q1,-1.4590571420603196,comp_ew,specific
202205,Q1,-1.4581141416921646,comp_ew,specific
202206,Q1,-1.4671727768499516,comp_ew,specific
202207,Q1,-1.4751345642502685,comp_ew,specific
202208,Q1,-1.4849983184471598,comp_ew,specific
202209,Q1,-1.4843332579921442,comp_ew,specific
202210,Q1,-1.49465419595539,comp_ew,specific
202211,Q1,-1.5035911733770966,comp_ew,specific
202212,Q1,-1.5139170279544247,comp_ew,specific
202301,Q1,-1.5287239224415472,comp_ew,specific
202302,Q1,-1.546655306598224,comp_ew,specific
202303,Q1,-1.5434125186473695,comp_ew,specific
202304,Q1,-1.5548387493532139,comp_ew,specific
202305,Q1,-1.5630872978167472,comp_ew,specific
202306,Q1,-1.5698815293818567,comp_ew,specific
202307,Q1,-1.582341881354091,comp_ew,specific
202308,Q1,-1.583213531411745,comp_ew,specific
202309,Q1,-1.5928121574317042,comp_ew,specific
202310,Q1,-1.6057894171748037,comp_ew,specific
202311,Q1,-1.6123176203317344,comp_ew,specific
202312,Q1,-1.6141044081360723,comp_ew,specific
202401,Q1,-1.607708658702998,comp_ew,specific
202402,Q1,-1.609177058850189,comp_ew,specific
202403,Q1,-1.6234355169715442,comp_ew,specific
202404,Q1,-1.6306415280133482,comp_ew,specific
202405,Q1,-1.634747939086293,comp_ew,specific
202406,Q1,-1.6421141329083244,comp_ew,specific
202407,Q1,-1.655268196774893,comp_ew,specific
202408,Q1,-1.6584777677434697,comp_ew,specific
202409,Q1,-1.6619463750798316,comp_ew,specific
202410,Q1,-1.6657294763822594,comp_ew,specific
202411,Q1,-1.6815108654545834,comp_ew,specific
202412,Q1,-1.6891224415259998,comp_ew,specific
202501,Q1,-1.6946578480930907,comp_ew,specific
202502,Q1,-1.709414189942558,comp_ew,specific
202503,Q1,-1.7283350116800644,comp_ew,specific
202504,Q1,-1.72579953460871,comp_ew,specific
202505,Q1,-1.7284556829178592,comp_ew,specific
202506,Q1,-1.7379488450505534,comp_ew,specific
202507,Q1,-1.7430861641046818,comp_ew,specific
202508,Q1,-1.7417804286101055,comp_ew,specific
202509,Q1,-1.7424280055790053,comp_ew,specific
202510,Q1,-1.7554299388528316,comp_ew,specific
202511,Q1,-1.7740134929886981,comp_ew,specific
202512,Q1,-1.7708598881894442,comp_ew,specific
202601,Q1,-1.7745584520688886,comp_ew,specific
202602,Q1,-1.7829112649948717,comp_ew,specific
202603,Q1,-1.7883456956702795,comp_ew,specific
202604,Q1,-1.800745759767879,comp_ew,specific
202605,Q1,-1.806597556240438,comp_ew,specific
202606,Q1,-1.8173876719745252,comp_ew,specific
202607,Q1,,comp_ew,specific
200801,Q2,-0.013699583527948077,comp_ew,specific
200802,Q2,-0.026367782657503544,comp_ew,specific
200803,Q2,-0.029430714175472085,comp_ew,specific
200804,Q2,-0.04156722168544528,comp_ew,specific
200805,Q2,-0.06133829779721209,comp_ew,specific
200806,Q2,-0.06840130764157985,comp_ew,specific
200807,Q2,-0.07110267726483675,comp_ew,specific
200808,Q2,-0.06215613846004239,comp_ew,specific
200809,Q2,-0.06859655182871807,comp_ew,specific
200810,Q2,-0.07354140124292692,comp_ew,specific
200811,Q2,-0.08298576931315213,comp_ew,specific
200812,Q2,-0.0820952224595751,comp_ew,specific
200901,Q2,-0.09381288532239482,comp_ew,specific
200902,Q2,-0.09217126873718667,comp_ew,specific
200903,Q2,-0.09205446523189635,comp_ew,specific
200904,Q2,-0.08533605784085045,comp_ew,specific
200905,Q2,-0.08654001729985449,comp_ew,specific
200906,Q2,-0.08274623173711955,comp_ew,specific
200907,Q2,-0.07795207617647244,comp_ew,specific
200908,Q2,-0.08384242480127575,comp_ew,specific
200909,Q2,-0.0882040982187233,comp_ew,specific
200910,Q2,-0.09400471670123005,comp_ew,specific
200911,Q2,-0.10519358864331087,comp_ew,specific
200912,Q2,-0.10586382572046085,comp_ew,specific
201001,Q2,-0.10722195198053676,comp_ew,specific
201002,Q2,-0.1177785294549013,comp_ew,specific
201003,Q2,-0.11888812550983988,comp_ew,specific
201004,Q2,-0.13250978095156432,comp_ew,specific
201005,Q2,-0.13733674834247642,comp_ew,specific
201006,Q2,-0.15620127612690418,comp_ew,specific
201007,Q2,-0.1632885201972628,comp_ew,specific
201008,Q2,-0.16462749182527525,comp_ew,specific
201009,Q2,-0.17229950574481107,comp_ew,specific
201010,Q2,-0.17357138509310088,comp_ew,specific
201011,Q2,-0.18580955411531652,comp_ew,specific
201012,Q2,-0.18427852305507048,comp_ew,specific
201101,Q2,-0.18385483660467966,comp_ew,specific
201102,Q2,-0.1851149638713599,comp_ew,specific
201103,Q2,-0.18083012739174475,comp_ew,specific
201104,Q2,-0.19382666679925378,comp_ew,specific
201105,Q2,-0.19991553162767206,comp_ew,specific
201106,Q2,-0.20133360826104937,comp_ew,specific
201107,Q2,-0.20331769417172305,comp_ew,specific
201108,Q2,-0.20863446253971515,comp_ew,specific
201109,Q2,-0.22405744452494783,comp_ew,specific
201110,Q2,-0.23312031788044607,comp_ew,specific
201111,Q2,-0.23234290323658693,comp_ew,specific
201112,Q2,-0.23419568680448608,comp_ew,specific
201201,Q2,-0.23658672328057073,comp_ew,specific
201202,Q2,-0.23424320971880788,comp_ew,specific
201203,Q2,-0.2508155818377408,comp_ew,specific
201204,Q2,-0.2576447752319767,comp_ew,specific
201205,Q2,-0.2549539883477168,comp_ew,specific
201206,Q2,-0.2664540609882884,comp_ew,specific
201207,Q2,-0.2735539874887316,comp_ew,specific
201208,Q2,-0.27758823058785337,comp_ew,specific
201209,Q2,-0.27797480360686305,comp_ew,specific
201210,Q2,-0.2714371219148581,comp_ew,specific
201211,Q2,-0.2753867056232215,comp_ew,specific
201212,Q2,-0.2802214889846542,comp_ew,specific
201301,Q2,-0.27076167379092325,comp_ew,specific
201302,Q2,-0.27292314667586487,comp_ew,specific
201303,Q2,-0.26695757990521624,comp_ew,specific
201304,Q2,-0.26336988334803024,comp_ew,specific
201305,Q2,-0.2720065158981455,comp_ew,specific
201306,Q2,-0.2742868994111045,comp_ew,specific
201307,Q2,-0.28816440200306653,comp_ew,specific
201308,Q2,-0.2981383178995831,comp_ew,specific
201309,Q2,-0.30685405438152363,comp_ew,specific
201310,Q2,-0.3080211896367708,comp_ew,specific
201311,Q2,-0.3043642188219657,comp_ew,specific
201312,Q2,-0.3047107139812386,comp_ew,specific
201401,Q2,-0.3150426666989982,comp_ew,specific
201402,Q2,-0.3223683168002797,comp_ew,specific
201403,Q2,-0.3283713140008684,comp_ew,specific
201404,Q2,-0.33798731819258987,comp_ew,specific
201405,Q2,-0.3355483668535486,comp_ew,specific
201406,Q2,-0.3304663441221569,comp_ew,specific
201407,Q2,-0.32996199083661004,comp_ew,specific
201408,Q2,-0.33612773161068543,comp_ew,specific
201409,Q2,-0.34498207402429054,comp_ew,specific
201410,Q2,-0.3530317728523294,comp_ew,specific
201411,Q2,-0.3564643390090157,comp_ew,specific
201412,Q2,-0.3534930660679718,comp_ew,specific
201501,Q2,-0.34713926304639164,comp_ew,specific
201502,Q2,-0.3555406842191056,comp_ew,specific
201503,Q2,-0.3588829430087122,comp_ew,specific
201504,Q2,-0.35524186822435627,comp_ew,specific
201505,Q2,-0.3459574072098891,comp_ew,specific
201506,Q2,-0.3391614244067695,comp_ew,specific
201507,Q2,-0.3360960207596072,comp_ew,specific
201508,Q2,-0.3479670482496249,comp_ew,specific
201509,Q2,-0.34968742415789944,comp_ew,specific
201510,Q2,-0.35457271124767836,comp_ew,specific
201511,Q2,-0.36177724450920296,comp_ew,specific
201512,Q2,-0.3644587279006104,comp_ew,specific
201601,Q2,-0.36067780607936434,comp_ew,specific
201602,Q2,-0.36252036158633144,comp_ew,specific
201603,Q2,-0.37092414624744874,comp_ew,specific
201604,Q2,-0.36658443628971876,comp_ew,specific
201605,Q2,-0.3679381866841857,comp_ew,specific
201606,Q2,-0.37756100720213887,comp_ew,specific
201607,Q2,-0.3869083998329773,comp_ew,specific
201608,Q2,-0.38972775582784,comp_ew,specific
201609,Q2,-0.39172560860470845,comp_ew,specific
201610,Q2,-0.3992704532058983,comp_ew,specific
201611,Q2,-0.4048163945298334,comp_ew,specific
201612,Q2,-0.4099669341029073,comp_ew,specific
201701,Q2,-0.41080503203535945,comp_ew,specific
201702,Q2,-0.42214514467522707,comp_ew,specific
201703,Q2,-0.4309900869317496,comp_ew,specific
201704,Q2,-0.43571148301558715,comp_ew,specific
201705,Q2,-0.4480595198994187,comp_ew,specific
201706,Q2,-0.46273007712586584,comp_ew,specific
201707,Q2,-0.46043433600765704,comp_ew,specific
201708,Q2,-0.4627954079959613,comp_ew,specific
201709,Q2,-0.4769066229893384,comp_ew,specific
201710,Q2,-0.48140930099784207,comp_ew,specific
201711,Q2,-0.479173863040563,comp_ew,specific
201712,Q2,-0.4912076248562823,comp_ew,specific
201801,Q2,-0.4985780885680475,comp_ew,specific
201802,Q2,-0.49923897514996873,comp_ew,specific
201803,Q2,-0.5095133557856802,comp_ew,specific
201804,Q2,-0.5107209761131805,comp_ew,specific
201805,Q2,-0.5183162672432247,comp_ew,specific
201806,Q2,-0.5297328896365444,comp_ew,specific
201807,Q2,-0.5270158301091712,comp_ew,specific
201808,Q2,-0.5315432438569352,comp_ew,specific
201809,Q2,-0.5258063772828102,comp_ew,specific
201810,Q2,-0.5233739363036977,comp_ew,specific
201811,Q2,-0.5224750485767861,comp_ew,specific
201812,Q2,-0.5218315776355076,comp_ew,specific
201901,Q2,-0.5336086034492316,comp_ew,specific
201902,Q2,-0.5430968488767332,comp_ew,specific
201903,Q2,-0.5437772776816567,comp_ew,specific
201904,Q2,-0.5403676494719826,comp_ew,specific
201905,Q2,-0.5412686550885332,comp_ew,specific
201906,Q2,-0.5483102063398566,comp_ew,specific
201907,Q2,-0.5541418189437769,comp_ew,specific
201908,Q2,-0.5578769654890672,comp_ew,specific
201909,Q2,-0.5674511147221434,comp_ew,specific
201910,Q2,-0.5682570092048814,comp_ew,specific
201911,Q2,-0.5748014425518285,comp_ew,specific
201912,Q2,-0.5731372742058353,comp_ew,specific
202001,Q2,-0.586555578369666,comp_ew,specific
202002,Q2,-0.5954755955884677,comp_ew,specific
202003,Q2,-0.6050557005925533,comp_ew,specific
202004,Q2,-0.6117426696427462,comp_ew,specific
202005,Q2,-0.6225750422251571,comp_ew,specific
202006,Q2,-0.626035006837341,comp_ew,specific
202007,Q2,-0.6166579820088369,comp_ew,specific
202008,Q2,-0.6113387595031077,comp_ew,specific
202009,Q2,-0.6231145469360663,comp_ew,specific
202010,Q2,-0.6298930980604919,comp_ew,specific
202011,Q2,-0.634865657678564,comp_ew,specific
202012,Q2,-0.6391159110292528,comp_ew,specific
202101,Q2,-0.6349353124533117,comp_ew,specific
202102,Q2,-0.6393473142802286,comp_ew,specific
202103,Q2,-0.6397540408697543,comp_ew,specific
202104,Q2,-0.6490981614009047,comp_ew,specific
202105,Q2,-0.6571527455163206,comp_ew,specific
202106,Q2,-0.6555362884097711,comp_ew,specific
202107,Q2,-0.6597823626291628,comp_ew,specific
202108,Q2,-0.6611320698816738,comp_ew,specific
202109,Q2,-0.664503231284372,comp_ew,specific
202110,Q2,-0.6721874992842912,comp_ew,specific
202111,Q2,-0.6802381377253511,comp_ew,specific
202112,Q2,-0.671990770824631,comp_ew,specific
202201,Q2,-0.6856937162090015,comp_ew,specific
202202,Q2,-0.6907172262770823,comp_ew,specific
202203,Q2,-0.6926878287960966,comp_ew,specific
202204,Q2,-0.694231136105595,comp_ew,specific
202205,Q2,-0.6831426165163047,comp_ew,specific
202206,Q2,-0.6880113320147658,comp_ew,specific
202207,Q2,-0.6891544630585692,comp_ew,specific
202208,Q2,-0.6890865307504007,comp_ew,specific
202209,Q2,-0.686355982143073,comp_ew,specific
202210,Q2,-0.6803964725427563,comp_ew,specific
202211,Q2,-0.6833523898653632,comp_ew,specific
202212,Q2,-0.6788616659413258,comp_ew,specific
202301,Q2,-0.6801772731042861,comp_ew,specific
202302,Q2,-0.6852034833466917,comp_ew,specific
202303,Q2,-0.6914957802783639,comp_ew,specific
202304,Q2,-0.6963730508941803,comp_ew,specific
202305,Q2,-0.7048048445284053,comp_ew,specific
202306,Q2,-0.7107284824403612,comp_ew,specific
202307,Q2,-0.7206793776199025,comp_ew,specific
202308,Q2,-0.7345709633165798,comp_ew,specific
202309,Q2,-0.7338866111650654,comp_ew,specific
202310,Q2,-0.7411118888710707,comp_ew,specific
202311,Q2,-0.7463320757482966,comp_ew,specific
202312,Q2,-0.7525553532666052,comp_ew,specific
202401,Q2,-0.7679756432780475,comp_ew,specific
202402,Q2,-0.7827530238618282,comp_ew,specific
202403,Q2,-0.7834731378901321,comp_ew,specific
202404,Q2,-0.797160069185237,comp_ew,specific
202405,Q2,-0.8028215657644143,comp_ew,specific
202406,Q2,-0.8055127380365917,comp_ew,specific
202407,Q2,-0.8036454137589083,comp_ew,specific
202408,Q2,-0.7967003623658818,comp_ew,specific
202409,Q2,-0.7939709317838809,comp_ew,specific
202410,Q2,-0.7928072054325427,comp_ew,specific
202411,Q2,-0.7906804182860301,comp_ew,specific
202412,Q2,-0.7909522474356598,comp_ew,specific
202501,Q2,-0.7983612466115001,comp_ew,specific
202502,Q2,-0.8068629076408982,comp_ew,specific
202503,Q2,-0.8079173556575192,comp_ew,specific
202504,Q2,-0.8056757765746282,comp_ew,specific
202505,Q2,-0.8114140884940034,comp_ew,specific
202506,Q2,-0.8203261615969887,comp_ew,specific
202507,Q2,-0.819993927128682,comp_ew,specific
202508,Q2,-0.8102855808772782,comp_ew,specific
202509,Q2,-0.8114295700269468,comp_ew,specific
202510,Q2,-0.8034024142738587,comp_ew,specific
202511,Q2,-0.800490094292659,comp_ew,specific
202512,Q2,-0.7937412036224701,comp_ew,specific
202601,Q2,-0.8001777285313645,comp_ew,specific
202602,Q2,-0.7907130749200351,comp_ew,specific
202603,Q2,-0.796183123009982,comp_ew,specific
202604,Q2,-0.7992857499222881,comp_ew,specific
202605,Q2,-0.8045975902903374,comp_ew,specific
202606,Q2,-0.8091706446235831,comp_ew,specific
202607,Q2,,comp_ew,specific
200801,Q3,-0.011265906463765971,comp_ew,specific
200802,Q3,-0.015544751331657926,comp_ew,specific
200803,Q3,-0.010654520461382651,comp_ew,specific
200804,Q3,-0.010079997621721773,comp_ew,specific
200805,Q3,-0.009647486815449982,comp_ew,specific
200806,Q3,-0.0055503560653196405,comp_ew,specific
200807,Q3,-0.004489012408711947,comp_ew,specific
200808,Q3,-0.003204154903411546,comp_ew,specific
200809,Q3,0.004187170437513014,comp_ew,specific
200810,Q3,-0.004157374892445442,comp_ew,specific
200811,Q3,-0.015351930521922049,comp_ew,specific
200812,Q3,-0.014828718990556976,comp_ew,specific
200901,Q3,-0.02128622773398244,comp_ew,specific
200902,Q3,-0.01221115930224729,comp_ew,specific
200903,Q3,-0.020283096542791028,comp_ew,specific
200904,Q3,-0.028149195201344557,comp_ew,specific
200905,Q3,-0.03633991120687055,comp_ew,specific
200906,Q3,-0.044172678809429336,comp_ew,specific
200907,Q3,-0.03436201300755562,comp_ew,specific
200908,Q3,-0.038628913594107216,comp_ew,specific
200909,Q3,-0.04199426183944472,comp_ew,specific
200910,Q3,-0.03590083413643133,comp_ew,specific
200911,Q3,-0.038050253441522096,comp_ew,specific
200912,Q3,-0.03495317483431094,comp_ew,specific
201001,Q3,-0.03757575606671389,comp_ew,specific
201002,Q3,-0.044217323012618104,comp_ew,specific
201003,Q3,-0.05010043795307631,comp_ew,specific
201004,Q3,-0.04841390992221861,comp_ew,specific
201005,Q3,-0.03948202442615793,comp_ew,specific
201006,Q3,-0.03656563755838767,comp_ew,specific
201007,Q3,-0.033870419067372426,comp_ew,specific
201008,Q3,-0.03711333792724013,comp_ew,specific
201009,Q3,-0.04063334845213337,comp_ew,specific
201010,Q3,-0.03333300737644611,comp_ew,specific
201011,Q3,-0.030756951457673706,comp_ew,specific
201012,Q3,-0.028208433857102515,comp_ew,specific
201101,Q3,-0.026122920427915305,comp_ew,specific
201102,Q3,-0.021797528322057867,comp_ew,specific
201103,Q3,-0.025117602033691695,comp_ew,specific
201104,Q3,-0.021779130819822516,comp_ew,specific
201105,Q3,-0.03184729419632702,comp_ew,specific
201106,Q3,-0.021722660833962557,comp_ew,specific
201107,Q3,-0.027364847275452155,comp_ew,specific
201108,Q3,-0.029515134949376503,comp_ew,specific
201109,Q3,-0.041034356886128866,comp_ew,specific
201110,Q3,-0.06015244595241613,comp_ew,specific
201111,Q3,-0.06143501180776358,comp_ew,specific
201112,Q3,-0.06993590547109646,comp_ew,specific
201201,Q3,-0.0666916734785439,comp_ew,specific
201202,Q3,-0.07195231887345761,comp_ew,specific
201203,Q3,-0.07040552164362104,comp_ew,specific
201204,Q3,-0.08066315483729042,comp_ew,specific
201205,Q3,-0.07566293501035828,comp_ew,specific
201206,Q3,-0.06975624928214418,comp_ew,specific
201207,Q3,-0.06278864229887166,comp_ew,specific
201208,Q3,-0.052048011104604754,comp_ew,specific
201209,Q3,-0.05404038787317698,comp_ew,specific
201210,Q3,-0.05480697168266059,comp_ew,specific
201211,Q3,-0.062088943139423425,comp_ew,specific
201212,Q3,-0.06167553150105691,comp_ew,specific
201301,Q3,-0.058417850696714145,comp_ew,specific
201302,Q3,-0.05848473592324075,comp_ew,specific
201303,Q3,-0.07234881633201846,comp_ew,specific
201304,Q3,-0.0732818736125003,comp_ew,specific
201305,Q3,-0.07228692747855599,comp_ew,specific
201306,Q3,-0.0830644107295607,comp_ew,specific
201307,Q3,-0.08795012221570449,comp_ew,specific
201308,Q3,-0.08242842695520611,comp_ew,specific
201309,Q3,-0.06494178627382222,comp_ew,specific
201310,Q3,-0.05770246953401586,comp_ew,specific
201311,Q3,-0.05624270105251785,comp_ew,specific
201312,Q3,-0.051086694622005074,comp_ew,specific
201401,Q3,-0.059617328267850656,comp_ew,specific
201402,Q3,-0.06922493544204683,comp_ew,specific
201403,Q3,-0.07525074252753591,comp_ew,specific
201404,Q3,-0.07103071892451016,comp_ew,specific
201405,Q3,-0.08233615485854565,comp_ew,specific
201406,Q3,-0.08371330620784316,comp_ew,specific
201407,Q3,-0.07628590056968074,comp_ew,specific
201408,Q3,-0.07274778077619075,comp_ew,specific
201409,Q3,-0.0682587466981751,comp_ew,specific
201410,Q3,-0.06356681269392352,comp_ew,specific
201411,Q3,-0.06709348396146772,comp_ew,specific
201412,Q3,-0.057060294483308766,comp_ew,specific
201501,Q3,-0.05557957373635821,comp_ew,specific
201502,Q3,-0.046993060950711776,comp_ew,specific
201503,Q3,-0.058088349356160814,comp_ew,specific
201504,Q3,-0.0580364042648422,comp_ew,specific
201505,Q3,-0.057959037770130555,comp_ew,specific
201506,Q3,-0.06124055945277493,comp_ew,specific
201507,Q3,-0.06784378727314813,comp_ew,specific
201508,Q3,-0.06350889516554915,comp_ew,specific
201509,Q3,-0.06284870708409097,comp_ew,specific
201510,Q3,-0.06226667806598848,comp_ew,specific
201511,Q3,-0.06458438484717595,comp_ew,specific
201512,Q3,-0.059532474478947016,comp_ew,specific
201601,Q3,-0.0638775951242923,comp_ew,specific
201602,Q3,-0.0723594960496859,comp_ew,specific
201603,Q3,-0.07031080463678871,comp_ew,specific
201604,Q3,-0.060182754477522034,comp_ew,specific
201605,Q3,-0.05409680804304965,comp_ew,specific
201606,Q3,-0.06769600347197652,comp_ew,specific
201607,Q3,-0.06947488684162852,comp_ew,specific
201608,Q3,-0.061887413086744544,comp_ew,specific
201609,Q3,-0.05982793665702639,comp_ew,specific
201610,Q3,-0.05381952177287201,comp_ew,specific
201611,Q3,-0.0519762213349322,comp_ew,specific
201612,Q3,-0.056052825726339114,comp_ew,specific
201701,Q3,-0.07021293837259222,comp_ew,specific
201702,Q3,-0.06676270944486908,comp_ew,specific
201703,Q3,-0.06498631679113541,comp_ew,specific
201704,Q3,-0.05153715458407599,comp_ew,specific
201705,Q3,-0.055886657998790334,comp_ew,specific
201706,Q3,-0.05398195653969821,comp_ew,specific
201707,Q3,-0.05742898103169463,comp_ew,specific
201708,Q3,-0.05854103251987137,comp_ew,specific
201709,Q3,-0.05846573960436197,comp_ew,specific
201710,Q3,-0.06090604935694688,comp_ew,specific
201711,Q3,-0.05142273421809041,comp_ew,specific
201712,Q3,-0.057350441547815,comp_ew,specific
201801,Q3,-0.05235370522002961,comp_ew,specific
201802,Q3,-0.055582542479940565,comp_ew,specific
201803,Q3,-0.05515035837658388,comp_ew,specific
201804,Q3,-0.05283469165466304,comp_ew,specific
201805,Q3,-0.050992758291645186,comp_ew,specific
201806,Q3,-0.055576728044720344,comp_ew,specific
201807,Q3,-0.04604930189952333,comp_ew,specific
201808,Q3,-0.046862379732134044,comp_ew,specific
201809,Q3,-0.05587409727157911,comp_ew,specific
201810,Q3,-0.051576670296050404,comp_ew,specific
201811,Q3,-0.04570432649061165,comp_ew,specific
201812,Q3,-0.041772157997927606,comp_ew,specific
201901,Q3,-0.03424632389537937,comp_ew,specific
201902,Q3,-0.03382135094865845,comp_ew,specific
201903,Q3,-0.026336432695436635,comp_ew,specific
201904,Q3,-0.023732837995550746,comp_ew,specific
201905,Q3,-0.025637208436142644,comp_ew,specific
201906,Q3,-0.019661051152233468,comp_ew,specific
201907,Q3,-0.018088840076058852,comp_ew,specific
201908,Q3,-0.023631391658250116,comp_ew,specific
201909,Q3,-0.028123622623535793,comp_ew,specific
201910,Q3,-0.041300975437513196,comp_ew,specific
201911,Q3,-0.04269051998636902,comp_ew,specific
201912,Q3,-0.032488483127755846,comp_ew,specific
202001,Q3,-0.025783636584499992,comp_ew,specific
202002,Q3,-0.026959097637167747,comp_ew,specific
202003,Q3,-0.028813882678037004,comp_ew,specific
202004,Q3,-0.02237955948498358,comp_ew,specific
202005,Q3,-0.021791029743081173,comp_ew,specific
202006,Q3,-0.026601117268481148,comp_ew,specific
202007,Q3,-0.024696934135002343,comp_ew,specific
202008,Q3,-0.021153822719254898,comp_ew,specific
202009,Q3,-0.010759722142600498,comp_ew,specific
202010,Q3,-0.009968906931364896,comp_ew,specific
202011,Q3,-0.00974063484070495,comp_ew,specific
202012,Q3,-0.00846150950228213,comp_ew,specific
202101,Q3,-0.015644255452434114,comp_ew,specific
202102,Q3,-0.010187671913535394,comp_ew,specific
202103,Q3,-0.011595701098226448,comp_ew,specific
202104,Q3,-0.008306720991528883,comp_ew,specific
202105,Q3,-0.011291845885768554,comp_ew,specific
202106,Q3,-0.0080693054677336,comp_ew,specific
202107,Q3,-0.0189078147371209,comp_ew,specific
202108,Q3,-0.017949156318836038,comp_ew,specific
202109,Q3,-0.017586677705454603,comp_ew,specific
202110,Q3,-0.014224301703820604,comp_ew,specific
202111,Q3,-0.007786063550557136,comp_ew,specific
202112,Q3,-0.006869799511629048,comp_ew,specific
202201,Q3,-0.014102029978834701,comp_ew,specific
202202,Q3,-0.01118709648580592,comp_ew,specific
202203,Q3,-0.020691187753878536,comp_ew,specific
202204,Q3,-0.01666013742510338,comp_ew,specific
202205,Q3,-0.011490254869236625,comp_ew,specific
202206,Q3,-0.01096679958145531,comp_ew,specific
202207,Q3,-0.008253946236249499,comp_ew,specific
202208,Q3,-0.009713874331958652,comp_ew,specific
202209,Q3,-0.017450463110156796,comp_ew,specific
202210,Q3,-0.016236401746561702,comp_ew,specific
202211,Q3,-0.01837967782841568,comp_ew,specific
202212,Q3,-0.013173370707693522,comp_ew,specific
202301,Q3,-0.015726858248784018,comp_ew,specific
202302,Q3,-0.012289407893482849,comp_ew,specific
202303,Q3,-0.015417127764145513,comp_ew,specific
202304,Q3,-0.021887415741095373,comp_ew,specific
202305,Q3,-0.014745764299708995,comp_ew,specific
202306,Q3,-0.026693029744718873,comp_ew,specific
202307,Q3,-0.027116807714613087,comp_ew,specific
202308,Q3,-0.01698952294574197,comp_ew,specific
202309,Q3,-0.02057362804418369,comp_ew,specific
202310,Q3,-0.018696764096311172,comp_ew,specific
202311,Q3,-0.011366143263302276,comp_ew,specific
202312,Q3,-0.0050656881628887195,comp_ew,specific
202401,Q3,0.00033751927288027013,comp_ew,specific
202402,Q3,0.008907305647567141,comp_ew,specific
202403,Q3,0.014697180507210895,comp_ew,specific
202404,Q3,0.01753428621835582,comp_ew,specific
202405,Q3,0.01884256230244724,comp_ew,specific
202406,Q3,0.008339692406419848,comp_ew,specific
202407,Q3,0.010493519180291594,comp_ew,specific
202408,Q3,0.017735948640865428,comp_ew,specific
202409,Q3,0.016799589334148886,comp_ew,specific
202410,Q3,0.022205074155328894,comp_ew,specific
202411,Q3,0.030472612871819946,comp_ew,specific
202412,Q3,0.03973634600120682,comp_ew,specific
202501,Q3,0.046337729438461685,comp_ew,specific
202502,Q3,0.04416505127397375,comp_ew,specific
202503,Q3,0.03832497147615458,comp_ew,specific
202504,Q3,0.028054961421270598,comp_ew,specific
202505,Q3,0.030963519864292643,comp_ew,specific
202506,Q3,0.04291993756540549,comp_ew,specific
202507,Q3,0.035344019759552266,comp_ew,specific
202508,Q3,0.042764696334637996,comp_ew,specific
202509,Q3,0.04341494896727423,comp_ew,specific
202510,Q3,0.049170773030195264,comp_ew,specific
202511,Q3,0.045250867109675255,comp_ew,specific
202512,Q3,0.04241271306483153,comp_ew,specific
202601,Q3,0.04215026087064013,comp_ew,specific
202602,Q3,0.04404535625758318,comp_ew,specific
202603,Q3,0.0403145717874747,comp_ew,specific
202604,Q3,0.03358179127555203,comp_ew,specific
202605,Q3,0.04008024980326005,comp_ew,specific
202606,Q3,0.04218534270897812,comp_ew,specific
202607,Q3,,comp_ew,specific
200801,Q4,0.013189256880282116,comp_ew,specific
200802,Q4,0.020175945969915406,comp_ew,specific
200803,Q4,0.021060680558781242,comp_ew,specific
200804,Q4,0.0246499042977028,comp_ew,specific
200805,Q4,0.04071742483033253,comp_ew,specific
200806,Q4,0.04246384575885973,comp_ew,specific
200807,Q4,0.05431292633046314,comp_ew,specific
200808,Q4,0.06129594879791382,comp_ew,specific
200809,Q4,0.043608242169964284,comp_ew,specific
200810,Q4,0.04515293982408486,comp_ew,specific
200811,Q4,0.0471686663793781,comp_ew,specific
200812,Q4,0.053849034448224455,comp_ew,specific
200901,Q4,0.04395618478044237,comp_ew,specific
200902,Q4,0.04902053689033614,comp_ew,specific
200903,Q4,0.0567862429762224,comp_ew,specific
200904,Q4,0.05353601756261368,comp_ew,specific
200905,Q4,0.051474792991830096,comp_ew,specific
200906,Q4,0.05475328810531482,comp_ew,specific
200907,Q4,0.06222337663216175,comp_ew,specific
200908,Q4,0.0691317585310487,comp_ew,specific
200909,Q4,0.06528646568817308,comp_ew,specific
200910,Q4,0.07069430994937273,comp_ew,specific
200911,Q4,0.07300179084806105,comp_ew,specific
200912,Q4,0.08400287017394861,comp_ew,specific
201001,Q4,0.08167010173154374,comp_ew,specific
201002,Q4,0.08628680436867076,comp_ew,specific
201003,Q4,0.08935111352230317,comp_ew,specific
201004,Q4,0.09566258425457547,comp_ew,specific
201005,Q4,0.10006596873228185,comp_ew,specific
201006,Q4,0.10913957705264658,comp_ew,specific
201007,Q4,0.10750110041878724,comp_ew,specific
201008,Q4,0.10834132769225471,comp_ew,specific
201009,Q4,0.1271705045846571,comp_ew,specific
201010,Q4,0.13849383115243974,comp_ew,specific
201011,Q4,0.1404323746776073,comp_ew,specific
201012,Q4,0.13737005680584521,comp_ew,specific
201101,Q4,0.14320735016029698,comp_ew,specific
201102,Q4,0.14791908966368925,comp_ew,specific
201103,Q4,0.15599160208051016,comp_ew,specific
201104,Q4,0.166228930817567,comp_ew,specific
201105,Q4,0.17378039144686735,comp_ew,specific
201106,Q4,0.17645735101820134,comp_ew,specific
201107,Q4,0.18679643085247413,comp_ew,specific
201108,Q4,0.18568519073501438,comp_ew,specific
201109,Q4,0.1937846586571967,comp_ew,specific
201110,Q4,0.2021120861068475,comp_ew,specific
201111,Q4,0.20685858461901852,comp_ew,specific
201112,Q4,0.21751131075018057,comp_ew,specific
201201,Q4,0.2137359164969778,comp_ew,specific
201202,Q4,0.2289100965473859,comp_ew,specific
201203,Q4,0.22631712606122992,comp_ew,specific
201204,Q4,0.22794157009826793,comp_ew,specific
201205,Q4,0.22889932958552459,comp_ew,specific
201206,Q4,0.22122022370966218,comp_ew,specific
201207,Q4,0.22567379617908892,comp_ew,specific
201208,Q4,0.23111383130153565,comp_ew,specific
201209,Q4,0.2321540851220142,comp_ew,specific
201210,Q4,0.23946235897688184,comp_ew,specific
201211,Q4,0.2467313728508705,comp_ew,specific
201212,Q4,0.2470927871400912,comp_ew,specific
201301,Q4,0.253068719433599,comp_ew,specific
201302,Q4,0.25584610789367895,comp_ew,specific
201303,Q4,0.26844564264744225,comp_ew,specific
201304,Q4,0.26872937488578,comp_ew,specific
201305,Q4,0.27864742021813843,comp_ew,specific
201306,Q4,0.2884824638622884,comp_ew,specific
201307,Q4,0.2884522272870405,comp_ew,specific
201308,Q4,0.3003678731471305,comp_ew,specific
201309,Q4,0.30551143177097734,comp_ew,specific
201310,Q4,0.3191401882311501,comp_ew,specific
201311,Q4,0.3225182148993841,comp_ew,specific
201312,Q4,0.34343803628318914,comp_ew,specific
201401,Q4,0.3487163080610993,comp_ew,specific
201402,Q4,0.3490455570174014,comp_ew,specific
201403,Q4,0.356438860400885,comp_ew,specific
201404,Q4,0.3676282755531985,comp_ew,specific
201405,Q4,0.3699968277123054,comp_ew,specific
201406,Q4,0.3713814679032299,comp_ew,specific
201407,Q4,0.370564552216649,comp_ew,specific
201408,Q4,0.3833210645477197,comp_ew,specific
201409,Q4,0.3881911276579628,comp_ew,specific
201410,Q4,0.3940536080352372,comp_ew,specific
201411,Q4,0.40119529843440715,comp_ew,specific
201412,Q4,0.40406352531185896,comp_ew,specific
201501,Q4,0.4004892189417552,comp_ew,specific
201502,Q4,0.4002680992895188,comp_ew,specific
201503,Q4,0.4016247278957133,comp_ew,specific
201504,Q4,0.4049078156782931,comp_ew,specific
201505,Q4,0.4033332557654814,comp_ew,specific
201506,Q4,0.3977339041568682,comp_ew,specific
201507,Q4,0.39642420660165006,comp_ew,specific
201508,Q4,0.39393002960176826,comp_ew,specific
201509,Q4,0.3834903926472897,comp_ew,specific
201510,Q4,0.37925932614366303,comp_ew,specific
201511,Q4,0.3850795070548854,comp_ew,specific
201512,Q4,0.39030547878371136,comp_ew,specific
201601,Q4,0.3996669138186611,comp_ew,specific
201602,Q4,0.39564130278012966,comp_ew,specific
201603,Q4,0.40045870416368107,comp_ew,specific
201604,Q4,0.4051121036976585,comp_ew,specific
201605,Q4,0.3980458085552681,comp_ew,specific
201606,Q4,0.39673980929917396,comp_ew,specific
201607,Q4,0.3898671643639803,comp_ew,specific
201608,Q4,0.40058785033832245,comp_ew,specific
201609,Q4,0.40685054779823454,comp_ew,specific
201610,Q4,0.4113719321194421,comp_ew,specific
201611,Q4,0.4079380375481033,comp_ew,specific
201612,Q4,0.4130620779229859,comp_ew,specific
201701,Q4,0.42224411617274904,comp_ew,specific
201702,Q4,0.4286794906225339,comp_ew,specific
201703,Q4,0.43092137217422993,comp_ew,specific
201704,Q4,0.434171096456163,comp_ew,specific
201705,Q4,0.4385035632093971,comp_ew,specific
201706,Q4,0.4505077670719861,comp_ew,specific
201707,Q4,0.45730509047285106,comp_ew,specific
201708,Q4,0.45118744114268416,comp_ew,specific
201709,Q4,0.4494215769369842,comp_ew,specific
201710,Q4,0.4346692974144687,comp_ew,specific
201711,Q4,0.43967305286596015,comp_ew,specific
201712,Q4,0.44376581355052264,comp_ew,specific
201801,Q4,0.4456718392031689,comp_ew,specific
201802,Q4,0.4549429597517931,comp_ew,specific
201803,Q4,0.46565868403350574,comp_ew,specific
201804,Q4,0.4594457022571195,comp_ew,specific
201805,Q4,0.47242035151972694,comp_ew,specific
201806,Q4,0.4688989318391732,comp_ew,specific
201807,Q4,0.48520136985100226,comp_ew,specific
201808,Q4,0.48454950521447476,comp_ew,specific
201809,Q4,0.4880544454359415,comp_ew,specific
201810,Q4,0.49795635702980945,comp_ew,specific
201811,Q4,0.5011850109840474,comp_ew,specific
201812,Q4,0.4982889746389564,comp_ew,specific
201901,Q4,0.5073414699961574,comp_ew,specific
201902,Q4,0.5144111891655228,comp_ew,specific
201903,Q4,0.5234546999823775,comp_ew,specific
201904,Q4,0.5182026457744181,comp_ew,specific
201905,Q4,0.5230187299641511,comp_ew,specific
201906,Q4,0.5393683693563962,comp_ew,specific
201907,Q4,0.53714109993513,comp_ew,specific
201908,Q4,0.5441642997008207,comp_ew,specific
201909,Q4,0.5458706591253443,comp_ew,specific
201910,Q4,0.552989885833042,comp_ew,specific
201911,Q4,0.5647087819731268,comp_ew,specific
201912,Q4,0.5584072314435494,comp_ew,specific
202001,Q4,0.552819921889282,comp_ew,specific
202002,Q4,0.5599009222408332,comp_ew,specific
202003,Q4,0.560205573998694,comp_ew,specific
202004,Q4,0.566823458884561,comp_ew,specific
202005,Q4,0.5825700409192602,comp_ew,specific
202006,Q4,0.5840989221475071,comp_ew,specific
202007,Q4,0.5872452400853739,comp_ew,specific
202008,Q4,0.597185703137817,comp_ew,specific
202009,Q4,0.5978697618247298,comp_ew,specific
202010,Q4,0.6125650046328561,comp_ew,specific
202011,Q4,0.6120061365765923,comp_ew,specific
202012,Q4,0.6203583521556427,comp_ew,specific
202101,Q4,0.6222887350896041,comp_ew,specific
202102,Q4,0.6269043515467371,comp_ew,specific
202103,Q4,0.6305966396269097,comp_ew,specific
202104,Q4,0.6252783425351659,comp_ew,specific
202105,Q4,0.6256398114157752,comp_ew,specific
202106,Q4,0.6344984096205585,comp_ew,specific
202107,Q4,0.6442806645240842,comp_ew,specific
202108,Q4,0.6412265079310635,comp_ew,specific
202109,Q4,0.6350271346534586,comp_ew,specific
202110,Q4,0.652901170049544,comp_ew,specific
202111,Q4,0.6499671330904937,comp_ew,specific
202112,Q4,0.6571830601931788,comp_ew,specific
202201,Q4,0.6520296756410596,comp_ew,specific
202202,Q4,0.6617855158122931,comp_ew,specific
202203,Q4,0.6630807632030651,comp_ew,specific
202204,Q4,0.6736382190138693,comp_ew,specific
202205,Q4,0.6775693306033537,comp_ew,specific
202206,Q4,0.6889031535376721,comp_ew,specific
202207,Q4,0.7024180915329746,comp_ew,specific
202208,Q4,0.7106058105124528,comp_ew,specific
202209,Q4,0.7067503091766476,comp_ew,specific
202210,Q4,0.7236183600728323,comp_ew,specific
202211,Q4,0.7222494782089726,comp_ew,specific
202212,Q4,0.7273374735841198,comp_ew,specific
202301,Q4,0.7331394275798231,comp_ew,specific
202302,Q4,0.7349322075395471,comp_ew,specific
202303,Q4,0.7367949717787736,comp_ew,specific
202304,Q4,0.7442517051009202,comp_ew,specific
202305,Q4,0.7583962359794303,comp_ew,specific
202306,Q4,0.7675834973033335,comp_ew,specific
202307,Q4,0.7671650742581246,comp_ew,specific
202308,Q4,0.779779769444902,comp_ew,specific
202309,Q4,0.7879327503329394,comp_ew,specific
202310,Q4,0.7982306109061464,comp_ew,specific
202311,Q4,0.793803193546338,comp_ew,specific
202312,Q4,0.7853559282119745,comp_ew,specific
202401,Q4,0.784073648875738,comp_ew,specific
202402,Q4,0.7863196470618782,comp_ew,specific
202403,Q4,0.7827288651791686,comp_ew,specific
202404,Q4,0.7987516675262024,comp_ew,specific
202405,Q4,0.7999772301580684,comp_ew,specific
202406,Q4,0.7879204881361882,comp_ew,specific
202407,Q4,0.7934158467132854,comp_ew,specific
202408,Q4,0.7895504991306498,comp_ew,specific
202409,Q4,0.7949148557552345,comp_ew,specific
202410,Q4,0.796094335384095,comp_ew,specific
202411,Q4,0.8021630132551595,comp_ew,specific
202412,Q4,0.800581273586805,comp_ew,specific
202501,Q4,0.796800964442496,comp_ew,specific
202502,Q4,0.8137896938500799,comp_ew,specific
202503,Q4,0.8195666012021421,comp_ew,specific
202504,Q4,0.8161037522418262,comp_ew,specific
202505,Q4,0.8113438118054259,comp_ew,specific
202506,Q4,0.8073629521436069,comp_ew,specific
202507,Q4,0.8034071315947429,comp_ew,specific
202508,Q4,0.7964284813607688,comp_ew,specific
202509,Q4,0.8056983666836433,comp_ew,specific
202510,Q4,0.8074048006417618,comp_ew,specific
202511,Q4,0.811362591220496,comp_ew,specific
202512,Q4,0.8096504031956941,comp_ew,specific
202601,Q4,0.7974688359745435,comp_ew,specific
202602,Q4,0.8058555707933446,comp_ew,specific
202603,Q4,0.8122315286485512,comp_ew,specific
202604,Q4,0.8181897373780946,comp_ew,specific
202605,Q4,0.8226360141054184,comp_ew,specific
202606,Q4,0.8166283464952412,comp_ew,specific
202607,Q4,,comp_ew,specific
200801,Q5,0.01677268945559113,comp_ew,specific
200802,Q5,0.03281192065556812,comp_ew,specific
200803,Q5,0.04839977120525342,comp_ew,specific
200804,Q5,0.045133621651193195,comp_ew,specific
200805,Q5,0.05705062023634962,comp_ew,specific
200806,Q5,0.06679207716666391,comp_ew,specific
200807,Q5,0.07552565350239518,comp_ew,specific
200808,Q5,0.08393501694820554,comp_ew,specific
200809,Q5,0.0937009394323745,comp_ew,specific
200810,Q5,0.09792855748474522,comp_ew,specific
200811,Q5,0.11008015874269655,comp_ew,specific
200812,Q5,0.12479781891291994,comp_ew,specific
200901,Q5,0.13163448402835992,comp_ew,specific
200902,Q5,0.1449413893448229,comp_ew,specific
200903,Q5,0.14810960471731682,comp_ew,specific
200904,Q5,0.15303522405827485,comp_ew,specific
200905,Q5,0.157572379174254,comp_ew,specific
200906,Q5,0.16929259279596912,comp_ew,specific
200907,Q5,0.17850963425281044,comp_ew,specific
200908,Q5,0.19616816857039326,comp_ew,specific
200909,Q5,0.20171273815442162,comp_ew,specific
200910,Q5,0.2025312971371781,comp_ew,specific
200911,Q5,0.21529415647206884,comp_ew,specific
200912,Q5,0.23191787287060076,comp_ew,specific
201001,Q5,0.24039205424450197,comp_ew,specific
201002,Q5,0.24944959755531543,comp_ew,specific
201003,Q5,0.2540009149861041,comp_ew,specific
201004,Q5,0.2658568959172296,comp_ew,specific
201005,Q5,0.28374270384174133,comp_ew,specific
201006,Q5,0.28420320733781407,comp_ew,specific
201007,Q5,0.28133591559077603,comp_ew,specific
201008,Q5,0.2816999738663211,comp_ew,specific
201009,Q5,0.29664075950270224,comp_ew,specific
201010,Q5,0.3070835041008526,comp_ew,specific
201011,Q5,0.3193308682138741,comp_ew,specific
201012,Q5,0.3349626225710872,comp_ew,specific
201101,Q5,0.3508070382445591,comp_ew,specific
201102,Q5,0.3762876180394158,comp_ew,specific
201103,Q5,0.37956684185196865,comp_ew,specific
201104,Q5,0.39332213575829145,comp_ew,specific
201105,Q5,0.39819913594144674,comp_ew,specific
201106,Q5,0.4052103987311941,comp_ew,specific
201107,Q5,0.4052964600672015,comp_ew,specific
201108,Q5,0.41836010183418654,comp_ew,specific
201109,Q5,0.43362812972500236,comp_ew,specific
201110,Q5,0.43173459157766375,comp_ew,specific
201111,Q5,0.43555672480525315,comp_ew,specific
201112,Q5,0.442238609414597,comp_ew,specific
201201,Q5,0.4555759573213117,comp_ew,specific
201202,Q5,0.4675687362169475,comp_ew,specific
201203,Q5,0.47160806233283126,comp_ew,specific
201204,Q5,0.4800480356222309,comp_ew,specific
201205,Q5,0.4856351242571188,comp_ew,specific
201206,Q5,0.4859016247957477,comp_ew,specific
201207,Q5,0.4990044146810595,comp_ew,specific
201208,Q5,0.50894739372067,comp_ew,specific
201209,Q5,0.5180064819517809,comp_ew,specific
201210,Q5,0.5317354801758045,comp_ew,specific
201211,Q5,0.5374889789906204,comp_ew,specific
201212,Q5,0.5450535217310314,comp_ew,specific
201301,Q5,0.5462777300225381,comp_ew,specific
201302,Q5,0.5477889106793461,comp_ew,specific
201303,Q5,0.5525490258231728,comp_ew,specific
201304,Q5,0.5620572052815089,comp_ew,specific
201305,Q5,0.5793361350836866,comp_ew,specific
201306,Q5,0.5871574324013579,comp_ew,specific
201307,Q5,0.5954916202813502,comp_ew,specific
201308,Q5,0.6006898646827704,comp_ew,specific
201309,Q5,0.613342389564455,comp_ew,specific
201310,Q5,0.6314771311124372,comp_ew,specific
201311,Q5,0.6324753565677416,comp_ew,specific
201312,Q5,0.6337347492716418,comp_ew,specific
201401,Q5,0.6567775743323749,comp_ew,specific
201402,Q5,0.6626603648411061,comp_ew,specific
201403,Q5,0.6801001172413936,comp_ew,specific
201404,Q5,0.6878348779911866,comp_ew,specific
201405,Q5,0.6936510602239324,comp_ew,specific
201406,Q5,0.6946677403342504,comp_ew,specific
201407,Q5,0.7124928428576432,comp_ew,specific
201408,Q5,0.736780256683325,comp_ew,specific
201409,Q5,0.7326262859042847,comp_ew,specific
201410,Q5,0.7443012482555506,comp_ew,specific
201411,Q5,0.7490493860756414,comp_ew,specific
201412,Q5,0.7582637578373101,comp_ew,specific
201501,Q5,0.7731196723815837,comp_ew,specific
201502,Q5,0.7818763569639738,comp_ew,specific
201503,Q5,0.8037386233314167,comp_ew,specific
201504,Q5,0.8159032793740604,comp_ew,specific
201505,Q5,0.8310993081410345,comp_ew,specific
201506,Q5,0.8338470719500616,comp_ew,specific
201507,Q5,0.8462505869021595,comp_ew,specific
201508,Q5,0.8538705408432222,comp_ew,specific
201509,Q5,0.858713536845249,comp_ew,specific
201510,Q5,0.873041212526663,comp_ew,specific
201511,Q5,0.8912902364045309,comp_ew,specific
201512,Q5,0.8918831720131517,comp_ew,specific
201601,Q5,0.9062937662511003,comp_ew,specific
201602,Q5,0.9089110538954631,comp_ew,specific
201603,Q5,0.9236919822179959,comp_ew,specific
201604,Q5,0.9240611584468723,comp_ew,specific
201605,Q5,0.9416006508830154,comp_ew,specific
201606,Q5,0.9383272746325259,comp_ew,specific
201607,Q5,0.9479290437406152,comp_ew,specific
201608,Q5,0.9724625706769978,comp_ew,specific
201609,Q5,0.9858255721352979,comp_ew,specific
201610,Q5,0.9997568561753196,comp_ew,specific
201611,Q5,1.016114438444537,comp_ew,specific
201612,Q5,1.0206999234438658,comp_ew,specific
201701,Q5,1.037217244425553,comp_ew,specific
201702,Q5,1.0452443626894898,comp_ew,specific
201703,Q5,1.0664599568572983,comp_ew,specific
201704,Q5,1.0730854846786164,comp_ew,specific
201705,Q5,1.0793748294526992,comp_ew,specific
201706,Q5,1.0823397721167405,comp_ew,specific
201707,Q5,1.0944224770821434,comp_ew,specific
201708,Q5,1.0987950182286406,comp_ew,specific
201709,Q5,1.1086282666661245,comp_ew,specific
201710,Q5,1.118509071444251,comp_ew,specific
201711,Q5,1.1279063744846811,comp_ew,specific
201712,Q5,1.1401656525672008,comp_ew,specific
201801,Q5,1.1610825410496488,comp_ew,specific
201802,Q5,1.176870380054231,comp_ew,specific
201803,Q5,1.2022336223247059,comp_ew,specific
201804,Q5,1.211158358495314,comp_ew,specific
201805,Q5,1.2197769024552068,comp_ew,specific
201806,Q5,1.2380445625760788,comp_ew,specific
201807,Q5,1.2529927221110229,comp_ew,specific
201808,Q5,1.2574907885215603,comp_ew,specific
201809,Q5,1.2760471695694777,comp_ew,specific
201810,Q5,1.2761328948217887,comp_ew,specific
201811,Q5,1.2901097566291186,comp_ew,specific
201812,Q5,1.301425614296505,comp_ew,specific
201901,Q5,1.3012297861283624,comp_ew,specific
201902,Q5,1.31214839025606,comp_ew,specific
201903,Q5,1.302556756751211,comp_ew,specific
201904,Q5,1.3058546459743532,comp_ew,specific
201905,Q5,1.3170585723156507,comp_ew,specific
201906,Q5,1.3320993557992447,comp_ew,specific
201907,Q5,1.331606186515489,comp_ew,specific
201908,Q5,1.3368194580228943,comp_ew,specific
201909,Q5,1.3429889513840985,comp_ew,specific
201910,Q5,1.3556299653012145,comp_ew,specific
201911,Q5,1.366624171806193,comp_ew,specific
201912,Q5,1.3714471515153086,comp_ew,specific
202001,Q5,1.3734133462469302,comp_ew,specific
202002,Q5,1.3925334085315098,comp_ew,specific
202003,Q5,1.3964824283765922,comp_ew,specific
202004,Q5,1.395299092709381,comp_ew,specific
202005,Q5,1.406512231800464,comp_ew,specific
202006,Q5,1.4162060572769892,comp_ew,specific
202007,Q5,1.4249751625871496,comp_ew,specific
202008,Q5,1.42666668479188,comp_ew,specific
202009,Q5,1.4287398067422368,comp_ew,specific
202010,Q5,1.4383244346309887,comp_ew,specific
202011,Q5,1.4530505844715793,comp_ew,specific
202012,Q5,1.4582511817690014,comp_ew,specific
202101,Q5,1.4687186479787522,comp_ew,specific
202102,Q5,1.4704873645631678,comp_ew,specific
202103,Q5,1.4764809107227685,comp_ew,specific
202104,Q5,1.4911915521581742,comp_ew,specific
202105,Q5,1.5068413105587923,comp_ew,specific
202106,Q5,1.5138884246824824,comp_ew,specific
202107,Q5,1.5223875043762445,comp_ew,specific
202108,Q5,1.5409769568858265,comp_ew,specific
202109,Q5,1.5541518280958555,comp_ew,specific
202110,Q5,1.567216785893692,comp_ew,specific
202111,Q5,1.580963311956913,comp_ew,specific
202112,Q5,1.5709905205201886,comp_ew,specific
202201,Q5,1.5813515344108777,comp_ew,specific
202202,Q5,1.5883856641562226,comp_ew,specific
202203,Q5,1.607810493811214,comp_ew,specific
202204,Q5,1.6227313984523748,comp_ew,specific
202205,Q5,1.6172051270084793,comp_ew,specific
202206,Q5,1.615948460286084,comp_ew,specific
202207,Q5,1.628183172495147,comp_ew,specific
202208,Q5,1.6262384300532882,comp_ew,specific
202209,Q5,1.6290816886332757,comp_ew,specific
202210,Q5,1.6247283235911731,comp_ew,specific
202211,Q5,1.6542589179437566,comp_ew,specific
202212,Q5,1.655283191252438,comp_ew,specific
202301,Q5,1.6659728392731121,comp_ew,specific
202302,Q5,1.6661514636560195,comp_ew,specific
202303,Q5,1.6832367175083924,comp_ew,specific
202304,Q5,1.6919788420436566,comp_ew,specific
202305,Q5,1.7042214215258058,comp_ew,specific
202306,Q5,1.7136135373622647,comp_ew,specific
202307,Q5,1.7157884922672302,comp_ew,specific
202308,Q5,1.7208586070665866,comp_ew,specific
202309,Q5,1.720309074125893,comp_ew,specific
202310,Q5,1.7308776144624514,comp_ew,specific
202311,Q5,1.7484371953442244,comp_ew,specific
202312,Q5,1.7586588519807855,comp_ew,specific
202401,Q5,1.7616285182022877,comp_ew,specific
202402,Q5,1.766488586640188,comp_ew,specific
202403,Q5,1.7631478780786296,comp_ew,specific
202404,Q5,1.779387977317048,comp_ew,specific
202405,Q5,1.7960178701020832,comp_ew,specific
202406,Q5,1.800141960670665,comp_ew,specific
202407,Q5,1.8128625090381203,comp_ew,specific
202408,Q5,1.8197913585839343,comp_ew,specific
202409,Q5,1.8340397914950435,comp_ew,specific
202410,Q5,1.8526417230379886,comp_ew,specific
202411,Q5,1.8589893094341312,comp_ew,specific
202412,Q5,1.8595326961756575,comp_ew,specific
202501,Q5,1.8710086753725532,comp_ew,specific
202502,Q5,1.8717151836463726,comp_ew,specific
202503,Q5,1.8895448916418782,comp_ew,specific
202504,Q5,1.8889518258623734,comp_ew,specific
202505,Q5,1.892564270255839,comp_ew,specific
202506,Q5,1.9035967884961817,comp_ew,specific
202507,Q5,1.9088864123106148,comp_ew,specific
202508,Q5,1.9106985858506764,comp_ew,specific
202509,Q5,1.9180285425876131,comp_ew,specific
202510,Q5,1.9269129553002105,comp_ew,specific
202511,Q5,1.935028731967024,comp_ew,specific
202512,Q5,1.954299379712763,comp_ew,specific
202601,Q5,1.9615602798350917,comp_ew,specific
202602,Q5,1.9617399118951162,comp_ew,specific
202603,Q5,1.9702605569712808,comp_ew,specific
202604,Q5,1.9823359782248262,comp_ew,specific
202605,Q5,1.9918492584546332,comp_ew,specific
202606,Q5,1.9921118792479857,comp_ew,specific
202607,Q5,,comp_ew,specific
200801,spread,0.033189349399729035,comp_ew,specific
200802,spread,0.06139688123969439,comp_ew,specific
200803,spread,0.08599935513091875,comp_ew,specific
200804,spread,0.10032674510344283,comp_ew,specific
200805,spread,0.111361193601207,comp_ew,specific
200806,spread,0.13296125020358537,comp_ew,specific
200807,spread,0.14993679171767865,comp_ew,specific
200808,spread,0.15756037849746315,comp_ew,specific
200809,spread,0.16662707462964085,comp_ew,specific
200810,spread,0.1809865209050593,comp_ew,specific
200811,spread,0.20697014940446842,comp_ew,specific
200812,spread,0.24182225630076035,comp_ew,specific
200901,spread,0.2559672411131211,comp_ew,specific
200902,spread,0.2758870119965576,comp_ew,specific
200903,spread,0.28807977791437667,comp_ew,specific
200904,spread,0.2938864507309597,comp_ew,specific
200905,spread,0.2992576513653142,comp_ew,specific
200906,spread,0.31378641916973044,comp_ew,specific
200907,spread,0.32483757706110267,comp_ew,specific
200908,spread,0.3538981986714397,comp_ew,specific
200909,spread,0.37460272837115627,comp_ew,specific
200910,spread,0.38687936983168564,comp_ew,specific
200911,spread,0.41318956352720443,comp_ew,specific
200912,spread,0.44008373428690445,comp_ew,specific
201001,spread,0.45711099628361407,comp_ew,specific
201002,spread,0.461880418755197,comp_ew,specific
201003,spread,0.47041679666798797,comp_ew,specific
201004,spread,0.48726033527920726,comp_ew,specific
201005,spread,0.5129139820114382,comp_ew,specific
201006,spread,0.5234838920311076,comp_ew,specific
201007,spread,0.5286934449092898,comp_ew,specific
201008,spread,0.5387097605235981,comp_ew,specific
201009,spread,0.5633302235175313,comp_ew,specific
201010,spread,0.5875741168982129,comp_ew,specific
201011,spread,0.6092590441928448,comp_ew,specific
201012,spread,0.6310032345872335,comp_ew,specific
201101,spread,0.6635456411164335,comp_ew,specific
201102,spread,0.6935601390078242,comp_ew,specific
201103,spread,0.7135962431671811,comp_ew,specific
201104,spread,0.736493979710531,comp_ew,specific
201105,spread,0.7494323796508355,comp_ew,specific
201106,spread,0.7589134726440516,comp_ew,specific
201107,spread,0.7632834495109779,comp_ew,specific
201108,spread,0.7810076336069015,comp_ew,specific
201109,spread,0.8090728866878334,comp_ew,specific
201110,spread,0.8086854510487127,comp_ew,specific
201111,spread,0.8267873923174089,comp_ew,specific
201112,spread,0.8412297535238467,comp_ew,specific
201201,spread,0.8605953508592175,comp_ew,specific
201202,spread,0.8815602790242038,comp_ew,specific
201203,spread,0.9048776764808233,comp_ew,specific
201204,spread,0.909796176170899,comp_ew,specific
201205,spread,0.9182923667710552,comp_ew,specific
201206,spread,0.9369874287304065,comp_ew,specific
201207,spread,0.9851818884006835,comp_ew,specific
201208,spread,1.0037120585118708,comp_ew,specific
201209,spread,1.0245027458473561,comp_ew,specific
201210,spread,1.038493976935883,comp_ew,specific
201211,spread,1.053145613420706,comp_ew,specific
201212,spread,1.0640500654856562,comp_ew,specific
201301,spread,1.06583831814018,comp_ew,specific
201302,spread,1.0723634498030743,comp_ew,specific
201303,spread,1.0767003646711968,comp_ew,specific
201304,spread,1.0971648601592905,comp_ew,specific
201305,spread,1.1257908667887364,comp_ew,specific
201306,spread,1.13966897958203,comp_ew,specific
201307,spread,1.1598689012630092,comp_ew,specific
201308,spread,1.1716957178510237,comp_ew,specific
201309,spread,1.1933411981388846,comp_ew,specific
201310,spread,1.2166305964440631,comp_ew,specific
201311,spread,1.2250555313017482,comp_ew,specific
201312,spread,1.2324459667618053,comp_ew,specific
201401,spread,1.2748258488313837,comp_ew,specific
201402,spread,1.2884854571031168,comp_ew,specific
201403,spread,1.3231863697282416,comp_ew,specific
201404,spread,1.33714943244854,comp_ew,specific
201405,spread,1.3364141996404406,comp_ew,specific
201406,spread,1.342382739105512,comp_ew,specific
201407,spread,1.369255101153113,comp_ew,specific
201408,spread,1.409864690874737,comp_ew,specific
201409,spread,1.4158008207526236,comp_ew,specific
201410,spread,1.4305162160963412,comp_ew,specific
201411,spread,1.4450473634111882,comp_ew,specific
201412,spread,1.4650740417043069,comp_ew,specific
201501,spread,1.4737017319750505,comp_ew,specific
201502,spread,1.493817950857609,comp_ew,specific
201503,spread,1.5199833291337728,comp_ew,specific
201504,spread,1.5439283789537117,comp_ew,specific
201505,spread,1.5550925112298124,comp_ew,specific
201506,spread,1.572286681631451,comp_ew,specific
201507,spread,1.596354038449742,comp_ew,specific
201508,spread,1.6215135799219877,comp_ew,specific
201509,spread,1.6419508175712223,comp_ew,specific
201510,spread,1.6626570014383202,comp_ew,specific
201511,spread,1.6948436371094793,comp_ew,specific
201512,spread,1.6990051399223136,comp_ew,specific
201601,spread,1.7219374587034904,comp_ew,specific
201602,spread,1.7343595959496283,comp_ew,specific
201603,spread,1.7631436629189645,comp_ew,specific
201604,spread,1.769234573230895,comp_ew,specific
201605,spread,1.8019074213439017,comp_ew,specific
201606,spread,1.8096049314337732,comp_ew,specific
201607,spread,1.8221430286512543,comp_ew,specific
201608,spread,1.860618724622152,comp_ew,specific
201609,spread,1.8809698471746434,comp_ew,specific
201610,spread,1.9068564181397833,comp_ew,specific
201611,spread,1.9343502380793947,comp_ew,specific
201612,spread,1.9509527133666205,comp_ew,specific
201701,spread,1.9740826884483411,comp_ew,specific
201702,spread,1.993205265327235,comp_ew,specific
201703,spread,2.025458583091191,comp_ew,specific
201704,spread,2.040788799283792,comp_ew,specific
201705,spread,2.048832737854909,comp_ew,specific
201706,spread,2.051021036068357,comp_ew,specific
201707,spread,2.069970946923996,comp_ew,specific
201708,spread,2.0798336957767942,comp_ew,specific
201709,spread,2.1030724987969514,comp_ew,specific
201710,spread,2.1233840195135216,comp_ew,specific
201711,spread,2.145421795105038,comp_ew,specific
201712,spread,2.162066964186915,comp_ew,specific
201801,spread,2.1854681540600773,comp_ew,specific
201802,spread,2.208519600931837,comp_ew,specific
201803,spread,2.234488881660513,comp_ew,specific
201804,spread,2.2482843483162376,comp_ew,specific
201805,spread,2.283175670400751,comp_ew,specific
201806,spread,2.3113269762239996,comp_ew,specific
201807,spread,2.32894785504798,comp_ew,specific
201808,spread,2.3538956419187524,comp_ew,specific
201809,spread,2.3732648426528495,comp_ew,specific
201810,spread,2.374292055818948,comp_ew,specific
201811,spread,2.401847490818092,comp_ew,specific
201812,spread,2.4299494403739073,comp_ew,specific
201901,spread,2.4458976334015525,comp_ew,specific
201902,spread,2.4638636521071082,comp_ew,specific
201903,spread,2.4622723782639797,comp_ew,specific
201904,spread,2.457637826170481,comp_ew,specific
201905,spread,2.483333599075253,comp_ew,specific
201906,spread,2.5065711070310903,comp_ew,specific
201907,spread,2.514694007439456,comp_ew,specific
201908,spread,2.5286591047117297,comp_ew,specific
201909,spread,2.5539543836928678,comp_ew,specific
201910,spread,2.5737295966190907,comp_ew,specific
201911,spread,2.602323522350704,comp_ew,specific
201912,spread,2.617449161848845,comp_ew,specific
202001,spread,2.6201324239170223,comp_ew,specific
202002,spread,2.6552067920168687,comp_ew,specific
202003,spread,2.652318635124766,comp_ew,specific
202004,spread,2.6549951064225046,comp_ew,specific
202005,spread,2.6717712068352224,comp_ew,specific
202006,spread,2.6874852786588947,comp_ew,specific
202007,spread,2.703612260105961,comp_ew,specific
202008,spread,2.7031444348096847,comp_ew,specific
202009,spread,2.7143607463860784,comp_ew,specific
202010,spread,2.7232762334475575,comp_ew,specific
202011,spread,2.747891094836933,comp_ew,specific
202012,spread,2.7692399112991746,comp_ew,specific
202101,spread,2.785209892814068,comp_ew,specific
202102,spread,2.802990564860476,comp_ew,specific
202103,spread,2.8161744320001927,comp_ew,specific
202104,spread,2.837770217995668,comp_ew,specific
202105,spread,2.8615966023995516,comp_ew,specific
202106,spread,2.876166286351682,comp_ew,specific
202107,spread,2.8961596242766556,comp_ew,specific
202108,spread,2.9087924193470296,comp_ew,specific
202109,spread,2.9304713689307134,comp_ew,specific
202110,spread,2.9524345462622366,comp_ew,specific
202111,spread,2.9772974735104487,comp_ew,specific
202112,spread,2.98555533736017,comp_ew,specific
202201,spread,3.0127932503709776,comp_ew,specific
202202,spread,3.0232710850917854,comp_ew,specific
202203,spread,3.0569711510774855,comp_ew,specific
202204,spread,3.081788540512694,comp_ew,specific
202205,spread,3.0753192687006434,comp_ew,specific
202206,spread,3.083121237136035,comp_ew,specific
202207,spread,3.103317736745415,comp_ew,specific
202208,spread,3.1112367485004477,comp_ew,specific
202209,spread,3.1134149466254195,comp_ew,specific
202210,spread,3.119382519546563,comp_ew,specific
202211,spread,3.157850091320853,comp_ew,specific
202212,spread,3.1692002192068625,comp_ew,specific
202301,spread,3.194696761714659,comp_ew,specific
202302,spread,3.212806770254243,comp_ew,specific
202303,spread,3.2266492361557617,comp_ew,specific
202304,spread,3.24681759139687,comp_ew,specific
202305,spread,3.2673087193425525,comp_ew,specific
202306,spread,3.283495066744121,comp_ew,specific
202307,spread,3.298130373621321,comp_ew,specific
202308,spread,3.304072138478331,comp_ew,specific
202309,spread,3.313121231557597,comp_ew,specific
202310,spread,3.3366670316372544,comp_ew,specific
202311,spread,3.360754815675958,comp_ew,specific
202312,spread,3.372763260116857,comp_ew,specific
202401,spread,3.369337176905285,comp_ew,specific
202402,spread,3.3756656454903764,comp_ew,specific
202403,spread,3.3865833950501734,comp_ew,specific
202404,spread,3.410029505330396,comp_ew,specific
202405,spread,3.430765809188376,comp_ew,specific
202406,spread,3.4422560935789894,comp_ew,specific
202407,spread,3.4681307058130133,comp_ew,specific
202408,spread,3.4782691263274037,comp_ew,specific
202409,spread,3.495986166574875,comp_ew,specific
202410,spread,3.518371199420248,comp_ew,specific
202411,spread,3.540500174888715,comp_ew,specific
202412,spread,3.5486551377016573,comp_ew,specific
202501,spread,3.565666523465644,comp_ew,specific
202502,spread,3.5811293735889302,comp_ew,specific
202503,spread,3.6178799033219424,comp_ew,specific
202504,spread,3.6147513604710833,comp_ew,specific
202505,spread,3.6210199531736977,comp_ew,specific
202506,spread,3.641545633546735,comp_ew,specific
202507,spread,3.651972576415296,comp_ew,specific
202508,spread,3.6524790144607815,comp_ew,specific
202509,spread,3.660456548166618,comp_ew,specific
202510,spread,3.682342894153041,comp_ew,specific
202511,spread,3.7090422249557213,comp_ew,specific
202512,spread,3.7251592679022063,comp_ew,specific
202601,spread,3.7361187319039795,comp_ew,specific
202602,spread,3.7446511768899873,comp_ew,specific
202603,spread,3.7586062526415596,comp_ew,specific
202604,spread,3.7830817379927044,comp_ew,specific
202605,spread,3.7984468146950703,comp_ew,specific
202606,spread,3.80949955122251,comp_ew,specific
202607,spread,,comp_ew,specific
