date,quantile,mean_return,n,signal,returns,horizon
200801,1,0.09991298016810501,143,comp_ew,total,1
200801,2,0.10263005658429483,142,comp_ew,total,1
200801,3,0.10506373364847693,142,comp_ew,total,1
200801,4,0.12951889699252503,142,comp_ew,total,1
200801,5,0.13310232956783405,142,comp_ew,total,1
200802,1,0.02756992586480546,143,comp_ew,total,1
200802,2,0.027070027375238358,142,comp_ew,total,1
200802,3,0.03545938163690188,142,comp_ew,total,1
200802,4,0.04672491559442712,142,comp_ew,total,1
200802,5,0.055777457704770814,142,comp_ew,total,1
200803,1,-0.0316240013466154,144,comp_ew,total,1
200803,2,-0.025672309523044896,143,comp_ew,total,1
200803,3,-0.01771914713480107,144,comp_ew,total,1
200803,4,-0.021724643416210505,143,comp_ew,total,1
200803,5,-0.0070215274553910466,143,comp_ew,total,1
200804,1,-0.012002055103582827,144,comp_ew,total,1
200804,2,-0.006545023086971703,143,comp_ew,total,1
200804,3,0.006166007262662369,144,comp_ew,total,1
200804,4,0.009180708161923054,143,comp_ew,total,1
200804,5,0.0023253348689412662,143,comp_ew,total,1
200805,1,-0.024536099213732773,143,comp_ew,total,1
200805,2,-0.04518972541289183,143,comp_ew,total,1
200805,3,-0.024986138494853233,143,comp_ew,total,1
200805,4,-0.009351128768495304,143,comp_ew,total,1
200805,5,-0.013501650715968616,142,comp_ew,total,1
200806,1,-0.10639042135866676,145,comp_ew,total,1
200806,2,-0.10159483153097043,144,comp_ew,total,1
200806,3,-0.09043469093647234,145,comp_ew,total,1
200806,4,-0.09278540075807547,144,comp_ew,total,1
200806,5,-0.08479036475628837,144,comp_ew,total,1
200807,1,0.13304596265172788,145,comp_ew,total,1
200807,2,0.138586558206833,145,comp_ew,total,1
200807,3,0.1423492714866976,145,comp_ew,total,1
200807,4,0.1531370084016933,145,comp_ew,total,1
200807,5,0.1500215041658212,145,comp_ew,total,1
200808,1,-0.0009053132262926979,146,comp_ew,total,1
200808,2,0.007255448912475786,145,comp_ew,total,1
200808,3,-0.0004062323870181704,145,comp_ew,total,1
200808,4,0.005291932575132114,145,comp_ew,total,1
200808,5,0.006718273553491788,145,comp_ew,total,1
200809,1,0.057398221058461964,145,comp_ew,total,1
200809,2,0.05025858133779502,145,comp_ew,total,1
200809,3,0.06409032004739526,145,comp_ew,total,1
200809,4,0.03901128807852116,145,comp_ew,total,1
200809,5,0.06646491719063966,144,comp_ew,total,1
200810,1,-0.047278822908645435,146,comp_ew,total,1
200810,2,-0.04209184409980657,146,comp_ew,total,1
200810,3,-0.04549154001555617,145,comp_ew,total,1
200810,4,-0.03560229703147714,146,comp_ew,total,1
200810,5,-0.03291937663322699,145,comp_ew,total,1
200811,1,0.027850874909805874,147,comp_ew,total,1
200811,2,0.03223853408103847,147,comp_ew,total,1
200811,3,0.030488346521787064,147,comp_ew,total,1
200811,4,0.04369862870655691,147,comp_ew,total,1
200811,5,0.05383450340921502,147,comp_ew,total,1
200812,1,-0.01638407104750567,147,comp_ew,total,1
200812,2,0.0046409225321399055,147,comp_ew,total,1
200812,3,0.004273587209927957,147,comp_ew,total,1
200812,4,0.010430743747409231,147,comp_ew,total,1
200812,5,0.018468035848786257,146,comp_ew,total,1
200901,1,0.009134093225851386,147,comp_ew,total,1
200901,2,0.004724750059952375,147,comp_ew,total,1
200901,3,0.009984904179346634,147,comp_ew,total,1
200901,4,0.006549563254990028,147,comp_ew,total,1
200901,5,0.023279078038212095,147,comp_ew,total,1
200902,1,-0.04132982122942712,148,comp_ew,total,1
200902,2,-0.03307533907724547,148,comp_ew,total,1
200902,3,-0.02564188723071846,148,comp_ew,total,1
200902,4,-0.029652603552559834,148,comp_ew,total,1
200902,5,-0.021410050345990632,148,comp_ew,total,1
200903,1,-0.024428217841942212,148,comp_ew,total,1
200903,2,-0.015286863791326726,148,comp_ew,total,1
200903,3,-0.02347560453716079,148,comp_ew,total,1
200903,4,-0.0076379612107307865,148,comp_ew,total,1
200903,5,-0.012235451924123125,148,comp_ew,total,1
200904,1,0.060116710860446204,150,comp_ew,total,1
200904,2,0.06771617172711711,149,comp_ew,total,1
200904,3,0.053131665677517675,149,comp_ew,total,1
200904,4,0.05774753892246248,149,comp_ew,total,1
200904,5,0.06592338367702923,149,comp_ew,total,1
200905,1,-0.008541441609615572,150,comp_ew,total,1
200905,2,-0.008911355550244266,149,comp_ew,total,1
200905,3,-0.01589811209676622,149,comp_ew,total,1
200905,4,-0.009768620662023811,149,comp_ew,total,1
200905,5,-0.0031702409752610732,149,comp_ew,total,1
200906,1,-0.08126692848296445,150,comp_ew,total,1
200906,2,-0.07466458873752838,149,comp_ew,total,1
200906,3,-0.0862911419028221,150,comp_ew,total,1
200906,4,-0.0751798791867786,149,comp_ew,total,1
200906,5,-0.06673816067854818,149,comp_ew,total,1
200907,1,-0.02092443466933154,151,comp_ew,total,1
200907,2,-0.01429616267415352,150,comp_ew,total,1
200907,3,-0.009279652432926914,151,comp_ew,total,1
200907,4,-0.0116202297079537,150,comp_ew,total,1
200907,5,-0.009873276777959284,150,comp_ew,total,1
200908,1,-0.06501173968206614,152,comp_ew,total,1
200908,2,-0.05950000101411527,151,comp_ew,total,1
200908,3,-0.05787655297586354,151,comp_ew,total,1
200908,4,-0.04670127049042499,151,comp_ew,total,1
200908,5,-0.035951118071729134,151,comp_ew,total,1
200909,1,-0.050118610982483304,152,comp_ew,total,1
200909,2,-0.03932032428424261,152,comp_ew,total,1
200909,3,-0.038323999112132565,151,comp_ew,total,1
200909,4,-0.038803943709670684,152,comp_ew,total,1
200909,5,-0.029414081282766704,151,comp_ew,total,1
200910,1,-0.12018922375480495,152,comp_ew,total,1
200910,2,-0.1145317597595388,152,comp_ew,total,1
200910,3,-0.10263771357401867,152,comp_ew,total,1
200910,4,-0.1033232970158324,152,comp_ew,total,1
200910,5,-0.10791258229427558,152,comp_ew,total,1
200911,1,-0.062096781390762,152,comp_ew,total,1
200911,2,-0.05973831897221479,152,comp_ew,total,1
200911,3,-0.05069886633522473,152,comp_ew,total,1
200911,4,-0.04624196613144565,152,comp_ew,total,1
200911,5,-0.03578658769524321,152,comp_ew,total,1
200912,1,0.0071918250542680725,153,comp_ew,total,1
200912,2,0.016792042338286184,152,comp_ew,total,1
200912,3,0.02055935802264732,152,comp_ew,total,1
200912,4,0.02846335874132374,152,comp_ew,total,1
200912,5,0.034085995813968074,152,comp_ew,total,1
201001,1,-0.014790854199863377,153,comp_ew,total,1
201001,2,-0.007595899837130867,153,comp_ew,total,1
201001,3,-0.008860354809457896,152,comp_ew,total,1
201001,4,-0.008570542019459818,153,comp_ew,total,1
201001,5,0.002236407796846257,152,comp_ew,total,1
201002,1,0.1270537266799836,153,comp_ew,total,1
201002,2,0.11220902836638848,153,comp_ew,total,1
201002,3,0.11612403889484882,152,comp_ew,total,1
201002,4,0.12738230847788004,153,comp_ew,total,1
201002,5,0.13182314915156648,152,comp_ew,total,1
201003,1,0.0005455595074522377,153,comp_ew,total,1
201003,2,0.0034210239345159685,153,comp_ew,total,1
201003,3,-0.0013524949510036694,153,comp_ew,total,1
201003,4,0.007594929143086961,153,comp_ew,total,1
201003,5,0.00908193742024322,153,comp_ew,total,1
201004,1,0.014222420538946439,154,comp_ew,total,1
201004,2,0.005588322777315814,153,comp_ew,total,1
201004,3,0.020896506249897966,153,comp_ew,total,1
201004,4,0.025521448951312562,153,comp_ew,total,1
201004,5,0.03106595915016574,153,comp_ew,total,1
201005,1,-0.08555499243344353,155,comp_ew,total,1
201005,2,-0.08261412101663634,154,comp_ew,total,1
201005,3,-0.06885526812966357,155,comp_ew,total,1
201005,4,-0.07338376914801786,154,comp_ew,total,1
201005,5,-0.05990134570121251,154,comp_ew,total,1
201006,1,0.05714343530711729,155,comp_ew,total,1
201006,2,0.04838831404628616,155,comp_ew,total,1
201006,3,0.07016922869848419,155,comp_ew,total,1
201006,4,0.07632645015107867,155,comp_ew,total,1
201006,5,0.06771334532678666,155,comp_ew,total,1
201007,1,-0.033515208711893826,156,comp_ew,total,1
201007,2,-0.032525608157032246,156,comp_ew,total,1
201007,3,-0.02274314559565836,155,comp_ew,total,1
201007,4,-0.027076840720532944,156,comp_ew,total,1
201007,5,-0.02830565583371162,155,comp_ew,total,1
201008,1,0.07444077566548032,156,comp_ew,total,1
201008,2,0.08275406137623109,156,comp_ew,total,1
201008,3,0.08085011414437583,155,comp_ew,total,1
201008,4,0.084933260277711,156,comp_ew,total,1
201008,5,0.08445709127978861,155,comp_ew,total,1
201009,1,-0.08580157605106138,157,comp_ew,total,1
201009,2,-0.08379391261304513,156,comp_ew,total,1
201009,3,-0.07964190921840257,156,comp_ew,total,1
201009,4,-0.057292721801106956,156,comp_ew,total,1
201009,5,-0.06118111305712821,156,comp_ew,total,1
201010,1,-0.037514896656021084,156,comp_ew,total,1
201010,2,-0.024985627221779567,155,comp_ew,total,1
201010,3,-0.016413406797802475,155,comp_ew,total,1
201010,4,-0.012390421305707089,155,comp_ew,total,1
201010,5,-0.013271003275339347,155,comp_ew,total,1
201011,1,0.04004218994898728,156,comp_ew,total,1
201011,2,0.03724158410838207,156,comp_ew,total,1
201011,3,0.0520558090493701,156,comp_ew,total,1
201011,4,0.05141829665576527,156,comp_ew,total,1
201011,5,0.06172711724361915,155,comp_ew,total,1
201012,1,0.0019640719853010564,157,comp_ew,total,1
201012,2,0.009607539082722648,157,comp_ew,total,1
201012,3,0.010625025623047811,156,comp_ew,total,1
201012,4,0.005014190150714521,157,comp_ew,total,1
201012,5,0.02370826237968977,156,comp_ew,total,1
201101,1,0.023245884924389497,157,comp_ew,total,1
201101,2,0.040367562230508455,156,comp_ew,total,1
201101,3,0.04202938920930484,157,comp_ew,total,1
201101,4,0.045781169134569394,156,comp_ew,total,1
201101,5,0.055788291453589524,156,comp_ew,total,1
201102,1,0.03558009087474897,158,comp_ew,total,1
201102,2,0.03885388170460269,157,comp_ew,total,1
201102,3,0.044439401077140346,158,comp_ew,total,1
201102,4,0.04482574847467518,157,comp_ew,total,1
201102,5,0.06559458876613958,157,comp_ew,total,1
201103,1,-0.11263533257799799,158,comp_ew,total,1
201103,2,-0.09159361575157884,158,comp_ew,total,1
201103,3,-0.0991985259428278,158,comp_ew,total,1
201103,4,-0.08780593981437307,158,comp_ew,total,1
201103,5,-0.09259922841864114,157,comp_ew,total,1
201104,1,0.04837563608174554,159,comp_ew,total,1
201104,2,0.044521539311263625,159,comp_ew,total,1
201104,3,0.06085654993264184,159,comp_ew,total,1
201104,4,0.06775540745582952,159,comp_ew,total,1
201104,5,0.07127337262509548,158,comp_ew,total,1
201105,1,-0.10609958401065885,160,comp_ew,total,1
201105,2,-0.10412704908192785,159,comp_ew,total,1
201105,3,-0.10810634763001407,160,comp_ew,total,1
201105,4,-0.09048672362420922,159,comp_ew,total,1
201105,5,-0.09316118407035429,159,comp_ew,total,1
201106,1,-0.018570513691638972,160,comp_ew,total,1
201106,2,-0.01751876012154749,160,comp_ew,total,1
201106,3,-0.005976050125805698,160,comp_ew,total,1
201106,4,-0.013423723916836166,160,comp_ew,total,1
201106,5,-0.009089420698422827,159,comp_ew,total,1
201107,1,0.13472154016954047,161,comp_ew,total,1
201107,2,0.13702136978978563,161,comp_ew,total,1
201107,3,0.13336326925896969,160,comp_ew,total,1
201107,4,0.1493445355347321,161,comp_ew,total,1
201107,5,0.13909151703646672,160,comp_ew,total,1
201108,1,0.01640264950050916,161,comp_ew,total,1
201108,2,0.01574642346145564,161,comp_ew,total,1
201108,3,0.01891290415552339,160,comp_ew,total,1
201108,4,0.019951951711988002,161,comp_ew,total,1
201108,5,0.03412683359643278,160,comp_ew,total,1
201109,1,-0.12462242238658572,161,comp_ew,total,1
201109,2,-0.12724817918170234,160,comp_ew,total,1
201109,3,-0.12334441913322203,161,comp_ew,total,1
201109,4,-0.10372572927428732,160,comp_ew,total,1
201109,5,-0.0965571693056538,160,comp_ew,total,1
201110,1,-0.03509554545015823,161,comp_ew,total,1
201110,2,-0.04265231629743852,161,comp_ew,total,1
201110,3,-0.052707532008227545,161,comp_ew,total,1
201110,4,-0.02526201549228949,161,comp_ew,total,1
201110,5,-0.035482981089278894,161,comp_ew,total,1
201111,1,-0.06903570377094932,162,comp_ew,total,1
201111,2,-0.05397848108598337,161,comp_ew,total,1
201111,3,-0.056038461585189964,161,comp_ew,total,1
201111,4,-0.05000939721767149,161,comp_ew,total,1
201111,5,-0.05093376250225308,161,comp_ew,total,1
201112,1,0.0755416061588497,161,comp_ew,total,1
201112,2,0.08144929918804439,161,comp_ew,total,1
201112,3,0.07480118909261066,161,comp_ew,total,1
201112,4,0.09395480888710557,161,comp_ew,total,1
201112,5,0.08998396736528737,160,comp_ew,total,1
201201,1,-0.05253521231265016,161,comp_ew,total,1
201201,2,-0.048897999360078666,161,comp_ew,total,1
201201,3,-0.04326273089144145,161,comp_ew,total,1
201201,4,-0.05028235713719677,161,comp_ew,total,1
201201,5,-0.03316961497727931,160,comp_ew,total,1
201202,1,-0.05680408046121843,162,comp_ew,total,1
201202,2,-0.04548841763010511,162,comp_ew,total,1
201202,3,-0.05309257658678166,161,comp_ew,total,1
201202,4,-0.03265775114145983,162,comp_ew,total,1
201202,5,-0.035839152296232156,161,comp_ew,total,1
201203,1,-0.07818369323842486,162,comp_ew,total,1
201203,2,-0.07547799401662204,162,comp_ew,total,1
201203,3,-0.057358824667852554,162,comp_ew,total,1
201203,4,-0.06149859238384511,162,comp_ew,total,1
201203,5,-0.054866295781805366,162,comp_ew,total,1
201204,1,0.06040292394196191,162,comp_ew,total,1
201204,2,0.050052256948402006,162,comp_ew,total,1
201204,3,0.04662381714896857,162,comp_ew,total,1
201204,4,0.058505894379675946,162,comp_ew,total,1
201204,5,0.06532142363203762,162,comp_ew,total,1
201205,1,0.042995478895932596,163,comp_ew,total,1
201205,2,0.04859536774546072,162,comp_ew,total,1
201205,3,0.050904800688132995,162,comp_ew,total,1
201205,4,0.04686234034845751,162,comp_ew,total,1
201205,5,0.05149166949608873,162,comp_ew,total,1
201206,1,-0.03551228068925737,164,comp_ew,total,1
201206,2,-0.028583791909106565,163,comp_ew,total,1
201206,3,-0.011177033540320904,163,comp_ew,total,1
201206,4,-0.024762825144397413,163,comp_ew,total,1
201206,5,-0.01681721872990606,163,comp_ew,total,1
201207,1,-0.03024192129081468,164,comp_ew,total,1
201207,2,-0.0022501780062926077,163,comp_ew,total,1
201207,3,0.011817355477423118,163,comp_ew,total,1
201207,4,0.009303320963577338,163,comp_ew,total,1
201207,5,0.017952538379462347,163,comp_ew,total,1
201208,1,0.005207723268617704,164,comp_ew,total,1
201208,2,0.009760671241072811,164,comp_ew,total,1
201208,3,0.024535545534461484,164,comp_ew,total,1
201208,4,0.019234949462641322,164,comp_ew,total,1
201208,5,0.02373789337980508,163,comp_ew,total,1
201209,1,-0.11400945905930347,164,comp_ew,total,1
201209,2,-0.10266443297393889,164,comp_ew,total,1
201209,3,-0.1042702367235014,164,comp_ew,total,1
201209,4,-0.10123760613445065,164,comp_ew,total,1
201209,5,-0.0932187717238183,163,comp_ew,total,1
201210,1,-0.03739339581840193,165,comp_ew,total,1
201210,2,-0.0305934812618937,165,comp_ew,total,1
201210,3,-0.03789774676338228,164,comp_ew,total,1
201210,4,-0.02982288909903101,165,comp_ew,total,1
201210,5,-0.02340216472987505,164,comp_ew,total,1
201211,1,0.0004298277349374842,165,comp_ew,total,1
201211,2,0.005378381696581247,165,comp_ew,total,1
201211,3,0.0020459939481818072,165,comp_ew,total,1
201211,4,0.016596979278933312,165,comp_ew,total,1
201211,5,0.015081464219760556,164,comp_ew,total,1
201212,1,-0.07746075378052572,165,comp_ew,total,1
201212,2,-0.07895562781741933,165,comp_ew,total,1
201212,3,-0.07370743281762006,165,comp_ew,total,1
201212,4,-0.07375943016676587,165,comp_ew,total,1
201212,5,-0.06655630171557561,164,comp_ew,total,1
201301,1,-0.016008884131751385,165,comp_ew,total,1
201301,2,-0.005985024575003303,164,comp_ew,total,1
201301,3,-0.012187158964391513,165,comp_ew,total,1
201301,4,-0.009468907475226477,164,comp_ew,total,1
201301,5,-0.014220631477227595,164,comp_ew,total,1
201302,1,-0.01737765619647993,165,comp_ew,total,1
201302,2,-0.014525178075335274,164,comp_ew,total,1
201302,3,-0.012430590416920283,165,comp_ew,total,1
201302,4,-0.009586316730313718,164,comp_ew,total,1
201302,5,-0.010852524533585713,164,comp_ew,total,1
201303,1,-0.08402537736749928,165,comp_ew,total,1
201303,2,-0.07848301087255488,164,comp_ew,total,1
201303,3,-0.09831265805198124,164,comp_ew,total,1
201303,4,-0.07184904288944022,164,comp_ew,total,1
201303,5,-0.0796884624993768,164,comp_ew,total,1
201304,1,0.03364878581185681,165,comp_ew,total,1
201304,2,0.048192798398800495,165,comp_ew,total,1
201304,3,0.04367204456113265,165,comp_ew,total,1
201304,4,0.044888834079952276,165,comp_ew,total,1
201304,5,0.054113281299950584,164,comp_ew,total,1
201305,1,-0.059313310060528264,166,comp_ew,total,1
201305,2,-0.05660286578337536,165,comp_ew,total,1
201305,3,-0.0469712870993158,165,comp_ew,total,1
201305,4,-0.03804818790090171,165,comp_ew,total,1
201305,5,-0.030687303431082433,165,comp_ew,total,1
201306,1,-0.04096723390609843,166,comp_ew,total,1
201306,2,-0.037190801943434965,165,comp_ew,total,1
201306,3,-0.04568790168148067,165,comp_ew,total,1
201306,4,-0.025075374786326043,165,comp_ew,total,1
201306,5,-0.02708912111280471,165,comp_ew,total,1
201307,1,0.07449741802854844,166,comp_ew,total,1
201307,2,0.07248564923757322,166,comp_ew,total,1
201307,3,0.08147744034339147,166,comp_ew,total,1
201307,4,0.08633291525428743,166,comp_ew,total,1
201307,5,0.0946973397095276,166,comp_ew,total,1
201308,1,-0.0037339091028997426,166,comp_ew,total,1
201308,2,-0.007079252812822163,165,comp_ew,total,1
201308,3,0.008416358344192791,166,comp_ew,total,1
201308,4,0.014810308943784389,165,comp_ew,total,1
201308,5,0.008092907485114655,165,comp_ew,total,1
201309,1,-0.14630680987117126,166,comp_ew,total,1
201309,2,-0.14602959094693532,166,comp_ew,total,1
201309,3,-0.11982721378361093,165,comp_ew,total,1
201309,4,-0.13217029584114798,166,comp_ew,total,1
201309,5,-0.12466132958331028,165,comp_ew,total,1
201310,1,-0.07247373056487315,166,comp_ew,total,1
201310,2,-0.06848620906292402,166,comp_ew,total,1
201310,3,-0.060079757067870526,165,comp_ew,total,1
201310,4,-0.05369031734750414,166,comp_ew,total,1
201310,5,-0.04918433225969463,165,comp_ew,total,1
201311,1,-0.04095725009984399,166,comp_ew,total,1
201311,2,-0.029873569882658085,166,comp_ew,total,1
201311,3,-0.03207077221596519,166,comp_ew,total,1
201311,4,-0.03015251402922918,166,comp_ew,total,1
201311,5,-0.03253231524215887,166,comp_ew,total,1
201312,1,-0.019949844842477787,167,comp_ew,total,1
201312,2,-0.014165297245593803,166,comp_ew,total,1
201312,3,-0.008662795655808105,166,comp_ew,total,1
201312,4,0.007101019297484186,166,comp_ew,total,1
201312,5,-0.012559409382420643,166,comp_ew,total,1
201401,1,0.04557268320505152,167,comp_ew,total,1
201401,2,0.05457778749613708,167,comp_ew,total,1
201401,3,0.0563791065680511,167,comp_ew,total,1
201401,4,0.07018801199180687,167,comp_ew,total,1
201401,5,0.08795256527462986,167,comp_ew,total,1
201402,1,0.051021889153405726,167,comp_ew,total,1
201402,2,0.0514730568151261,167,comp_ew,total,1
201402,3,0.0491910997422114,167,comp_ew,total,1
201402,4,0.05912795587270965,167,comp_ew,total,1
201402,5,0.06468149742513872,166,comp_ew,total,1
201403,1,0.08764064797775999,168,comp_ew,total,1
201403,2,0.0988988110020087,167,comp_ew,total,1
201403,3,0.0988760011171083,168,comp_ew,total,1
201403,4,0.11229511158608099,167,comp_ew,total,1
201403,5,0.12234156060288486,167,comp_ew,total,1
201404,1,-0.0008775721370948118,168,comp_ew,total,1
201404,2,-0.004265274358310782,168,comp_ew,total,1
201404,3,0.009570753436436466,168,comp_ew,total,1
201404,4,0.0165401449857242,168,comp_ew,total,1
201404,5,0.01308549058320362,168,comp_ew,total,1
201405,1,0.04767550141992198,169,comp_ew,total,1
201405,2,0.04356303771811798,169,comp_ew,total,1
201405,3,0.02981865044504123,169,comp_ew,total,1
201405,4,0.043492638538183664,169,comp_ew,total,1
201405,5,0.04694026861182251,168,comp_ew,total,1
201406,1,-0.007614451292183017,169,comp_ew,total,1
201406,2,0.00241943079396227,169,comp_ew,total,1
201406,3,-0.004039743286726948,169,comp_ew,total,1
201406,4,-0.0012779517465049627,169,comp_ew,total,1
201406,5,-0.0016459118271114413,169,comp_ew,total,1
201407,1,-0.08367585749246584,170,comp_ew,total,1
201407,2,-0.07412424468271078,170,comp_ew,total,1
201407,3,-0.06720119233009528,169,comp_ew,total,1
201407,4,-0.07544551365483859,170,comp_ew,total,1
201407,5,-0.05680349544486482,169,comp_ew,total,1
201408,1,0.09326269603148198,171,comp_ew,total,1
201408,2,0.10341913115334875,170,comp_ew,total,1
201408,3,0.11312299172091413,170,comp_ew,total,1
201408,4,0.12234138425849482,170,comp_ew,total,1
201408,5,0.13387228575310592,170,comp_ew,total,1
201409,1,-0.09750012907937582,171,comp_ew,total,1
201409,2,-0.0962643708360541,170,comp_ew,total,1
201409,3,-0.08292099434443333,171,comp_ew,total,1
201409,4,-0.08253996531220588,170,comp_ew,total,1
201409,5,-0.09156399920148928,170,comp_ew,total,1
201410,1,0.03213579380314827,170,comp_ew,total,1
201410,2,0.027126527967561168,170,comp_ew,total,1
201410,3,0.039868160799851615,169,comp_ew,total,1
201410,4,0.041038707172874424,170,comp_ew,total,1
201410,5,0.046851189146865944,169,comp_ew,total,1
201411,1,-0.1237791880983383,171,comp_ew,total,1
201411,2,-0.11742874476026828,171,comp_ew,total,1
201411,3,-0.11752284987112621,170,comp_ew,total,1
201411,4,-0.10685448820441203,171,comp_ew,total,1
201411,5,-0.10924804078349114,170,comp_ew,total,1
201412,1,-0.015420770616856504,171,comp_ew,total,1
201412,2,-0.0016371911443627198,170,comp_ew,total,1
201412,3,0.005424725392752347,171,comp_ew,total,1
201412,4,-0.0017402372079547734,170,comp_ew,total,1
201412,5,0.0046059076762621715,170,comp_ew,total,1
201501,1,0.14289140035082634,170,comp_ew,total,1
201501,2,0.14301697909887653,169,comp_ew,total,1
201501,3,0.1381438968242469,170,comp_ew,total,1
201501,4,0.1330888697071926,169,comp_ew,total,1
201501,5,0.1515190906215699,169,comp_ew,total,1
201502,1,0.04656062605584864,171,comp_ew,total,1
201502,2,0.04951873918330311,170,comp_ew,total,1
201502,3,0.06650667314166353,170,comp_ew,total,1
201502,4,0.05769904070378069,170,comp_ew,total,1
201502,5,0.06667684493840714,170,comp_ew,total,1
201503,1,0.04089337548724462,171,comp_ew,total,1
201503,2,0.041854228606358956,170,comp_ew,total,1
201503,3,0.034101198990516515,170,comp_ew,total,1
201503,4,0.04655311600216009,170,comp_ew,total,1
201503,5,0.0670587537634084,170,comp_ew,total,1
201504,1,0.013773449941094478,171,comp_ew,total,1
201504,2,0.029194918502745536,170,comp_ew,total,1
201504,3,0.025605788809708194,170,comp_ew,total,1
201504,4,0.028836931500969405,170,comp_ew,total,1
201504,5,0.03771849976103333,170,comp_ew,total,1
201505,1,-0.015520166066904525,170,comp_ew,total,1
201505,2,-0.010267601543310927,170,comp_ew,total,1
201505,3,-0.01947469606306645,170,comp_ew,total,1
201505,4,-0.021126622470589777,170,comp_ew,total,1
201505,5,-0.004356033790803926,170,comp_ew,total,1
201506,1,-0.07829880822105574,170,comp_ew,total,1
201506,2,-0.05705641882532477,169,comp_ew,total,1
201506,3,-0.06713392331108874,170,comp_ew,total,1
201506,4,-0.06945175323705753,169,comp_ew,total,1
201506,5,-0.06110463781941733,169,comp_ew,total,1
201507,1,-0.05501470374170412,170,comp_ew,total,1
201507,2,-0.040285458228348496,169,comp_ew,total,1
201507,3,-0.049954089695884045,170,comp_ew,total,1
201507,4,-0.04466055943072896,169,comp_ew,total,1
201507,5,-0.03094734692341296,169,comp_ew,total,1
201508,1,0.001462288113085429,170,comp_ew,total,1
201508,2,0.007130848154250732,170,comp_ew,total,1
201508,3,0.02333676775186737,170,comp_ew,total,1
201508,4,0.016507698644386587,170,comp_ew,total,1
201508,5,0.02662182958533116,170,comp_ew,total,1
201509,1,0.013812933153284248,170,comp_ew,total,1
201509,2,0.027686798892217562,169,comp_ew,total,1
201509,3,0.030067362881950273,169,comp_ew,total,1
201509,4,0.018967537846013502,169,comp_ew,total,1
201509,5,0.034250170802518895,169,comp_ew,total,1
201510,1,0.013130720330322128,170,comp_ew,total,1
201510,2,0.01462394142622712,169,comp_ew,total,1
201510,3,0.020091257534108523,170,comp_ew,total,1
201510,4,0.015278162012379365,169,comp_ew,total,1
201510,5,0.03383690419742007,169,comp_ew,total,1
201511,1,0.06663625461261058,170,comp_ew,total,1
201511,2,0.0733693331443772,170,comp_ew,total,1
201511,3,0.07825615962471434,170,comp_ew,total,1
201511,4,0.08639404731712422,170,comp_ew,total,1
201511,5,0.09882289028376966,170,comp_ew,total,1
201512,1,0.04212207413707932,170,comp_ew,total,1
201512,2,0.043009157949885364,170,comp_ew,total,1
201512,3,0.05074255170952173,169,comp_ew,total,1
201512,4,0.05091661307011873,170,comp_ew,total,1
201512,5,0.046283576949913655,169,comp_ew,total,1
201601,1,-0.09636791532210852,169,comp_ew,total,1
201601,2,-0.08406526895763423,169,comp_ew,total,1
201601,3,-0.09219131142422557,169,comp_ew,total,1
201601,4,-0.07848475574393053,169,comp_ew,total,1
201601,5,-0.07343559654093178,169,comp_ew,total,1
201602,1,-0.028527443108546137,168,comp_ew,total,1
201602,2,-0.020565149013738054,168,comp_ew,total,1
201602,3,-0.02720449443216457,168,comp_ew,total,1
201602,4,-0.02274820454530241,168,comp_ew,total,1
201602,5,-0.01610530586240811,168,comp_ew,total,1
201603,1,0.03612449819517842,169,comp_ew,total,1
201603,2,0.04172385218086467,168,comp_ew,total,1
201603,3,0.05217632825487918,169,comp_ew,total,1
201603,4,0.05494503822553339,168,comp_ew,total,1
201603,5,0.06490856516451475,168,comp_ew,total,1
201604,1,0.005884320513214143,168,comp_ew,total,1
201604,2,0.015945764553998144,168,comp_ew,total,1
201604,3,0.021734104755534816,168,comp_ew,total,1
201604,4,0.016259454130245553,168,comp_ew,total,1
201604,5,0.011975230825144597,167,comp_ew,total,1
201605,1,0.140373074977377,169,comp_ew,total,1
201605,2,0.15415268025977372,168,comp_ew,total,1
201605,3,0.16159237708871305,168,comp_ew,total,1
201605,4,0.14844013551185029,168,comp_ew,total,1
201605,5,0.17304592309038377,168,comp_ew,total,1
201606,1,0.0314360702240826,169,comp_ew,total,1
201606,2,0.032784136046490546,168,comp_ew,total,1
201606,3,0.02880776113551682,168,comp_ew,total,1
201606,4,0.04110095730834954,168,comp_ew,total,1
201606,5,0.0391335803139542,168,comp_ew,total,1
201607,1,0.0019797470340091098,169,comp_ew,total,1
201607,2,-0.004431317487437329,168,comp_ew,total,1
201607,3,0.0031371917737490866,168,comp_ew,total,1
201607,4,-0.00195656979179259,168,comp_ew,total,1
201607,5,0.01451784425149034,168,comp_ew,total,1
201608,1,-0.04229500355004436,168,comp_ew,total,1
201608,2,-0.031172190510391974,168,comp_ew,total,1
201608,3,-0.020765360760645363,167,comp_ew,total,1
201608,4,-0.017632148541187175,168,comp_ew,total,1
201608,5,-0.003819307579146662,167,comp_ew,total,1
201609,1,0.00933744256982674,168,comp_ew,total,1
201609,2,0.01432771088714956,168,comp_ew,total,1
201609,3,0.018385040093736205,168,comp_ew,total,1
201609,4,0.022588261123930142,168,comp_ew,total,1
201609,5,0.02968856512231813,167,comp_ew,total,1
201610,1,-0.0453604276130162,168,comp_ew,total,1
201610,2,-0.0409499852890878,168,comp_ew,total,1
201610,3,-0.02739672580374357,168,comp_ew,total,1
201610,4,-0.028883756366690345,168,comp_ew,total,1
201610,5,-0.01947385664787623,167,comp_ew,total,1
201611,1,0.07716467609105951,167,comp_ew,total,1
201611,2,0.0827549724375181,167,comp_ew,total,1
201611,3,0.09014421419939302,167,comp_ew,total,1
201611,4,0.08486701919011441,167,comp_ew,total,1
201611,5,0.10465849603067075,166,comp_ew,total,1
201612,1,0.05010604034250149,167,comp_ew,total,1
201612,2,0.05697249105732474,167,comp_ew,total,1
201612,3,0.0580464262389917,167,comp_ew,total,1
201612,4,0.06724707100528118,167,comp_ew,total,1
201612,5,0.06670851562972739,166,comp_ew,total,1
201701,1,0.0313495302573375,167,comp_ew,total,1
201701,2,0.03712408642491877,167,comp_ew,total,1
201701,3,0.023802071711117825,166,comp_ew,total,1
201701,4,0.047144222607134106,167,comp_ew,total,1
201701,5,0.05447950533905805,166,comp_ew,total,1
201702,1,0.09267053317177298,167,comp_ew,total,1
201702,2,0.09242587914686246,167,comp_ew,total,1
201702,3,0.10721622071445325,166,comp_ew,total,1
201702,4,0.11020136623651494,167,comp_ew,total,1
201702,5,0.11179311005066693,166,comp_ew,total,1
201703,1,0.0029518744831676627,167,comp_ew,total,1
201703,2,0.005144655822792606,167,comp_ew,total,1
201703,3,0.015765990733048844,167,comp_ew,total,1
201703,4,0.01623147963101118,167,comp_ew,total,1
201703,5,0.035205192247123776,166,comp_ew,total,1
201704,1,0.08542446475997052,167,comp_ew,total,1
201704,2,0.0894077570474161,167,comp_ew,total,1
201704,3,0.10757831533831307,166,comp_ew,total,1
201704,4,0.0973788774131867,167,comp_ew,total,1
201704,5,0.10075468095257167,166,comp_ew,total,1
201705,1,-0.010063570462173863,167,comp_ew,total,1
201705,2,-0.020657013548971148,166,comp_ew,total,1
201705,3,-0.012658480079853896,167,comp_ew,total,1
201705,4,-0.003976509911905431,166,comp_ew,total,1
201705,5,-0.0020196318910567267,166,comp_ew,total,1
201706,1,0.050400170350758326,166,comp_ew,total,1
201706,2,0.03495296867371812,166,comp_ew,total,1
201706,3,0.05152822735925737,165,comp_ew,total,1
201706,4,0.061627729762754234,166,comp_ew,total,1
201706,5,0.052588468564206535,165,comp_ew,total,1
201707,1,0.07274662349881617,167,comp_ew,total,1
201707,2,0.08190957050726093,166,comp_ew,total,1
201707,3,0.0761668048970557,166,comp_ew,total,1
201707,4,0.08641115278991711,166,comp_ew,total,1
201707,5,0.09169653435445504,166,comp_ew,total,1
201708,1,-0.0401968109834172,167,comp_ew,total,1
201708,2,-0.03706767526542054,166,comp_ew,total,1
201708,3,-0.035818654765293036,167,comp_ew,total,1
201708,4,-0.0408242526072832,166,comp_ew,total,1
201708,5,-0.030334062130619066,166,comp_ew,total,1
201709,1,-0.016320779555783847,166,comp_ew,total,1
201709,2,-0.01702643996648786,166,comp_ew,total,1
201709,3,-0.002839932057601379,166,comp_ew,total,1
201709,4,-0.004681089178810757,166,comp_ew,total,1
201709,5,0.006918023464373091,165,comp_ew,total,1
201710,1,-0.01897255719402446,167,comp_ew,total,1
201710,2,-0.01304451926408414,167,comp_ew,total,1
201710,3,-0.010982151008165384,166,comp_ew,total,1
201710,4,-0.023294120778096013,167,comp_ew,total,1
201710,5,0.001338963522545907,166,comp_ew,total,1
201711,1,0.07598812566408969,166,comp_ew,total,1
201711,2,0.09086403617245487,165,comp_ew,total,1
201711,3,0.09811191335403224,166,comp_ew,total,1
201711,4,0.09363235366666726,165,comp_ew,total,1
201711,5,0.09802590125560606,165,comp_ew,total,1
201712,1,-0.10141341917732924,167,comp_ew,total,1
201712,2,-0.10906128999369132,166,comp_ew,total,1
201712,3,-0.10295523550769661,166,comp_ew,total,1
201712,4,-0.09293476749340952,166,comp_ew,total,1
201712,5,-0.0847682500954523,166,comp_ew,total,1
201801,1,0.06858918724616157,167,comp_ew,total,1
201801,2,0.06370302492511065,166,comp_ew,total,1
201801,3,0.07607022496466123,167,comp_ew,total,1
201801,4,0.07297951428952208,166,comp_ew,total,1
201801,5,0.09199037711932383,166,comp_ew,total,1
201802,1,-0.0538133967754691,166,comp_ew,total,1
201802,2,-0.04721067549021305,165,comp_ew,total,1
201802,3,-0.04977862616820272,166,comp_ew,total,1
201802,4,-0.03727866835966756,165,comp_ew,total,1
201802,5,-0.030761949903709465,165,comp_ew,total,1
201803,1,0.12755832985075788,166,comp_ew,total,1
201803,2,0.11788998767324736,166,comp_ew,total,1
201803,3,0.12859655241231555,165,comp_ew,total,1
201803,4,0.13888009259067147,166,comp_ew,total,1
201803,5,0.1535276105794337,165,comp_ew,total,1
201804,1,-0.02783067354506838,165,comp_ew,total,1
201804,2,-0.024167563387451862,165,comp_ew,total,1
201804,3,-0.02064427633803081,165,comp_ew,total,1
201804,4,-0.02917292483633787,165,comp_ew,total,1
201804,5,-0.01403520688934357,165,comp_ew,total,1
201805,1,-0.14186880731643509,165,comp_ew,total,1
201805,2,-0.12319132032185874,165,comp_ew,total,1
201805,3,-0.11375409582879667,165,comp_ew,total,1
201805,4,-0.10262137992920704,165,comp_ew,total,1
201805,5,-0.10697748523192174,164,comp_ew,total,1
201806,1,0.0034493342770602745,166,comp_ew,total,1
201806,2,0.0019163575861170807,165,comp_ew,total,1
201806,3,0.00874901022636169,165,comp_ew,total,1
201806,4,0.009811560298883115,165,comp_ew,total,1
201806,5,0.0316006401003089,165,comp_ew,total,1
201807,1,0.043061819198941226,165,comp_ew,total,1
201807,2,0.048451598015350504,165,comp_ew,total,1
201807,3,0.05526196463317426,164,comp_ew,total,1
201807,4,0.06203697649980634,165,comp_ew,total,1
201807,5,0.060682698022921304,164,comp_ew,total,1
201808,1,-0.1692635177661109,166,comp_ew,total,1
201808,2,-0.15334121105363996,165,comp_ew,total,1
201808,3,-0.14962687513848666,166,comp_ew,total,1
201808,4,-0.14946566194240346,165,comp_ew,total,1
201808,5,-0.14431573089533845,165,comp_ew,total,1
201809,1,0.04102176609715609,165,comp_ew,total,1
201809,2,0.047571452357460624,165,comp_ew,total,1
201809,3,0.03282286824389056,165,comp_ew,total,1
201809,4,0.04533952600480237,165,comp_ew,total,1
201809,5,0.060390966831253126,164,comp_ew,total,1
201810,1,0.0008635578821143586,165,comp_ew,total,1
201810,2,0.004237486775014637,165,comp_ew,total,1
201810,3,0.006102472771430817,164,comp_ew,total,1
201810,4,0.011706957389770062,165,comp_ew,total,1
201810,5,0.001890771048213196,164,comp_ew,total,1
201811,1,-0.010203370423402894,166,comp_ew,total,1
201811,2,0.004274090495322639,165,comp_ew,total,1
201811,3,0.009247546573849807,166,comp_ew,total,1
201811,4,0.006603856722649047,165,comp_ew,total,1
201811,5,0.01735206457574107,165,comp_ew,total,1
201812,1,-0.0027487673085609295,165,comp_ew,total,1
201812,2,0.01468079552114611,165,comp_ew,total,1
201812,3,0.01796949307255173,164,comp_ew,total,1
201812,4,0.011141288234776645,165,comp_ew,total,1
201812,5,0.025353182247254146,164,comp_ew,total,1
201901,1,-0.029926018793754103,165,comp_ew,total,1
201901,2,-0.025559023411689915,164,comp_ew,total,1
201901,3,-0.0062561634954177645,165,comp_ew,total,1
201901,4,-0.004729502240765033,164,comp_ew,total,1
201901,5,-0.013977825766108736,164,comp_ew,total,1
201902,1,0.00037758444349953845,165,comp_ew,total,1
201902,2,-0.0020632464061441,165,comp_ew,total,1
201902,3,0.007849971968078458,164,comp_ew,total,1
201902,4,0.014494718190722958,165,comp_ew,total,1
201902,5,0.018343603149055115,164,comp_ew,total,1
201903,1,0.09391541106840089,165,comp_ew,total,1
201903,2,0.10123534192519752,164,comp_ew,total,1
201903,3,0.10940068898334288,165,comp_ew,total,1
201903,4,0.11095928154697578,164,comp_ew,total,1
201903,5,0.09232413722527215,164,comp_ew,total,1
201904,1,0.06859055901198392,164,comp_ew,total,1
201904,2,0.06406774590501702,164,comp_ew,total,1
201904,3,0.06326171239522875,164,comp_ew,total,1
201904,4,0.05540606348738342,164,comp_ew,total,1
201904,5,0.063956006918485,164,comp_ew,total,1
201905,1,0.07316652789264232,165,comp_ew,total,1
201905,2,0.08675736883956603,165,comp_ew,total,1
201905,3,0.08575400401552476,165,comp_ew,total,1
201905,4,0.09247445864584969,165,comp_ew,total,1
201905,5,0.09886230079741426,164,comp_ew,total,1
201906,1,0.03373404782700052,165,comp_ew,total,1
201906,2,0.03488922104792061,165,comp_ew,total,1
201906,3,0.047906929583153235,165,comp_ew,total,1
201906,4,0.05828041169148919,165,comp_ew,total,1
201906,5,0.05697155578283794,164,comp_ew,total,1
201907,1,-0.0030975912722942213,165,comp_ew,total,1
201907,2,-0.00031313418409295736,165,comp_ew,total,1
201907,3,0.00709068949600194,164,comp_ew,total,1
201907,4,0.0032912089985611143,165,comp_ew,total,1
201907,5,0.005025309136071646,164,comp_ew,total,1
201908,1,0.07020462601247052,165,comp_ew,total,1
201908,2,0.07522130523204838,164,comp_ew,total,1
201908,3,0.0734139001951474,165,comp_ew,total,1
201908,4,0.0859796515430293,164,comp_ew,total,1
201908,5,0.0841697232847441,164,comp_ew,total,1
201909,1,0.013638806952325696,165,comp_ew,total,1
201909,2,0.023190443339183287,164,comp_ew,total,1
201909,3,0.028272361606973783,165,comp_ew,total,1
201909,4,0.03447095199678307,164,comp_ew,total,1
201909,5,0.03893408593346357,164,comp_ew,total,1
201910,1,-0.11713626097586265,165,comp_ew,total,1
201910,2,-0.11080795644949396,164,comp_ew,total,1
201910,3,-0.12317941478073326,165,comp_ew,total,1
201910,4,-0.10288283525905811,164,comp_ew,total,1
201910,5,-0.09736104804963985,164,comp_ew,total,1
201911,1,0.14794603357421623,165,comp_ew,total,1
201911,2,0.15900131945390428,165,comp_ew,total,1
201911,3,0.16415620825199553,164,comp_ew,total,1
201911,4,0.17726464894093621,165,comp_ew,total,1
201911,5,0.17653995930582989,164,comp_ew,total,1
201912,1,0.11354907148752104,164,comp_ew,total,1
201912,2,0.1255158996225396,164,comp_ew,total,1
201912,3,0.13405376813515954,164,comp_ew,total,1
201912,4,0.11755018074696902,164,comp_ew,total,1
201912,5,0.1286747109856618,163,comp_ew,total,1
202001,1,-0.0004927205090506121,165,comp_ew,total,1
202001,2,-0.01319395733632589,164,comp_ew,total,1
202001,3,0.006929193370760698,164,comp_ew,total,1
202001,4,-0.0053629627267625804,164,comp_ew,total,1
202001,5,0.002190541559126546,164,comp_ew,total,1
202002,1,-0.031032091026995185,164,comp_ew,total,1
202002,2,-0.02399780243053,164,comp_ew,total,1
202002,3,-0.016253246264395962,164,comp_ew,total,1
202002,4,-0.007996784860176936,164,comp_ew,total,1
202002,5,0.00404227707285133,163,comp_ew,total,1
202003,1,0.11828506177066797,165,comp_ew,total,1
202003,2,0.10186778002939705,164,comp_ew,total,1
202003,3,0.10959309999261334,164,comp_ew,total,1
202003,4,0.11175253679134335,164,comp_ew,total,1
202003,5,0.11539690487856501,164,comp_ew,total,1
202004,1,-0.07164982466273889,164,comp_ew,total,1
202004,2,-0.07447698674798169,164,comp_ew,total,1
202004,3,-0.06135569450473546,163,comp_ew,total,1
202004,4,-0.06117213281192185,164,comp_ew,total,1
202004,5,-0.0689733533650001,163,comp_ew,total,1
202005,1,-0.05490130312464675,164,comp_ew,total,1
202005,2,-0.06017071438542314,164,comp_ew,total,1
202005,3,-0.048749812061109704,163,comp_ew,total,1
202005,4,-0.03359175976831284,164,comp_ew,total,1
202005,5,-0.038125202711929,163,comp_ew,total,1
202006,1,0.06537384250563583,164,comp_ew,total,1
202006,2,0.06793412424059898,164,comp_ew,total,1
202006,3,0.06658400132738293,163,comp_ew,total,1
202006,4,0.07292297008102983,164,comp_ew,total,1
202006,5,0.0810879143293083,163,comp_ew,total,1
202007,1,0.09213070056431014,163,comp_ew,total,1
202007,2,0.10886560152972001,163,comp_ew,total,1
202007,3,0.10139275983469467,163,comp_ew,total,1
202007,4,0.10263489463908271,163,comp_ew,total,1
202007,5,0.10825768201137626,163,comp_ew,total,1
202008,1,0.030405784712580014,164,comp_ew,total,1
202008,2,0.033565659717302444,163,comp_ew,total,1
202008,3,0.031789548627320675,163,comp_ew,total,1
202008,4,0.03818690026401638,163,comp_ew,total,1
202008,5,0.029937959416303794,163,comp_ew,total,1
202009,1,-0.07637120643902327,163,comp_ew,total,1
202009,2,-0.079003804245945,162,comp_ew,total,1
202009,3,-0.05683391623633206,163,comp_ew,total,1
202009,4,-0.06654395812607368,162,comp_ew,total,1
202009,5,-0.06515489486262975,162,comp_ew,total,1
202010,1,-0.0758469528470964,163,comp_ew,total,1
202010,2,-0.08329464479879473,163,comp_ew,total,1
202010,3,-0.07572527846313355,163,comp_ew,total,1
202010,4,-0.06182085086624291,163,comp_ew,total,1
202010,5,-0.06693146578561728,162,comp_ew,total,1
202011,1,-0.08955785175335175,163,comp_ew,total,1
202011,2,-0.08464169982263905,163,comp_ew,total,1
202011,3,-0.07944086811390699,162,comp_ew,total,1
202011,4,-0.08022800826083074,163,comp_ew,total,1
202011,5,-0.06494299036397624,162,comp_ew,total,1
202012,1,-0.07852614879505353,162,comp_ew,total,1
202012,2,-0.06662818298092302,162,comp_ew,total,1
202012,3,-0.061098804291811304,162,comp_ew,total,1
202012,4,-0.05402571405118367,162,comp_ew,total,1
202012,5,-0.05717733233281213,161,comp_ew,total,1
202101,1,-0.10015614472854739,163,comp_ew,total,1
202101,2,-0.09047303084746341,162,comp_ew,total,1
202101,3,-0.10183637537355653,162,comp_ew,total,1
202101,4,-0.09272324648944312,162,comp_ew,total,1
202101,5,-0.0841861632136538,162,comp_ew,total,1
202102,1,0.0661392070326985,162,comp_ew,total,1
202102,2,0.07773916066777413,161,comp_ew,total,1
202102,3,0.08760774603358978,162,comp_ew,total,1
202102,4,0.08676677895182394,161,comp_ew,total,1
202102,5,0.08391987907910654,161,comp_ew,total,1
202103,1,0.0518391193465013,162,comp_ew,total,1
202103,2,0.058622713737091665,161,comp_ew,total,1
202103,3,0.05762141114192631,161,comp_ew,total,1
202103,4,0.06272172840678998,161,comp_ew,total,1
202103,5,0.06502298648621807,161,comp_ew,total,1
202104,1,0.010979479176665247,161,comp_ew,total,1
202104,2,0.008520503205584305,161,comp_ew,total,1
202104,3,0.02115360384343231,161,comp_ew,total,1
202104,4,0.012546326644990913,161,comp_ew,total,1
202104,5,0.03257526517214048,161,comp_ew,total,1
202105,1,-0.07362426095942572,161,comp_ew,total,1
202105,2,-0.07350221907157613,161,comp_ew,total,1
202105,3,-0.06843275985039991,161,comp_ew,total,1
202105,4,-0.065086166075551,161,comp_ew,total,1
202105,5,-0.049797876555542034,160,comp_ew,total,1
202106,1,-0.060417051954331426,161,comp_ew,total,1
202106,2,-0.05127802501934144,161,comp_ew,total,1
202106,3,-0.04967194170785603,161,comp_ew,total,1
202106,4,-0.04403588392110765,161,comp_ew,total,1
202106,5,-0.04584736800220092,160,comp_ew,total,1
202107,1,0.023784649925034075,161,comp_ew,total,1
202107,2,0.03103283393685406,160,comp_ew,total,1
202107,3,0.0244403988868585,160,comp_ew,total,1
202107,4,0.04506116305977153,160,comp_ew,total,1
202107,5,0.04377798785000777,160,comp_ew,total,1
202108,1,0.06424102302849925,161,comp_ew,total,1
202108,2,0.056934658336780256,160,comp_ew,total,1
202108,3,0.05924302400757622,161,comp_ew,total,1
202108,4,0.05523020899627072,160,comp_ew,total,1
202108,5,0.07687381809887343,160,comp_ew,total,1
202109,1,-0.06064129089916648,161,comp_ew,total,1
202109,2,-0.05550837392820974,161,comp_ew,total,1
202109,3,-0.05177473391213013,160,comp_ew,total,1
202109,4,-0.05833658580311651,161,comp_ew,total,1
202109,5,-0.03896234131548253,160,comp_ew,total,1
202110,1,0.059813111588099696,161,comp_ew,total,1
202110,2,0.061027063121867044,160,comp_ew,total,1
202110,3,0.07207370712342015,161,comp_ew,total,1
202110,4,0.0865853665178715,160,comp_ew,total,1
202110,5,0.08177628891962269,160,comp_ew,total,1
202111,1,-0.05740855912051768,161,comp_ew,total,1
202111,2,-0.05434279637658644,161,comp_ew,total,1
202111,3,-0.03985391978226307,160,comp_ew,total,1
202111,4,-0.04922619489457675,161,comp_ew,total,1
202111,5,-0.0325456318723056,160,comp_ew,total,1
202112,1,0.02781857997601934,161,comp_ew,total,1
202112,2,0.05429660216318552,161,comp_ew,total,1
202112,3,0.04696549930139345,160,comp_ew,total,1
202112,4,0.05326516236515052,161,comp_ew,total,1
202112,5,0.03607644382574084,160,comp_ew,total,1
202201,1,-0.06190596373051989,161,comp_ew,total,1
202201,2,-0.05873200999477206,160,comp_ew,total,1
202201,3,-0.05226129507760717,160,comp_ew,total,1
202201,4,-0.0501824491625207,160,comp_ew,total,1
202201,5,-0.03466805071971245,160,comp_ew,total,1
202202,1,0.040468244598315516,160,comp_ew,total,1
202202,2,0.03888843950569788,160,comp_ew,total,1
202202,3,0.04682688306680739,160,comp_ew,total,1
202202,4,0.053667789745012094,160,comp_ew,total,1
202202,5,0.05094607931912355,160,comp_ew,total,1
202203,1,-0.018229846089059684,160,comp_ew,total,1
202203,2,-0.005925212277365558,159,comp_ew,total,1
202203,3,-0.01345870102642387,160,comp_ew,total,1
202203,4,-0.002659362367579174,159,comp_ew,total,1
202203,5,0.015470219896640212,159,comp_ew,total,1
202204,1,0.02496974900070729,160,comp_ew,total,1
202204,2,0.033322926485256955,160,comp_ew,total,1
202204,3,0.038897284123530426,160,comp_ew,total,1
202204,4,0.04542368960555956,160,comp_ew,total,1
202204,5,0.04978713843591609,159,comp_ew,total,1
202205,1,-0.07775199834099626,160,comp_ew,total,1
202205,2,-0.06760647911986108,159,comp_ew,total,1
202205,3,-0.07352511615328455,159,comp_ew,total,1
202205,4,-0.07476388711966693,159,comp_ew,total,1
202205,5,-0.0842212701530468,159,comp_ew,total,1
202206,1,-0.08607658048570337,159,comp_ew,total,1
202206,2,-0.0818866608263775,159,comp_ew,total,1
202206,3,-0.07649449004013507,159,comp_ew,total,1
202206,4,-0.06568412239359799,159,comp_ew,total,1
202206,5,-0.07827461205031168,158,comp_ew,total,1
202207,1,-0.06786704231585322,160,comp_ew,total,1
202207,2,-0.06104838595933978,160,comp_ew,total,1
202207,3,-0.05719240157033055,159,comp_ew,total,1
202207,4,-0.04639031692023376,160,comp_ew,total,1
202207,5,-0.04767054270647343,159,comp_ew,total,1
202208,1,0.012111310046391575,160,comp_ew,total,1
202208,2,0.022042996551451373,159,comp_ew,total,1
202208,3,0.020515136147573783,160,comp_ew,total,1
202208,4,0.030162783222761023,159,comp_ew,total,1
202208,5,0.020030321801424205,159,comp_ew,total,1
202209,1,0.025747067971906346,160,comp_ew,total,1
202209,2,0.027812556124218322,159,comp_ew,total,1
202209,3,0.017345418738692532,160,comp_ew,total,1
202209,4,0.021226506181085552,159,comp_ew,total,1
202209,5,0.02792526609687827,159,comp_ew,total,1
202210,1,-0.0006114042595312091,160,comp_ew,total,1
202210,2,0.015669043304031332,159,comp_ew,total,1
202210,3,0.010923595067309687,159,comp_ew,total,1
202210,4,0.026577584599899264,159,comp_ew,total,1
202210,5,0.0053561686616120496,159,comp_ew,total,1
202211,1,0.023102028048935828,159,comp_ew,total,1
202211,2,0.02908308814803544,159,comp_ew,total,1
202211,3,0.029895729388788417,159,comp_ew,total,1
202211,4,0.030670123606782635,159,comp_ew,total,1
202211,5,0.06156959982322584,159,comp_ew,total,1
202212,1,-0.010350069169310866,159,comp_ew,total,1
202212,2,0.0044665093320546525,159,comp_ew,total,1
202212,3,0.005182092528739477,159,comp_ew,total,1
202212,4,0.005063780783164536,159,comp_ew,total,1
202212,5,0.0010000587166986753,159,comp_ew,total,1
202301,1,0.083143988753663,159,comp_ew,total,1
202301,2,0.0966352760778251,159,comp_ew,total,1
202301,3,0.09539739569969488,158,comp_ew,total,1
202301,4,0.10375283723648869,159,comp_ew,total,1
202301,5,0.10864053126145959,158,comp_ew,total,1
202302,1,-0.08266338298525323,159,comp_ew,total,1
202302,2,-0.06975820907098186,158,comp_ew,total,1
202302,3,-0.06129454847327514,158,comp_ew,total,1
202302,4,-0.0629392188688523,158,comp_ew,total,1
202302,5,-0.06455337444566901,158,comp_ew,total,1
202303,1,0.022196064661786218,159,comp_ew,total,1
202303,2,0.012660979779259516,159,comp_ew,total,1
202303,3,0.015825556840269126,158,comp_ew,total,1
202303,4,0.02081604095015832,159,comp_ew,total,1
202303,5,0.03603853056330477,158,comp_ew,total,1
202304,1,0.02909809732016459,159,comp_ew,total,1
202304,2,0.03564705741019262,158,comp_ew,total,1
202304,3,0.03405404004905916,159,comp_ew,total,1
202304,4,0.04798106134815562,158,comp_ew,total,1
202304,5,0.04926645256127319,158,comp_ew,total,1
202305,1,-0.0346050129509103,159,comp_ew,total,1
202305,2,-0.034788258121601905,159,comp_ew,total,1
202305,3,-0.019214813045990597,159,comp_ew,total,1
202305,4,-0.012211933608866936,159,comp_ew,total,1
202305,5,-0.01411388500522782,158,comp_ew,total,1
202306,1,-0.026343981011464998,158,comp_ew,total,1
202306,2,-0.025473387358311315,158,comp_ew,total,1
202306,3,-0.03149701489136532,158,comp_ew,total,1
202306,4,-0.010362488122452208,158,comp_ew,total,1
202306,5,-0.010157633609896466,158,comp_ew,total,1
202307,1,-0.07238520321507004,159,comp_ew,total,1
202307,2,-0.06987574642237689,159,comp_ew,total,1
202307,3,-0.060348629212729814,159,comp_ew,total,1
202307,4,-0.06034327428804453,159,comp_ew,total,1
202307,5,-0.05774989633787025,158,comp_ew,total,1
202308,1,0.08562901329878861,159,comp_ew,total,1
202308,2,0.07260907765976526,158,comp_ew,total,1
202308,3,0.09662794812531368,158,comp_ew,total,1
202308,4,0.09911535854321997,158,comp_ew,total,1
202308,5,0.09157077815579895,158,comp_ew,total,1
202309,1,0.08861613535979851,158,comp_ew,total,1
202309,2,0.09889911353127223,158,comp_ew,total,1
202309,3,0.09463065628131606,158,comp_ew,total,1
202309,4,0.10636774226779523,158,comp_ew,total,1
202309,5,0.09766522843906426,158,comp_ew,total,1
202310,1,-0.021644987920885175,158,comp_ew,total,1
202310,2,-0.015893005883790997,158,comp_ew,total,1
202310,3,-0.0067908642299131,158,comp_ew,total,1
202310,4,0.0016301323954214042,158,comp_ew,total,1
202310,5,0.0019008121587725914,157,comp_ew,total,1
202311,1,-0.002524326932815479,158,comp_ew,total,1
202311,2,-0.0012163106531107347,157,comp_ew,total,1
202311,3,0.011334497057124032,158,comp_ew,total,1
202311,4,-0.00042354113569333644,157,comp_ew,total,1
202311,5,0.021563457105888032,157,comp_ew,total,1
202312,1,0.02235636999485063,158,comp_ew,total,1
202312,2,0.017919880280879857,158,comp_ew,total,1
202312,3,0.03044361289960191,158,comp_ew,total,1
202312,4,0.01569589246482488,158,comp_ew,total,1
202312,5,0.03436481443574962,157,comp_ew,total,1
202401,1,0.06785548340492477,158,comp_ew,total,1
202401,2,0.046039443960408155,158,comp_ew,total,1
202401,3,0.06686294140761945,158,comp_ew,total,1
202401,4,0.06017745463561398,158,comp_ew,total,1
202401,5,0.06442940019335254,157,comp_ew,total,1
202402,1,0.06857103700127162,158,comp_ew,total,1
202402,2,0.05526205656468191,158,comp_ew,total,1
202402,3,0.07860922352314949,157,comp_ew,total,1
202402,4,0.07228543533460279,158,comp_ew,total,1
202402,5,0.07489950558636291,157,comp_ew,total,1
202403,1,-0.10892914970738514,159,comp_ew,total,1
202403,2,-0.09539080561433383,158,comp_ew,total,1
202403,3,-0.08888081672638627,158,comp_ew,total,1
202403,4,-0.0982614734687395,158,comp_ew,total,1
202403,5,-0.09801140014758837,158,comp_ew,total,1
202404,1,-0.0870502753500246,158,comp_ew,total,1
202404,2,-0.09353119560332547,158,comp_ew,total,1
202404,3,-0.07700715859707563,157,comp_ew,total,1
202404,4,-0.06382146196118675,158,comp_ew,total,1
202404,5,-0.06360416506980206,157,comp_ew,total,1
202405,1,-0.03363516256864747,157,comp_ew,total,1
202405,2,-0.03519024807488016,157,comp_ew,total,1
202405,3,-0.028220475411611393,157,comp_ew,total,1
202405,4,-0.02830318886383683,157,comp_ew,total,1
202405,5,-0.012898858710667514,157,comp_ew,total,1
202406,1,0.0842814409877016,157,comp_ew,total,1
202406,2,0.0889564625375556,157,comp_ew,total,1
202406,3,0.08114476491370566,157,comp_ew,total,1
202406,4,0.07959089278785289,157,comp_ew,total,1
202406,5,0.09577172537831491,157,comp_ew,total,1
202407,1,0.09352049433348306,158,comp_ew,total,1
202407,2,0.10854188247773519,157,comp_ew,total,1
202407,3,0.10882838497392347,157,comp_ew,total,1
202407,4,0.11216991677714887,157,comp_ew,total,1
202407,5,0.11939510656750703,157,comp_ew,total,1
202408,1,0.06653510260424725,157,comp_ew,total,1
202408,2,0.07668972496585036,157,comp_ew,total,1
202408,3,0.07698710303339772,156,comp_ew,total,1
202408,4,0.06587932599018832,157,comp_ew,total,1
202408,5,0.07667352311863776,156,comp_ew,total,1
202409,1,0.03546021587905927,157,comp_ew,total,1
202409,2,0.04165825379742218,157,comp_ew,total,1
202409,3,0.03799246390870467,156,comp_ew,total,1
202409,4,0.044293179840005865,157,comp_ew,total,1
202409,5,0.05317725612653053,156,comp_ew,total,1
202410,1,0.04166098810504707,157,comp_ew,total,1
202410,2,0.046607815758813155,156,comp_ew,total,1
202410,3,0.0508495742286549,156,comp_ew,total,1
202410,4,0.04662356903633541,156,comp_ew,total,1
202410,5,0.06404602095042,156,comp_ew,total,1
202411,1,0.01213652921584321,157,comp_ew,total,1
202411,2,0.03004470543467977,156,comp_ew,total,1
202411,3,0.03618545700465819,157,comp_ew,total,1
202411,4,0.03398659615923158,156,comp_ew,total,1
202411,5,0.03426550468430981,156,comp_ew,total,1
202412,1,0.09084935876131464,157,comp_ew,total,1
202412,2,0.09818910568310137,156,comp_ew,total,1
202412,3,0.10772466796211798,156,comp_ew,total,1
202412,4,0.09687919516437662,156,comp_ew,total,1
202412,5,0.09900432157425733,156,comp_ew,total,1
202501,1,-0.07874118171290737,156,comp_ew,total,1
202501,2,-0.08061477432165666,156,comp_ew,total,1
202501,3,-0.06660439170856157,156,comp_ew,total,1
202501,4,-0.07698608429012535,156,comp_ew,total,1
202501,5,-0.06172979594892068,155,comp_ew,total,1
202502,1,0.10247509202156667,156,comp_ew,total,1
202502,2,0.1087297728416357,155,comp_ew,total,1
202502,3,0.11505875570654582,156,comp_ew,total,1
202502,4,0.13422016327861766,155,comp_ew,total,1
202502,5,0.11793794214485312,155,comp_ew,total,1
202503,1,0.0055171721737702515,155,comp_ew,total,1
202503,2,0.023383545894655782,155,comp_ew,total,1
202503,3,0.018597914113457653,155,comp_ew,total,1
202503,4,0.030214901263338995,155,comp_ew,total,1
202503,5,0.04226770190678253,154,comp_ew,total,1
202504,1,0.02711608615969305,155,comp_ew,total,1
202504,2,0.026822188171229562,154,comp_ew,total,1
202504,3,0.014310599033454593,154,comp_ew,total,1
202504,4,0.02111776012802266,154,comp_ew,total,1
202504,5,0.02398754330883374,154,comp_ew,total,1
202505,1,0.0423720874572467,155,comp_ew,total,1
202505,2,0.03928992384702053,155,comp_ew,total,1
202505,3,0.04793679420941787,154,comp_ew,total,1
202505,4,0.040268295329995575,155,comp_ew,total,1
202505,5,0.04864068015986137,154,comp_ew,total,1
202506,1,-0.08286437493944052,155,comp_ew,total,1
202506,2,-0.08228328590973163,155,comp_ew,total,1
202506,3,-0.06141479510563354,155,comp_ew,total,1
202506,4,-0.07735207246856547,155,comp_ew,total,1
202506,5,-0.062338694566403535,154,comp_ew,total,1
202507,1,-0.07519304350668017,155,comp_ew,total,1
202507,2,-0.06972348998424507,155,comp_ew,total,1
202507,3,-0.07763164225840499,154,comp_ew,total,1
202507,4,-0.07401154500141581,155,comp_ew,total,1
202507,5,-0.06476610063811873,154,comp_ew,total,1
202508,1,-0.11846744900119045,155,comp_ew,total,1
202508,2,-0.11006483824436293,155,comp_ew,total,1
202508,3,-0.11235250792068105,154,comp_ew,total,1
202508,4,-0.12675183472974083,155,comp_ew,total,1
202508,5,-0.11796101095570517,154,comp_ew,total,1
202509,1,0.07574877997733641,155,comp_ew,total,1
202509,2,0.07525236779656753,154,comp_ew,total,1
202509,3,0.07704660957887242,155,comp_ew,total,1
202509,4,0.08566624226911067,154,comp_ew,total,1
202509,5,0.08372631368317293,154,comp_ew,total,1
202510,1,-0.08307755056379203,154,comp_ew,total,1
202510,2,-0.06204846153687756,154,comp_ew,total,1
202510,3,-0.06431979322704466,154,comp_ew,total,1
202510,4,-0.06836918333184713,154,comp_ew,total,1
202510,5,-0.06119120457736849,154,comp_ew,total,1
202511,1,-0.03689817352319199,154,comp_ew,total,1
202511,2,-0.015402299406125829,154,comp_ew,total,1
202511,3,-0.022234525307845487,154,comp_ew,total,1
202511,4,-0.014356828808591276,154,comp_ew,total,1
202511,5,-0.01019884272051187,154,comp_ew,total,1
202512,1,0.13789135249687012,154,comp_ew,total,1
202512,2,0.14148663836780515,154,comp_ew,total,1
202512,3,0.1318995936527725,154,comp_ew,total,1
202512,4,0.13302555967281438,154,comp_ew,total,1
202512,5,0.15400839544335512,153,comp_ew,total,1
202601,1,0.04538138174264676,154,comp_ew,total,1
202601,2,0.042643420713196954,153,comp_ew,total,1
202601,3,0.048817493427899865,154,comp_ew,total,1
202601,4,0.03689837840094062,153,comp_ew,total,1
202601,5,0.056340845744419915,153,comp_ew,total,1
202602,1,0.03752963417684825,154,comp_ew,total,1
202602,2,0.05534710071416077,153,comp_ew,total,1
202602,3,0.04777754248977439,154,comp_ew,total,1
202602,4,0.05426918192163239,153,comp_ew,total,1
202602,5,0.046062079162855915,153,comp_ew,total,1
202603,1,0.040558389446677515,153,comp_ew,total,1
202603,2,0.040522772032138464,153,comp_ew,total,1
202603,3,0.042262035651976844,153,comp_ew,total,1
202603,4,0.05236877797729197,153,comp_ew,total,1
202603,5,0.05451346519824978,152,comp_ew,total,1
202604,1,0.028016105010427377,154,comp_ew,total,1
202604,2,0.03731354219572096,153,comp_ew,total,1
202604,3,0.033683388596104376,153,comp_ew,total,1
202604,4,0.04637437783757052,153,comp_ew,total,1
202604,5,0.05249159036157241,153,comp_ew,total,1
202605,1,0.07835489095406535,153,comp_ew,total,1
202605,2,0.07889484705857482,152,comp_ew,total,1
202605,3,0.09070514595433213,153,comp_ew,total,1
202605,4,0.08865296415394792,152,comp_ew,total,1
202605,5,0.09371996765643104,152,comp_ew,total,1
202606,1,0.00043969772429410886,153,comp_ew,total,1
202606,2,0.006656759125135617,153,comp_ew,total,1
202606,3,0.013334906364099475,153,comp_ew,total,1
202606,4,0.005222145848204144,153,comp_ew,total,1
202606,5,0.011492434251733873,153,comp_ew,total,1
200801,1,0.10647883659139316,143,comp_ew,total,3
200801,2,0.11931665106170669,142,comp_ew,total,3
200801,3,0.11703271156273024,142,comp_ew,total,3
200801,4,0.15935000899341908,142,comp_ew,total,3
200801,5,0.15838087783179416,142,comp_ew,total,3
200802,1,-0.0007644521951333458,142,comp_ew,total,3
200802,2,0.0026120568115920706,142,comp_ew,total,3
200802,3,0.020964316295477327,142,comp_ew,total,3
200802,4,0.021019155223211763,142,comp_ew,total,3
200802,5,0.0392564620781325,142,comp_ew,total,3
200803,1,-0.06333490776238324,144,comp_ew,total,3
200803,2,-0.05532583346490216,143,comp_ew,total,3
200803,3,-0.027321730458635698,143,comp_ew,total,3
200803,4,-0.041366943344993704,143,comp_ew,total,3
200803,5,-0.031129413315298542,143,comp_ew,total,3
200804,1,-0.1340183024436955,144,comp_ew,total,3
200804,2,-0.1266356692112465,143,comp_ew,total,3
200804,3,-0.11511383192516877,144,comp_ew,total,3
200804,4,-0.10675890348522121,143,comp_ew,total,3
200804,5,-0.10329059819586926,143,comp_ew,total,3
200805,1,0.004611000636099979,143,comp_ew,total,3
200805,2,-0.02135170996431779,143,comp_ew,total,3
200805,3,0.008713441196519818,143,comp_ew,total,3
200805,4,0.023996296787907302,143,comp_ew,total,3
200805,5,0.03471072942188531,142,comp_ew,total,3
200806,1,0.02691201219106954,145,comp_ew,total,3
200806,2,0.023671699748860447,144,comp_ew,total,3
200806,3,0.0337043803829674,145,comp_ew,total,3
200806,4,0.041383746963255454,144,comp_ew,total,3
200806,5,0.06256793872491144,144,comp_ew,total,3
200807,1,0.20665510507570092,145,comp_ew,total,3
200807,2,0.1997154153444088,145,comp_ew,total,3
200807,3,0.20015521111044077,145,comp_ew,total,3
200807,4,0.2275002357130731,145,comp_ew,total,3
200807,5,0.2253017092313266,145,comp_ew,total,3
200808,1,0.034967414537824495,146,comp_ew,total,3
200808,2,0.0039945522284684605,145,comp_ew,total,3
200808,3,0.0019943307200432255,145,comp_ew,total,3
200808,4,0.019797874232392543,145,comp_ew,total,3
200808,5,0.022331562784883574,145,comp_ew,total,3
200809,1,0.051652043697772855,145,comp_ew,total,3
200809,2,0.04468659385505907,145,comp_ew,total,3
200809,3,0.06489904849093478,145,comp_ew,total,3
200809,4,0.030952185656871467,145,comp_ew,total,3
200809,5,0.061945641345537435,144,comp_ew,total,3
200810,1,-0.026627006442699955,146,comp_ew,total,3
200810,2,-0.014937753145503555,145,comp_ew,total,3
200810,3,0.006076720356902287,146,comp_ew,total,3
200810,4,0.01454810036847024,145,comp_ew,total,3
200810,5,0.01978958117148765,145,comp_ew,total,3
200811,1,0.02596648837669327,147,comp_ew,total,3
200811,2,0.029546468584611307,147,comp_ew,total,3
200811,3,0.04937380471840706,146,comp_ew,total,3
200811,4,0.07304279407844938,147,comp_ew,total,3
200811,5,0.08677503429631245,146,comp_ew,total,3
200812,1,-0.03425435256335881,147,comp_ew,total,3
200812,2,-0.0202199399697235,147,comp_ew,total,3
200812,3,-0.024650879118225354,146,comp_ew,total,3
200812,4,-0.014136902335499772,147,comp_ew,total,3
200812,5,0.008217507836585881,146,comp_ew,total,3
200901,1,-0.039200169207274004,147,comp_ew,total,3
200901,2,-0.05850943638528332,147,comp_ew,total,3
200901,3,-0.023033164974913974,147,comp_ew,total,3
200901,4,-0.043472844638164976,147,comp_ew,total,3
200901,5,-0.01683404285428638,147,comp_ew,total,3
200902,1,-0.0021175488761592397,148,comp_ew,total,3
200902,2,-0.0023549790615272227,148,comp_ew,total,3
200902,3,0.020111947893057442,148,comp_ew,total,3
200902,4,0.009140654952111322,148,comp_ew,total,3
200902,5,0.03503192736498615,148,comp_ew,total,3
200903,1,0.019024803378914,148,comp_ew,total,3
200903,2,0.03926911714367576,148,comp_ew,total,3
200903,3,0.016996267263007334,148,comp_ew,total,3
200903,4,0.0407851361393821,148,comp_ew,total,3
200903,5,0.057061622800012986,148,comp_ew,total,3
200904,1,-0.03428963429181056,150,comp_ew,total,3
200904,2,-0.03825061045516662,149,comp_ew,total,3
200904,3,-0.03781894341622382,149,comp_ew,total,3
200904,4,-0.03688792647207283,149,comp_ew,total,3
200904,5,0.001982581493941619,149,comp_ew,total,3
200905,1,-0.10474627648854656,150,comp_ew,total,3
200905,2,-0.09515078607613106,149,comp_ew,total,3
200905,3,-0.09268741766852355,149,comp_ew,total,3
200905,4,-0.1040904829548042,149,comp_ew,total,3
200905,5,-0.08844930139655328,149,comp_ew,total,3
200906,1,-0.1417369638179796,150,comp_ew,total,3
200906,2,-0.15516276276052804,149,comp_ew,total,3
200906,3,-0.14308934548955393,150,comp_ew,total,3
200906,4,-0.12778830992774398,149,comp_ew,total,3
200906,5,-0.1227932370058948,149,comp_ew,total,3
200907,1,-0.12810786328493065,151,comp_ew,total,3
200907,2,-0.09996084376797652,150,comp_ew,total,3
200907,3,-0.10156110526819126,151,comp_ew,total,3
200907,4,-0.08892250318928269,150,comp_ew,total,3
200907,5,-0.09110266097532416,150,comp_ew,total,3
200908,1,-0.20709211522213847,152,comp_ew,total,3
200908,2,-0.19296844043260536,151,comp_ew,total,3
200908,3,-0.19511846528126206,151,comp_ew,total,3
200908,4,-0.18343192091786362,151,comp_ew,total,3
200908,5,-0.17019831769779795,151,comp_ew,total,3
200909,1,-0.21447697059332038,152,comp_ew,total,3
200909,2,-0.19464985851651273,151,comp_ew,total,3
200909,3,-0.18175876487489245,151,comp_ew,total,3
200909,4,-0.18032047864641337,151,comp_ew,total,3
200909,5,-0.16900956642077358,151,comp_ew,total,3
200910,1,-0.15183366176619026,152,comp_ew,total,3
200910,2,-0.14817363053549806,152,comp_ew,total,3
200910,3,-0.14197835174282017,151,comp_ew,total,3
200910,4,-0.11585240046118683,152,comp_ew,total,3
200910,5,-0.12647775685019313,151,comp_ew,total,3
200911,1,-0.05244009367613677,152,comp_ew,total,3
200911,2,-0.047392594110288434,152,comp_ew,total,3
200911,3,-0.0401099386718087,152,comp_ew,total,3
200911,4,-0.03669160484782547,152,comp_ew,total,3
200911,5,-0.012800126007317378,152,comp_ew,total,3
200912,1,0.12257783308672436,153,comp_ew,total,3
200912,2,0.11296767779249173,152,comp_ew,total,3
200912,3,0.15194861569816356,152,comp_ew,total,3
200912,4,0.15517324533175003,152,comp_ew,total,3
200912,5,0.14460482996480584,152,comp_ew,total,3
201001,1,0.12104450179706727,153,comp_ew,total,3
201001,2,0.11190173422490457,153,comp_ew,total,3
201001,3,0.12375139510372941,152,comp_ew,total,3
201001,4,0.10912913368860362,153,comp_ew,total,3
201001,5,0.12544647724241398,152,comp_ew,total,3
201002,1,0.1546499409445576,153,comp_ew,total,3
201002,2,0.14071296188057345,153,comp_ew,total,3
201002,3,0.13277872406954846,152,comp_ew,total,3
201002,4,0.14832348668990242,153,comp_ew,total,3
201002,5,0.16360829983221778,152,comp_ew,total,3
201003,1,-0.060900708848688145,153,comp_ew,total,3
201003,2,-0.07044117002095467,153,comp_ew,total,3
201003,3,-0.052886648480419754,153,comp_ew,total,3
201003,4,-0.047879175727774066,153,comp_ew,total,3
201003,5,-0.037110404411359654,153,comp_ew,total,3
201004,1,-0.007574609128678458,154,comp_ew,total,3
201004,2,-0.010057233470372266,153,comp_ew,total,3
201004,3,0.010324564266949986,153,comp_ew,total,3
201004,4,0.0072976534785650716,153,comp_ew,total,3
201004,5,0.021156120548991596,153,comp_ew,total,3
201005,1,-0.04862977810444358,155,comp_ew,total,3
201005,2,-0.06610305272099486,154,comp_ew,total,3
201005,3,-0.05059045993554657,155,comp_ew,total,3
201005,4,-0.02786396232412232,154,comp_ew,total,3
201005,5,-0.024856860048311318,154,comp_ew,total,3
201006,1,0.1131837813555138,155,comp_ew,total,3
201006,2,0.07861296720058829,155,comp_ew,total,3
201006,3,0.1284590153829704,155,comp_ew,total,3
201006,4,0.12836533676909542,155,comp_ew,total,3
201006,5,0.1367213546206909,155,comp_ew,total,3
201007,1,-0.05389366633609992,156,comp_ew,total,3
201007,2,-0.03119515646045173,155,comp_ew,total,3
201007,3,-0.01965238225306239,156,comp_ew,total,3
201007,4,-0.013868418250688446,155,comp_ew,total,3
201007,5,-0.01435991909389495,155,comp_ew,total,3
201008,1,-0.03583632572789309,155,comp_ew,total,3
201008,2,-0.023132009047108344,155,comp_ew,total,3
201008,3,-0.020452769439957424,155,comp_ew,total,3
201008,4,-0.01912772893647774,155,comp_ew,total,3
201008,5,0.0010435234144072346,155,comp_ew,total,3
201009,1,-0.06164057804623824,156,comp_ew,total,3
201009,2,-0.056458771975355315,156,comp_ew,total,3
201009,3,-0.059594257844645726,156,comp_ew,total,3
201009,4,-0.03722820024857539,156,comp_ew,total,3
201009,5,-0.03222937665378327,155,comp_ew,total,3
201010,1,0.01630966648079312,155,comp_ew,total,3
201010,2,0.04725581736447663,155,comp_ew,total,3
201010,3,0.030427547937210118,155,comp_ew,total,3
201010,4,0.038809018313406655,155,comp_ew,total,3
201010,5,0.048739723959698555,155,comp_ew,total,3
201011,1,0.08382130780635702,156,comp_ew,total,3
201011,2,0.09046618613868662,156,comp_ew,total,3
201011,3,0.11592280379682987,155,comp_ew,total,3
201011,4,0.11048706279521273,156,comp_ew,total,3
201011,5,0.11760918719056346,155,comp_ew,total,3
201012,1,0.07210792209817925,157,comp_ew,total,3
201012,2,0.10063382371525167,156,comp_ew,total,3
201012,3,0.10552972867637603,157,comp_ew,total,3
201012,4,0.09939148049043325,156,comp_ew,total,3
201012,5,0.12856483216809364,156,comp_ew,total,3
201101,1,-0.04940879597620475,157,comp_ew,total,3
201101,2,-0.027058158908033432,156,comp_ew,total,3
201101,3,-0.007970651937947862,156,comp_ew,total,3
201101,4,-0.0024274849933369385,156,comp_ew,total,3
201101,5,0.005710229877394124,156,comp_ew,total,3
201102,1,-0.02397288822260848,158,comp_ew,total,3
201102,2,-0.011466105893502566,157,comp_ew,total,3
201102,3,0.0048545260600223,158,comp_ew,total,3
201102,4,0.009553662043555549,157,comp_ew,total,3
201102,5,0.023062380165845827,157,comp_ew,total,3
201103,1,-0.16632488748682367,158,comp_ew,total,3
201103,2,-0.15269125329488,158,comp_ew,total,3
201103,3,-0.14199260029116645,158,comp_ew,total,3
201103,4,-0.12421264831869534,158,comp_ew,total,3
201103,5,-0.11559506403429887,157,comp_ew,total,3
201104,1,-0.07647617320143081,159,comp_ew,total,3
201104,2,-0.09261986415982554,159,comp_ew,total,3
201104,3,-0.04897680253980068,159,comp_ew,total,3
201104,4,-0.04768586501839613,159,comp_ew,total,3
201104,5,-0.03348807252741786,158,comp_ew,total,3
201105,1,-0.01014123514535168,160,comp_ew,total,3
201105,2,0.010827060322842825,159,comp_ew,total,3
201105,3,0.004354380609194648,160,comp_ew,total,3
201105,4,0.020478775881538912,159,comp_ew,total,3
201105,5,0.028340540343362766,159,comp_ew,total,3
201106,1,0.12992342490639086,160,comp_ew,total,3
201106,2,0.14092673413837462,160,comp_ew,total,3
201106,3,0.15364750323701107,160,comp_ew,total,3
201106,4,0.14428191819233666,160,comp_ew,total,3
201106,5,0.1726917057168497,159,comp_ew,total,3
201107,1,0.015241447488528605,161,comp_ew,total,3
201107,2,0.026209690490029837,161,comp_ew,total,3
201107,3,0.02105588648320665,160,comp_ew,total,3
201107,4,0.0362141215129169,161,comp_ew,total,3
201107,5,0.04287366566193719,160,comp_ew,total,3
201108,1,-0.13949762131267565,161,comp_ew,total,3
201108,2,-0.13938057388107214,161,comp_ew,total,3
201108,3,-0.13603385753338437,160,comp_ew,total,3
201108,4,-0.13656289209367675,161,comp_ew,total,3
201108,5,-0.10351161470293954,160,comp_ew,total,3
201109,1,-0.20553594695278113,161,comp_ew,total,3
201109,2,-0.20911141477572476,160,comp_ew,total,3
201109,3,-0.20143156019340586,160,comp_ew,total,3
201109,4,-0.17890059216979282,160,comp_ew,total,3
201109,5,-0.18442648561694036,160,comp_ew,total,3
201110,1,-0.028561738222949846,161,comp_ew,total,3
201110,2,-0.022088742455868348,161,comp_ew,total,3
201110,3,-0.03471812177157591,161,comp_ew,total,3
201110,4,0.015034304731343703,161,comp_ew,total,3
201110,5,-0.011141440041272724,160,comp_ew,total,3
201111,1,-0.046378600613467325,161,comp_ew,total,3
201111,2,-0.02493493639788401,161,comp_ew,total,3
201111,3,-0.03782676509874646,161,comp_ew,total,3
201111,4,-0.009562487390302993,161,comp_ew,total,3
201111,5,-0.005293489505229602,160,comp_ew,total,3
201112,1,-0.029820915132424124,161,comp_ew,total,3
201112,2,-0.022146731332358865,160,comp_ew,total,3
201112,3,-0.024554883831603088,161,comp_ew,total,3
201112,4,0.001853715794573034,160,comp_ew,total,3
201112,5,0.01192862317775291,160,comp_ew,total,3
201201,1,-0.16333817753075475,161,comp_ew,total,3
201201,2,-0.15784074698006026,161,comp_ew,total,3
201201,3,-0.137092777029161,161,comp_ew,total,3
201201,4,-0.14347953794426288,161,comp_ew,total,3
201201,5,-0.13658961458739452,160,comp_ew,total,3
201202,1,-0.07471705871367816,162,comp_ew,total,3
201202,2,-0.04509269514951965,162,comp_ew,total,3
201202,3,-0.06632894845147,161,comp_ew,total,3
201202,4,-0.0426102421024536,162,comp_ew,total,3
201202,5,-0.05114265722351665,161,comp_ew,total,3
201203,1,0.013367537267239653,162,comp_ew,total,3
201203,2,0.02729430003681918,162,comp_ew,total,3
201203,3,0.04140096426564986,162,comp_ew,total,3
201203,4,0.04137755606459779,162,comp_ew,total,3
201203,5,0.05044656262983582,162,comp_ew,total,3
201204,1,0.07048011921484779,162,comp_ew,total,3
201204,2,0.08989350044071297,162,comp_ew,total,3
201204,3,0.07115719786304864,162,comp_ew,total,3
201204,4,0.08198609126241774,162,comp_ew,total,3
201204,5,0.09445155394178986,162,comp_ew,total,3
201205,1,0.0061854236208208485,163,comp_ew,total,3
201205,2,0.01937690821230165,162,comp_ew,total,3
201205,3,0.03427144930486068,162,comp_ew,total,3
201205,4,0.031600742146803834,162,comp_ew,total,3
201205,5,0.0355470360788971,162,comp_ew,total,3
201206,1,-0.03485479944410688,164,comp_ew,total,3
201206,2,-0.012707504761000446,163,comp_ew,total,3
201206,3,0.009826821350542381,163,comp_ew,total,3
201206,4,-0.01163083336171575,163,comp_ew,total,3
201206,5,0.022540298153155353,163,comp_ew,total,3
201207,1,-0.12699212039962854,164,comp_ew,total,3
201207,2,-0.09091604937467232,163,comp_ew,total,3
201207,3,-0.06642948813507168,163,comp_ew,total,3
201207,4,-0.07855716293838406,163,comp_ew,total,3
201207,5,-0.07487514741753011,163,comp_ew,total,3
201208,1,-0.14107125158539402,164,comp_ew,total,3
201208,2,-0.12085930856793022,164,comp_ew,total,3
201208,3,-0.10782452853475544,164,comp_ew,total,3
201208,4,-0.11491147647271101,164,comp_ew,total,3
201208,5,-0.10369234931189322,163,comp_ew,total,3
201209,1,-0.15073099644562335,164,comp_ew,total,3
201209,2,-0.12108252378181793,164,comp_ew,total,3
201209,3,-0.13030899461318002,164,comp_ew,total,3
201209,4,-0.1111774199245296,164,comp_ew,total,3
201209,5,-0.11303435597771629,163,comp_ew,total,3
201210,1,-0.10752008571352212,165,comp_ew,total,3
201210,2,-0.09942743390881059,164,comp_ew,total,3
201210,3,-0.09976335956345647,165,comp_ew,total,3
201210,4,-0.09608036512298769,164,comp_ew,total,3
201210,5,-0.08047202172512118,164,comp_ew,total,3
201211,1,-0.07785522512914508,165,comp_ew,total,3
201211,2,-0.08907314737775762,165,comp_ew,total,3
201211,3,-0.08872156646039099,164,comp_ew,total,3
201211,4,-0.07249430272852085,165,comp_ew,total,3
201211,5,-0.061717150405703365,164,comp_ew,total,3
201212,1,-0.09909196240957303,165,comp_ew,total,3
201212,2,-0.09275480769269848,165,comp_ew,total,3
201212,3,-0.11232141703623244,165,comp_ew,total,3
201212,4,-0.09653121226945222,165,comp_ew,total,3
201212,5,-0.08279410681137005,164,comp_ew,total,3
201301,1,-0.12102174503362927,165,comp_ew,total,3
201301,2,-0.08853860062317244,164,comp_ew,total,3
201301,3,-0.11171671247225741,164,comp_ew,total,3
201301,4,-0.09608762728798444,164,comp_ew,total,3
201301,5,-0.10443212110168733,164,comp_ew,total,3
201302,1,-0.0601086809175187,165,comp_ew,total,3
201302,2,-0.04683526790909598,164,comp_ew,total,3
201302,3,-0.05816834127471914,164,comp_ew,total,3
201302,4,-0.05123141777604886,164,comp_ew,total,3
201302,5,-0.04649359195300521,164,comp_ew,total,3
201303,1,-0.10225211442188945,164,comp_ew,total,3
201303,2,-0.07805568072782074,164,comp_ew,total,3
201303,3,-0.0963617405984333,164,comp_ew,total,3
201303,4,-0.06980412826218974,164,comp_ew,total,3
201303,5,-0.08023719155198053,164,comp_ew,total,3
201304,1,-0.05561828316546888,165,comp_ew,total,3
201304,2,-0.026740164149597876,165,comp_ew,total,3
201304,3,-0.04078874711003035,164,comp_ew,total,3
201304,4,-0.04057435488583784,165,comp_ew,total,3
201304,5,-0.028997443775822463,164,comp_ew,total,3
201305,1,-0.03174568019856029,165,comp_ew,total,3
201305,2,-0.010854808564095148,165,comp_ew,total,3
201305,3,-0.0026106408454904207,165,comp_ew,total,3
201305,4,0.00040063649142182495,165,comp_ew,total,3
201305,5,0.021724112450014033,164,comp_ew,total,3
201306,1,0.029211684753651376,165,comp_ew,total,3
201306,2,0.038800503737267816,165,comp_ew,total,3
201306,3,0.04307906186448957,165,comp_ew,total,3
201306,4,0.06824228216117989,165,comp_ew,total,3
201306,5,0.062224669500705515,164,comp_ew,total,3
201307,1,-0.07106980810376631,166,comp_ew,total,3
201307,2,-0.08207334486762226,166,comp_ew,total,3
201307,3,-0.052041499856380964,166,comp_ew,total,3
201307,4,-0.0467459429637473,166,comp_ew,total,3
201307,5,-0.042453616595016765,165,comp_ew,total,3
201308,1,-0.1980641069187009,166,comp_ew,total,3
201308,2,-0.2074857181710195,165,comp_ew,total,3
201308,3,-0.18920484742762655,165,comp_ew,total,3
201308,4,-0.17024412851838316,165,comp_ew,total,3
201308,5,-0.14977392210347693,165,comp_ew,total,3
201309,1,-0.23939463888986526,166,comp_ew,total,3
201309,2,-0.22588045403051346,166,comp_ew,total,3
201309,3,-0.19711291139164921,165,comp_ew,total,3
201309,4,-0.21164441331397757,166,comp_ew,total,3
201309,5,-0.1926954270415043,165,comp_ew,total,3
201310,1,-0.1146434148728321,166,comp_ew,total,3
201310,2,-0.10191780544662768,165,comp_ew,total,3
201310,3,-0.1029140370019286,166,comp_ew,total,3
201310,4,-0.0827770896136402,165,comp_ew,total,3
201310,5,-0.102485633758731,165,comp_ew,total,3
201311,1,0.0007777943944856632,166,comp_ew,total,3
201311,2,0.014506672715084911,166,comp_ew,total,3
201311,3,0.025228307121843454,166,comp_ew,total,3
201311,4,0.03004712203996341,166,comp_ew,total,3
201311,5,0.01587617298823318,165,comp_ew,total,3
201312,1,0.10027509305017195,167,comp_ew,total,3
201312,2,0.10206054580003389,166,comp_ew,total,3
201312,3,0.09702315785273806,166,comp_ew,total,3
201312,4,0.1261131813959425,166,comp_ew,total,3
201312,5,0.12378952357178577,166,comp_ew,total,3
201401,1,0.21901982527323632,167,comp_ew,total,3
201401,2,0.22344190125117624,167,comp_ew,total,3
201401,3,0.20842715018658206,167,comp_ew,total,3
201401,4,0.2469847868077546,167,comp_ew,total,3
201401,5,0.2929003964541005,167,comp_ew,total,3
201402,1,0.1556298947338228,167,comp_ew,total,3
201402,2,0.16278908641077025,167,comp_ew,total,3
201402,3,0.16385028800664617,167,comp_ew,total,3
201402,4,0.18703278562384895,167,comp_ew,total,3
201402,5,0.1999063142709117,166,comp_ew,total,3
201403,1,0.1449399998809076,168,comp_ew,total,3
201403,2,0.14241796334780027,167,comp_ew,total,3
201403,3,0.16378566590994165,168,comp_ew,total,3
201403,4,0.16942993429876682,167,comp_ew,total,3
201403,5,0.17212932726221922,167,comp_ew,total,3
201404,1,0.033037449327965235,168,comp_ew,total,3
201404,2,0.03547857151904434,168,comp_ew,total,3
201404,3,0.05604996498583362,168,comp_ew,total,3
201404,4,0.07029030945360296,168,comp_ew,total,3
201404,5,0.03718744831015614,168,comp_ew,total,3
201405,1,-0.04600875554620951,169,comp_ew,total,3
201405,2,-0.03892766704628974,169,comp_ew,total,3
201405,3,-0.05364664012880291,169,comp_ew,total,3
201405,4,-0.024620918345288997,169,comp_ew,total,3
201405,5,-0.009568653446349282,168,comp_ew,total,3
201406,1,0.011451338673825206,169,comp_ew,total,3
201406,2,0.03854009380299398,169,comp_ew,total,3
201406,3,0.022523373916054506,169,comp_ew,total,3
201406,4,0.043755055134971604,169,comp_ew,total,3
201406,5,0.038231618235994316,168,comp_ew,total,3
201407,1,-0.07993404478088448,170,comp_ew,total,3
201407,2,-0.07316400752617848,169,comp_ew,total,3
201407,3,-0.046287477600146,170,comp_ew,total,3
201407,4,-0.061073214009089404,169,comp_ew,total,3
201407,5,-0.04087136922321197,169,comp_ew,total,3
201408,1,0.02692856100545195,170,comp_ew,total,3
201408,2,0.057086209239043714,170,comp_ew,total,3
201408,3,0.04591089392226426,170,comp_ew,total,3
201408,4,0.06057013579635798,170,comp_ew,total,3
201408,5,0.06218066687660271,170,comp_ew,total,3
201409,1,-0.17617725992349095,171,comp_ew,total,3
201409,2,-0.17646417998574204,170,comp_ew,total,3
201409,3,-0.15042300499677594,170,comp_ew,total,3
201409,4,-0.14688167914900677,170,comp_ew,total,3
201409,5,-0.17071186288143633,170,comp_ew,total,3
201410,1,-0.09399792735677896,170,comp_ew,total,3
201410,2,-0.09104949145365165,170,comp_ew,total,3
201410,3,-0.08239819996570441,169,comp_ew,total,3
201410,4,-0.07537119621875926,170,comp_ew,total,3
201410,5,-0.07346196342927096,169,comp_ew,total,3
201411,1,-0.008897115572817868,171,comp_ew,total,3
201411,2,-0.002493821341008151,170,comp_ew,total,3
201411,3,0.022108311221957947,171,comp_ew,total,3
201411,4,0.020880384091513857,170,comp_ew,total,3
201411,5,0.014939865309754259,170,comp_ew,total,3
201412,1,0.18842633733014919,171,comp_ew,total,3
201412,2,0.18870107776842765,170,comp_ew,total,3
201412,3,0.2215999558491856,170,comp_ew,total,3
201412,4,0.21284161745891247,170,comp_ew,total,3
201412,5,0.21237278891025227,170,comp_ew,total,3
201501,1,0.2520251043740325,170,comp_ew,total,3
201501,2,0.2609754380674795,169,comp_ew,total,3
201501,3,0.261193789151377,170,comp_ew,total,3
201501,4,0.23780072678844913,169,comp_ew,total,3
201501,5,0.29864053623195225,169,comp_ew,total,3
201502,1,0.10761427563186679,171,comp_ew,total,3
201502,2,0.1271455144047236,170,comp_ew,total,3
201502,3,0.1361366673189802,170,comp_ew,total,3
201502,4,0.1363834199128096,170,comp_ew,total,3
201502,5,0.17409007361523102,170,comp_ew,total,3
201503,1,0.04037655682021217,171,comp_ew,total,3
201503,2,0.05035508562901695,170,comp_ew,total,3
201503,3,0.058457663955187214,170,comp_ew,total,3
201503,4,0.06446712588266236,170,comp_ew,total,3
201503,5,0.07956734048126958,170,comp_ew,total,3
201504,1,-0.06944094334993095,171,comp_ew,total,3
201504,2,-0.06953122845045814,170,comp_ew,total,3
201504,3,-0.042280078275544815,170,comp_ew,total,3
201504,4,-0.05867525863777085,170,comp_ew,total,3
201504,5,-0.0393719409180971,170,comp_ew,total,3
201505,1,-0.11633686663812592,170,comp_ew,total,3
201505,2,-0.11367180339987389,170,comp_ew,total,3
201505,3,-0.13376188941547515,170,comp_ew,total,3
201505,4,-0.13651947277538315,170,comp_ew,total,3
201505,5,-0.10212373982863558,170,comp_ew,total,3
201506,1,-0.10083480424808701,170,comp_ew,total,3
201506,2,-0.09423997399177828,169,comp_ew,total,3
201506,3,-0.08512496858721888,169,comp_ew,total,3
201506,4,-0.10736282354213221,169,comp_ew,total,3
201506,5,-0.08172464073904907,169,comp_ew,total,3
201507,1,-0.013541164002189444,170,comp_ew,total,3
201507,2,-0.0020257249919616942,169,comp_ew,total,3
201507,3,-0.019816584549642812,169,comp_ew,total,3
201507,4,0.0003679363353672335,169,comp_ew,total,3
201507,5,0.006002979149566185,169,comp_ew,total,3
201508,1,0.0430933238978518,170,comp_ew,total,3
201508,2,0.04360279999258131,170,comp_ew,total,3
201508,3,0.06299978366717117,170,comp_ew,total,3
201508,4,0.07462796668847682,170,comp_ew,total,3
201508,5,0.08405068243145652,169,comp_ew,total,3
201509,1,0.11776724959481875,169,comp_ew,total,3
201509,2,0.12074669978262648,169,comp_ew,total,3
201509,3,0.1399491257426352,169,comp_ew,total,3
201509,4,0.11802166666862089,169,comp_ew,total,3
201509,5,0.1494610143203091,169,comp_ew,total,3
201510,1,0.13122701239244836,170,comp_ew,total,3
201510,2,0.16014412795472774,169,comp_ew,total,3
201510,3,0.15353167113085237,169,comp_ew,total,3
201510,4,0.15711690366535133,169,comp_ew,total,3
201510,5,0.16412231262059507,169,comp_ew,total,3
201511,1,0.0008125371064149878,170,comp_ew,total,3
201511,2,0.026058863399150155,170,comp_ew,total,3
201511,3,0.03982770246981159,169,comp_ew,total,3
201511,4,0.052911728740835086,170,comp_ew,total,3
201511,5,0.054841179600299605,169,comp_ew,total,3
201512,1,-0.06879777023272482,169,comp_ew,total,3
201512,2,-0.07432177685229881,169,comp_ew,total,3
201512,3,-0.060307011480230134,169,comp_ew,total,3
201512,4,-0.05543267069579294,169,comp_ew,total,3
201512,5,-0.0611707104491195,168,comp_ew,total,3
201601,1,-0.08978947164908109,168,comp_ew,total,3
201601,2,-0.06179684585679344,168,comp_ew,total,3
201601,3,-0.06650446796357963,168,comp_ew,total,3
201601,4,-0.055441605554081175,168,comp_ew,total,3
201601,5,-0.03664791012686656,168,comp_ew,total,3
201602,1,0.017392417360220756,168,comp_ew,total,3
201602,2,0.037310430587734214,168,comp_ew,total,3
201602,3,0.04805040303388091,167,comp_ew,total,3
201602,4,0.03864545707798342,168,comp_ew,total,3
201602,5,0.06146477771064749,167,comp_ew,total,3
201603,1,0.21588267916844875,169,comp_ew,total,3
201603,2,0.2015102159139462,168,comp_ew,total,3
201603,3,0.23939830634805948,169,comp_ew,total,3
201603,4,0.22113125943810563,168,comp_ew,total,3
201603,5,0.2763366633276511,168,comp_ew,total,3
201604,1,0.19819723337600023,168,comp_ew,total,3
201604,2,0.19652419514071084,168,comp_ew,total,3
201604,3,0.22945300389169102,168,comp_ew,total,3
201604,4,0.21492551109039526,168,comp_ew,total,3
201604,5,0.22500319829490095,167,comp_ew,total,3
201605,1,0.18803568558539294,169,comp_ew,total,3
201605,2,0.19674891253401453,168,comp_ew,total,3
201605,3,0.19323069523189174,168,comp_ew,total,3
201605,4,0.18448276846085881,168,comp_ew,total,3
201605,5,0.2322452944636138,168,comp_ew,total,3
201606,1,-0.0017715084961313886,168,comp_ew,total,3
201606,2,-0.004018529479711608,168,comp_ew,total,3
201606,3,0.004241097014582142,168,comp_ew,total,3
201606,4,0.03628376963990238,168,comp_ew,total,3
201606,5,0.03474613342540593,167,comp_ew,total,3
201607,1,-0.017804887716272155,168,comp_ew,total,3
201607,2,-0.015167878859227803,168,comp_ew,total,3
201607,3,-0.016844808413726625,168,comp_ew,total,3
201607,4,0.008477990239258146,168,comp_ew,total,3
201607,5,0.03010190518677021,167,comp_ew,total,3
201608,1,-0.07096521981508203,168,comp_ew,total,3
201608,2,-0.041531544712338386,167,comp_ew,total,3
201608,3,-0.03203089422298013,168,comp_ew,total,3
201608,4,-0.03412524075045524,167,comp_ew,total,3
201608,5,-0.006349564169364805,167,comp_ew,total,3
201609,1,0.04188806149086193,168,comp_ew,total,3
201609,2,0.06062573693413189,167,comp_ew,total,3
201609,3,0.07972820235782321,167,comp_ew,total,3
201609,4,0.08193519904452957,167,comp_ew,total,3
201609,5,0.09913018645739666,167,comp_ew,total,3
201610,1,0.09019077519773035,168,comp_ew,total,3
201610,2,0.10874670917335977,167,comp_ew,total,3
201610,3,0.11375457262345946,167,comp_ew,total,3
201610,4,0.13227538239185832,167,comp_ew,total,3
201610,5,0.13432089776587533,167,comp_ew,total,3
201611,1,0.17019645573200878,167,comp_ew,total,3
201611,2,0.17951623978486891,167,comp_ew,total,3
201611,3,0.2224877549458026,166,comp_ew,total,3
201611,4,0.19943331508721293,167,comp_ew,total,3
201611,5,0.21577798472534107,166,comp_ew,total,3
201612,1,0.18302804002701797,167,comp_ew,total,3
201612,2,0.2061286320080175,167,comp_ew,total,3
201612,3,0.21638852943456657,167,comp_ew,total,3
201612,4,0.23081184631081927,167,comp_ew,total,3
201612,5,0.23099206945305564,166,comp_ew,total,3
201701,1,0.13967670385356812,167,comp_ew,total,3
201701,2,0.15146135112518838,167,comp_ew,total,3
201701,3,0.14094565811482512,166,comp_ew,total,3
201701,4,0.1875028508263984,167,comp_ew,total,3
201701,5,0.1946418203232478,166,comp_ew,total,3
201702,1,0.20284063644043782,167,comp_ew,total,3
201702,2,0.208343906064212,166,comp_ew,total,3
201702,3,0.21952293189347594,166,comp_ew,total,3
201702,4,0.2443178436232165,166,comp_ew,total,3
201702,5,0.2553574022361435,166,comp_ew,total,3
201703,1,0.07952903681024683,167,comp_ew,total,3
201703,2,0.09165545494305946,166,comp_ew,total,3
201703,3,0.09552824501697718,166,comp_ew,total,3
201703,4,0.10191552959952707,166,comp_ew,total,3
201703,5,0.13447134673508276,166,comp_ew,total,3
201704,1,0.1134515697539224,167,comp_ew,total,3
201704,2,0.132084097682365,166,comp_ew,total,3
201704,3,0.1427243029500542,167,comp_ew,total,3
201704,4,0.15185256755286325,166,comp_ew,total,3
201704,5,0.15954941699159308,166,comp_ew,total,3
201705,1,0.11011349495186384,167,comp_ew,total,3
201705,2,0.1124440747600796,166,comp_ew,total,3
201705,3,0.12244638511113384,166,comp_ew,total,3
201705,4,0.12831440979375502,166,comp_ew,total,3
201705,5,0.15624194686409718,166,comp_ew,total,3
201706,1,0.08973252243167322,166,comp_ew,total,3
201706,2,0.07767135961754107,165,comp_ew,total,3
201706,3,0.08996333322980439,166,comp_ew,total,3
201706,4,0.1108582559265318,165,comp_ew,total,3
201706,5,0.10675516144573712,165,comp_ew,total,3
201707,1,0.01842950968703688,167,comp_ew,total,3
201707,2,0.027874468957260392,166,comp_ew,total,3
201707,3,0.026069548184609777,166,comp_ew,total,3
201707,4,0.04192933249556585,166,comp_ew,total,3
201707,5,0.060613872666702096,166,comp_ew,total,3
201708,1,-0.06634225671961508,167,comp_ew,total,3
201708,2,-0.05599120066673543,166,comp_ew,total,3
201708,3,-0.062396837045805204,167,comp_ew,total,3
201708,4,-0.053504654809779194,166,comp_ew,total,3
201708,5,-0.04245066196966024,166,comp_ew,total,3
201709,1,0.05824940691681665,166,comp_ew,total,3
201709,2,0.060458461606820904,166,comp_ew,total,3
201709,3,0.06796124149566607,166,comp_ew,total,3
201709,4,0.07883358946480548,166,comp_ew,total,3
201709,5,0.08310253690351249,165,comp_ew,total,3
201710,1,-0.037931181673716126,167,comp_ew,total,3
201710,2,-0.02878263605389728,167,comp_ew,total,3
201710,3,-0.027106820672399647,166,comp_ew,total,3
201710,4,-0.03543752690914059,167,comp_ew,total,3
201710,5,-0.01580347007775778,166,comp_ew,total,3
201711,1,0.045815228443999205,166,comp_ew,total,3
201711,2,0.05818006603521114,165,comp_ew,total,3
201711,3,0.058691640702790454,165,comp_ew,total,3
201711,4,0.06417824594516322,165,comp_ew,total,3
201711,5,0.06650194762987915,165,comp_ew,total,3
201712,1,-0.0881687368455655,166,comp_ew,total,3
201712,2,-0.08365851683937546,166,comp_ew,total,3
201712,3,-0.07030718699868393,166,comp_ew,total,3
201712,4,-0.07083529974199737,166,comp_ew,total,3
201712,5,-0.05353421998753927,166,comp_ew,total,3
201801,1,0.16348487207150908,167,comp_ew,total,3
201801,2,0.1454113082732568,166,comp_ew,total,3
201801,3,0.17151351706065804,166,comp_ew,total,3
201801,4,0.15246314963021454,166,comp_ew,total,3
201801,5,0.19560045523214276,166,comp_ew,total,3
201802,1,0.04266085160398632,166,comp_ew,total,3
201802,2,0.06090334887047702,165,comp_ew,total,3
201802,3,0.06044702377992636,165,comp_ew,total,3
201802,4,0.062216475441038296,165,comp_ew,total,3
201802,5,0.07119363506684229,165,comp_ew,total,3
201803,1,-0.035744162478503094,166,comp_ew,total,3
201803,2,-0.05275563374880957,165,comp_ew,total,3
201803,3,-0.023847377046628995,165,comp_ew,total,3
201803,4,-0.012990333283024392,165,comp_ew,total,3
201803,5,0.00814953483239473,165,comp_ew,total,3
201804,1,-0.15064085874275884,165,comp_ew,total,3
201804,2,-0.14119501881989618,164,comp_ew,total,3
201804,3,-0.12743177319817645,165,comp_ew,total,3
201804,4,-0.11710333011306101,164,comp_ew,total,3
201804,5,-0.10458425707750989,164,comp_ew,total,3
201805,1,-0.10112773872862284,165,comp_ew,total,3
201805,2,-0.06275553778397067,165,comp_ew,total,3
201805,3,-0.056922303554751585,164,comp_ew,total,3
201805,4,-0.04155943551391129,165,comp_ew,total,3
201805,5,-0.03376820788736563,164,comp_ew,total,3
201806,1,-0.11346577389120853,166,comp_ew,total,3
201806,2,-0.1094888820599356,165,comp_ew,total,3
201806,3,-0.08964801716261268,165,comp_ew,total,3
201806,4,-0.09740531821403349,165,comp_ew,total,3
201806,5,-0.07560416439903571,165,comp_ew,total,3
201807,1,-0.07774977019820288,165,comp_ew,total,3
201807,2,-0.08548688473923395,164,comp_ew,total,3
201807,3,-0.07002953532043117,165,comp_ew,total,3
201807,4,-0.056943058279976255,164,comp_ew,total,3
201807,5,-0.04468593621112355,164,comp_ew,total,3
201808,1,-0.12514605216649927,166,comp_ew,total,3
201808,2,-0.10289631008565348,165,comp_ew,total,3
201808,3,-0.11880991735482163,165,comp_ew,total,3
201808,4,-0.11506477598065924,165,comp_ew,total,3
201808,5,-0.09061793121452393,165,comp_ew,total,3
201809,1,0.054480160743053216,165,comp_ew,total,3
201809,2,0.04873254808867529,165,comp_ew,total,3
201809,3,0.04016319418034014,165,comp_ew,total,3
201809,4,0.06370660074571118,165,comp_ew,total,3
201809,5,0.07192714298812125,164,comp_ew,total,3
201810,1,0.0010588294175540994,165,comp_ew,total,3
201810,2,0.018444757364792536,165,comp_ew,total,3
201810,3,0.022244500355256883,164,comp_ew,total,3
201810,4,0.04390999775164341,165,comp_ew,total,3
201810,5,0.03417221784379763,164,comp_ew,total,3
201811,1,-0.028334260088881822,166,comp_ew,total,3
201811,2,-0.0029026961784682555,165,comp_ew,total,3
201811,3,0.004845990096481031,165,comp_ew,total,3
201811,4,0.007027859670754575,165,comp_ew,total,3
201811,5,0.028459980134787132,165,comp_ew,total,3
201812,1,-0.022462541373415752,165,comp_ew,total,3
201812,2,0.02439360199155203,164,comp_ew,total,3
201812,3,-0.004214145044899315,165,comp_ew,total,3
201812,4,-0.0013615183273999255,164,comp_ew,total,3
201812,5,0.022201901041369175,164,comp_ew,total,3
201901,1,0.07017349331569962,165,comp_ew,total,3
201901,2,0.08134881527852361,164,comp_ew,total,3
201901,3,0.11502184734625243,164,comp_ew,total,3
201901,4,0.0927178697656959,164,comp_ew,total,3
201901,5,0.10057322961769397,164,comp_ew,total,3
201902,1,0.156731386822511,165,comp_ew,total,3
201902,2,0.1738234389659598,164,comp_ew,total,3
201902,3,0.18565194622412964,165,comp_ew,total,3
201902,4,0.17431597390545667,164,comp_ew,total,3
201902,5,0.2071769032162884,164,comp_ew,total,3
201903,1,0.2755298654738837,165,comp_ew,total,3
201903,2,0.25808128907725336,164,comp_ew,total,3
201903,3,0.2788210528143555,164,comp_ew,total,3
201903,4,0.2864634627765731,164,comp_ew,total,3
201903,5,0.2723819388434891,164,comp_ew,total,3
201904,1,0.20685071174756872,164,comp_ew,total,3
201904,2,0.19978259294540787,164,comp_ew,total,3
201904,3,0.22714503440400183,164,comp_ew,total,3
201904,4,0.19439677110877074,164,comp_ew,total,3
201904,5,0.22326528262920475,163,comp_ew,total,3
201905,1,0.10881085956027002,165,comp_ew,total,3
201905,2,0.1334347640211713,165,comp_ew,total,3
201905,3,0.1535456332292898,165,comp_ew,total,3
201905,4,0.1506638455102786,165,comp_ew,total,3
201905,5,0.15434016246792837,164,comp_ew,total,3
201906,1,0.10967622840949423,165,comp_ew,total,3
201906,2,0.1331677708696759,165,comp_ew,total,3
201906,3,0.12466468085506437,165,comp_ew,total,3
201906,4,0.14511913437900334,165,comp_ew,total,3
201906,5,0.1384056013852394,164,comp_ew,total,3
201907,1,0.1016011031149315,165,comp_ew,total,3
201907,2,0.10062252281750791,165,comp_ew,total,3
201907,3,0.12039849683901212,164,comp_ew,total,3
201907,4,0.106644468502421,165,comp_ew,total,3
201907,5,0.12103390920435246,164,comp_ew,total,3
201908,1,-0.03986452230797146,165,comp_ew,total,3
201908,2,-0.022884412747348197,164,comp_ew,total,3
201908,3,-0.007207920809776662,165,comp_ew,total,3
201908,4,-0.003355611703936781,164,comp_ew,total,3
201908,5,-0.003261754059026754,164,comp_ew,total,3
201909,1,0.033357199303568175,165,comp_ew,total,3
201909,2,0.06815152486559839,164,comp_ew,total,3
201909,3,0.05241301340294299,165,comp_ew,total,3
201909,4,0.0806326385897601,164,comp_ew,total,3
201909,5,0.08910620852258709,164,comp_ew,total,3
201910,1,0.14538479522562536,165,comp_ew,total,3
201910,2,0.16301864119528922,164,comp_ew,total,3
201910,3,0.14138068087147565,164,comp_ew,total,3
201910,4,0.17504256075616265,164,comp_ew,total,3
201910,5,0.20061311804428306,164,comp_ew,total,3
201911,1,0.2796030250605379,165,comp_ew,total,3
201911,2,0.2996501608266362,164,comp_ew,total,3
201911,3,0.3055272435174934,165,comp_ew,total,3
201911,4,0.32830933417932884,164,comp_ew,total,3
201911,5,0.3220572666971145,164,comp_ew,total,3
201912,1,0.07900173041197096,164,comp_ew,total,3
201912,2,0.11184756170886893,164,comp_ew,total,3
201912,3,0.10324380048842664,163,comp_ew,total,3
201912,4,0.09690191362277657,164,comp_ew,total,3
201912,5,0.13000570216709675,163,comp_ew,total,3
202001,1,0.08273861010854897,164,comp_ew,total,3
202001,2,0.08511473986633983,164,comp_ew,total,3
202001,3,0.10683290369962359,164,comp_ew,total,3
202001,4,0.08304429892157844,164,comp_ew,total,3
202001,5,0.10205549819869372,163,comp_ew,total,3
202002,1,0.007218715071463602,164,comp_ew,total,3
202002,2,0.013045951610061167,163,comp_ew,total,3
202002,3,0.017452595643514947,163,comp_ew,total,3
202002,4,0.02752137794760398,163,comp_ew,total,3
202002,5,0.035800757152980416,163,comp_ew,total,3
202003,1,-0.023854583312876317,164,comp_ew,total,3
202003,2,-0.028326563076078715,164,comp_ew,total,3
202003,3,-0.0064412665065674305,163,comp_ew,total,3
202003,4,0.011343922424759055,164,comp_ew,total,3
202003,5,-0.01427061960857648,163,comp_ew,total,3
202004,1,-0.06552211837757639,164,comp_ew,total,3
202004,2,-0.0609305477745562,163,comp_ew,total,3
202004,3,-0.04736906552652606,164,comp_ew,total,3
202004,4,-0.02259579285417872,163,comp_ew,total,3
202004,5,-0.05025631789206468,163,comp_ew,total,3
202005,1,0.11169287233817868,164,comp_ew,total,3
202005,2,0.11894442055516621,163,comp_ew,total,3
202005,3,0.12383931732888927,164,comp_ew,total,3
202005,4,0.12391678160119156,163,comp_ew,total,3
202005,5,0.149017519061437,163,comp_ew,total,3
202006,1,0.2053461762813855,164,comp_ew,total,3
202006,2,0.24092790701776942,163,comp_ew,total,3
202006,3,0.20051004827904984,164,comp_ew,total,3
202006,4,0.20546659995845304,163,comp_ew,total,3
202006,5,0.24355532013988482,163,comp_ew,total,3
202007,1,0.04969062432416995,163,comp_ew,total,3
202007,2,0.060760831962838206,163,comp_ew,total,3
202007,3,0.05195747775721147,163,comp_ew,total,3
202007,4,0.06442382381071939,163,comp_ew,total,3
202007,5,0.07310924513051446,162,comp_ew,total,3
202008,1,-0.11163112866572097,163,comp_ew,total,3
202008,2,-0.11514797410036258,163,comp_ew,total,3
202008,3,-0.10837553838705098,163,comp_ew,total,3
202008,4,-0.09748001322851864,163,comp_ew,total,3
202008,5,-0.1092776752102086,163,comp_ew,total,3
202009,1,-0.21224574489435735,162,comp_ew,total,3
202009,2,-0.22804764338185649,162,comp_ew,total,3
202009,3,-0.18265875533719556,162,comp_ew,total,3
202009,4,-0.2058920626205339,162,comp_ew,total,3
202009,5,-0.19737513256820685,162,comp_ew,total,3
202010,1,-0.2069501479907029,163,comp_ew,total,3
202010,2,-0.2139531616871373,162,comp_ew,total,3
202010,3,-0.19631512993557654,162,comp_ew,total,3
202010,4,-0.1979286804362382,162,comp_ew,total,3
202010,5,-0.18612799087230325,162,comp_ew,total,3
202011,1,-0.23584051182467722,163,comp_ew,total,3
202011,2,-0.22385334632041745,162,comp_ew,total,3
202011,3,-0.21934209448231368,162,comp_ew,total,3
202011,4,-0.21040671064344943,162,comp_ew,total,3
202011,5,-0.204264474403501,162,comp_ew,total,3
202012,1,-0.10074699920449803,162,comp_ew,total,3
202012,2,-0.08892112448384375,161,comp_ew,total,3
202012,3,-0.09434668547625305,161,comp_ew,total,3
202012,4,-0.06955217750387695,161,comp_ew,total,3
202012,5,-0.06497687428760396,161,comp_ew,total,3
202101,1,0.03282491358892435,162,comp_ew,total,3
202101,2,0.026204530836767857,161,comp_ew,total,3
202101,3,0.030065749074416583,161,comp_ew,total,3
202101,4,0.037752482659301964,161,comp_ew,total,3
202101,5,0.053770290021634685,161,comp_ew,total,3
202102,1,0.1433695672123685,161,comp_ew,total,3
202102,2,0.15316496209524277,161,comp_ew,total,3
202102,3,0.1782227068661018,161,comp_ew,total,3
202102,4,0.17793001787179322,161,comp_ew,total,3
202102,5,0.16683680331650935,160,comp_ew,total,3
202103,1,-0.017034857706220576,162,comp_ew,total,3
202103,2,0.004343836141725365,161,comp_ew,total,3
202103,3,0.010701702991477014,161,comp_ew,total,3
202103,4,0.019882772443929903,161,comp_ew,total,3
202103,5,0.01740848681576215,161,comp_ew,total,3
202104,1,-0.11173986917486473,161,comp_ew,total,3
202104,2,-0.11702038307147763,161,comp_ew,total,3
202104,3,-0.09931668918685987,161,comp_ew,total,3
202104,4,-0.08961603613511442,161,comp_ew,total,3
202104,5,-0.06794629089670204,160,comp_ew,total,3
202105,1,-0.10539037609279002,161,comp_ew,total,3
202105,2,-0.09679420618601672,160,comp_ew,total,3
202105,3,-0.10533543193870229,161,comp_ew,total,3
202105,4,-0.05871220942120542,160,comp_ew,total,3
202105,5,-0.05147601539679667,160,comp_ew,total,3
202106,1,0.03245617158566685,161,comp_ew,total,3
202106,2,0.03329554039609563,160,comp_ew,total,3
202106,3,0.03998803404853344,161,comp_ew,total,3
202106,4,0.04951692532820879,160,comp_ew,total,3
202106,5,0.0575072166794061,160,comp_ew,total,3
202107,1,0.016312269270465283,160,comp_ew,total,3
202107,2,0.0472455869978762,160,comp_ew,total,3
202107,3,0.04625703399562092,160,comp_ew,total,3
202107,4,0.028973352558651376,160,comp_ew,total,3
202107,5,0.06035404268646107,160,comp_ew,total,3
202108,1,0.08947532678999684,161,comp_ew,total,3
202108,2,0.06484031884035986,160,comp_ew,total,3
202108,3,0.07488449838604055,161,comp_ew,total,3
202108,4,0.08080571066972922,160,comp_ew,total,3
202108,5,0.08651150893502788,160,comp_ew,total,3
202109,1,-0.02856331946442958,161,comp_ew,total,3
202109,2,-0.04061324108210354,160,comp_ew,total,3
202109,3,-0.03902331748268521,161,comp_ew,total,3
202109,4,-0.03486022752307037,160,comp_ew,total,3
202109,5,-0.013675132059363998,160,comp_ew,total,3
202110,1,0.048280082674147635,161,comp_ew,total,3
202110,2,0.050999007921769215,160,comp_ew,total,3
202110,3,0.07470144729729404,160,comp_ew,total,3
202110,4,0.08447544582031606,160,comp_ew,total,3
202110,5,0.07728457420079668,160,comp_ew,total,3
202111,1,-0.06746793789712806,161,comp_ew,total,3
202111,2,-0.06760179538833569,160,comp_ew,total,3
202111,3,-0.03676439470501399,161,comp_ew,total,3
202111,4,-0.06156943688819568,160,comp_ew,total,3
202111,5,-0.045756546154666004,160,comp_ew,total,3
202112,1,0.01690562823229809,161,comp_ew,total,3
202112,2,0.05514508234348473,160,comp_ew,total,3
202112,3,0.036106221542250815,161,comp_ew,total,3
202112,4,0.04752915625028051,160,comp_ew,total,3
202112,5,0.026995744656444685,160,comp_ew,total,3
202201,1,-0.019861884437811207,160,comp_ew,total,3
202201,2,-0.030313580791156598,160,comp_ew,total,3
202201,3,-0.009430977216736457,160,comp_ew,total,3
202201,4,-0.0002470640039277848,160,comp_ew,total,3
202201,5,-0.0011681202323485956,160,comp_ew,total,3
202202,1,0.0639043123975569,160,comp_ew,total,3
202202,2,0.0639290050877298,160,comp_ew,total,3
202202,3,0.08609665000441523,160,comp_ew,total,3
202202,4,0.09830372614050792,160,comp_ew,total,3
202202,5,0.09452285705074623,159,comp_ew,total,3
202203,1,-0.06287460300862606,160,comp_ew,total,3
202203,2,-0.04083672151441766,159,comp_ew,total,3
202203,3,-0.0543256566225461,159,comp_ew,total,3
202203,4,-0.03767297290829386,159,comp_ew,total,3
202203,5,-0.025722320689698205,159,comp_ew,total,3
202204,1,-0.11989045055480378,160,comp_ew,total,3
202204,2,-0.13241844766371252,160,comp_ew,total,3
202204,3,-0.10594444428569551,159,comp_ew,total,3
202204,4,-0.10879669503413565,160,comp_ew,total,3
202204,5,-0.10292861054727494,159,comp_ew,total,3
202205,1,-0.19408418100430141,159,comp_ew,total,3
202205,2,-0.19417684627996115,159,comp_ew,total,3
202205,3,-0.19444416712425125,159,comp_ew,total,3
202205,4,-0.19573583719800808,159,comp_ew,total,3
202205,5,-0.19525736462547727,159,comp_ew,total,3
202206,1,-0.1254061258934679,159,comp_ew,total,3
202206,2,-0.12349751876271926,158,comp_ew,total,3
202206,3,-0.10774398890603401,159,comp_ew,total,3
202206,4,-0.09496452060189897,158,comp_ew,total,3
202206,5,-0.10157581460044998,158,comp_ew,total,3
202207,1,-0.025787927467978956,160,comp_ew,total,3
202207,2,-0.02344831558623999,159,comp_ew,total,3
202207,3,-0.006408957133642599,160,comp_ew,total,3
202207,4,-0.012755310872825214,159,comp_ew,total,3
202207,5,0.007756338323208875,159,comp_ew,total,3
202208,1,0.055701773886741045,160,comp_ew,total,3
202208,2,0.05980183902873256,159,comp_ew,total,3
202208,3,0.056251615088250106,160,comp_ew,total,3
202208,4,0.057526445691434565,159,comp_ew,total,3
202208,5,0.057501352564499834,159,comp_ew,total,3
202209,1,0.07849966738062095,160,comp_ew,total,3
202209,2,0.06998236168151058,159,comp_ew,total,3
202209,3,0.05650469670570708,159,comp_ew,total,3
202209,4,0.07559525240471389,159,comp_ew,total,3
202209,5,0.07385873047946812,159,comp_ew,total,3
202210,1,0.028409708593877647,159,comp_ew,total,3
202210,2,0.04260775908305789,159,comp_ew,total,3
202210,3,0.050501851245512826,159,comp_ew,total,3
202210,4,0.06242393845150742,159,comp_ew,total,3
202210,5,0.054622849961614865,159,comp_ew,total,3
202211,1,0.11473007959646891,159,comp_ew,total,3
202211,2,0.12983556443267527,159,comp_ew,total,3
202211,3,0.13136242554700753,159,comp_ew,total,3
202211,4,0.14453597113572134,159,comp_ew,total,3
202211,5,0.16496971333010788,159,comp_ew,total,3
202212,1,-0.004246026445925686,159,comp_ew,total,3
202212,2,0.02729851059068068,159,comp_ew,total,3
202212,3,0.024285692959912467,159,comp_ew,total,3
202212,4,0.036021281573587784,159,comp_ew,total,3
202212,5,0.032309568792527485,158,comp_ew,total,3
202301,1,0.019348646613644088,159,comp_ew,total,3
202301,2,0.03542074815440099,158,comp_ew,total,3
202301,3,0.0399291455084178,158,comp_ew,total,3
202301,4,0.05646492567414303,158,comp_ew,total,3
202301,5,0.06724109446219999,158,comp_ew,total,3
202302,1,-0.03274559279400915,158,comp_ew,total,3
202302,2,-0.012877465025800696,158,comp_ew,total,3
202302,3,0.005039944380788461,158,comp_ew,total,3
202302,4,-0.004681851804311801,158,comp_ew,total,3
202302,5,-0.012478051965550121,158,comp_ew,total,3
202303,1,0.023402156106560608,159,comp_ew,total,3
202303,2,0.023450681187728206,158,comp_ew,total,3
202303,3,0.034136015765766047,159,comp_ew,total,3
202303,4,0.04047000269560794,158,comp_ew,total,3
202303,5,0.0651900225684179,158,comp_ew,total,3
202304,1,-0.023410908690162744,159,comp_ew,total,3
202304,2,-0.02968282037196973,158,comp_ew,total,3
202304,3,-0.010105690233306786,158,comp_ew,total,3
202304,4,0.011657168689910315,158,comp_ew,total,3
202304,5,0.02119263812328617,158,comp_ew,total,3
202305,1,-0.13399790425733657,159,comp_ew,total,3
202305,2,-0.11978345559668971,159,comp_ew,total,3
202305,3,-0.09471898765086463,159,comp_ew,total,3
202305,4,-0.09065279003853048,159,comp_ew,total,3
202305,5,-0.08719067015108169,158,comp_ew,total,3
202306,1,-0.030071922939756572,158,comp_ew,total,3
202306,2,-0.013808080502908078,158,comp_ew,total,3
202306,3,-0.012799602499936046,158,comp_ew,total,3
202306,4,0.025896458357513006,158,comp_ew,total,3
202306,5,0.017397937608636282,158,comp_ew,total,3
202307,1,0.107581987873155,159,comp_ew,total,3
202307,2,0.10711883816057054,158,comp_ew,total,3
202307,3,0.10256993007331304,159,comp_ew,total,3
202307,4,0.14270088518694118,158,comp_ew,total,3
202307,5,0.13124009508875303,158,comp_ew,total,3
202308,1,0.1665041146508643,158,comp_ew,total,3
202308,2,0.17451644427444835,158,comp_ew,total,3
202308,3,0.1944596279585519,158,comp_ew,total,3
202308,4,0.20042906005088343,158,comp_ew,total,3
202308,5,0.19093827720561798,157,comp_ew,total,3
202309,1,0.06035693802642027,158,comp_ew,total,3
202309,2,0.09839706842626947,158,comp_ew,total,3
202309,3,0.10578948404177937,158,comp_ew,total,3
202309,4,0.10183900477983938,158,comp_ew,total,3
202309,5,0.103727423004436,157,comp_ew,total,3
202310,1,-0.005087807970857744,158,comp_ew,total,3
202310,2,0.011564235045750692,158,comp_ew,total,3
202310,3,0.03245027116853115,157,comp_ew,total,3
202310,4,0.03161894812222594,158,comp_ew,total,3
202310,5,0.03766242278939029,157,comp_ew,total,3
202311,1,0.07632101870174768,158,comp_ew,total,3
202311,2,0.08706799485873172,157,comp_ew,total,3
202311,3,0.11055035836904169,158,comp_ew,total,3
202311,4,0.07823246041180028,157,comp_ew,total,3
202311,5,0.11720008439279407,157,comp_ew,total,3
202312,1,0.17325643071232616,158,comp_ew,total,3
202312,2,0.1436611920250644,158,comp_ew,total,3
202312,3,0.15687094372058805,158,comp_ew,total,3
202312,4,0.15188601401764906,158,comp_ew,total,3
202312,5,0.18477481130454393,157,comp_ew,total,3
202401,1,0.03587726522705537,158,comp_ew,total,3
202401,2,0.0029916821130188146,158,comp_ew,total,3
202401,3,0.03220150644517859,158,comp_ew,total,3
202401,4,0.029130265417692893,158,comp_ew,total,3
202401,5,0.019133666084535116,157,comp_ew,total,3
202402,1,-0.11552278975124934,158,comp_ew,total,3
202402,2,-0.1205741357373746,157,comp_ew,total,3
202402,3,-0.07620263478995253,158,comp_ew,total,3
202402,4,-0.11390559214734618,157,comp_ew,total,3
202402,5,-0.12240161528828984,157,comp_ew,total,3
202403,1,-0.209419797642203,158,comp_ew,total,3
202403,2,-0.18716259044573466,158,comp_ew,total,3
202403,3,-0.17581887764650547,157,comp_ew,total,3
202403,4,-0.19646821096090383,158,comp_ew,total,3
202403,5,-0.18560770239282093,157,comp_ew,total,3
202404,1,-0.03717010744199818,157,comp_ew,total,3
202404,2,-0.05318780231904091,157,comp_ew,total,3
202404,3,-0.03237251533358231,157,comp_ew,total,3
202404,4,-0.00693680441956356,157,comp_ew,total,3
202404,5,0.004620110375206578,157,comp_ew,total,3
202405,1,0.1564544394442343,157,comp_ew,total,3
202405,2,0.15700220011373445,157,comp_ew,total,3
202405,3,0.18071946105279257,156,comp_ew,total,3
202405,4,0.16915030236870415,157,comp_ew,total,3
202405,5,0.1898321655915395,156,comp_ew,total,3
202406,1,0.2733427255826083,157,comp_ew,total,3
202406,2,0.28971757794792663,157,comp_ew,total,3
202406,3,0.2824018701997663,156,comp_ew,total,3
202406,4,0.29655692566381275,157,comp_ew,total,3
202406,5,0.31175894524177483,156,comp_ew,total,3
202407,1,0.21457507700714032,157,comp_ew,total,3
202407,2,0.24303573525547648,157,comp_ew,total,3
202407,3,0.2316079302581949,157,comp_ew,total,3
202407,4,0.24505921684392695,157,comp_ew,total,3
202407,5,0.2635658148550112,157,comp_ew,total,3
202408,1,0.17474457225630827,157,comp_ew,total,3
202408,2,0.17772151572908002,156,comp_ew,total,3
202408,3,0.1842801919237195,157,comp_ew,total,3
202408,4,0.15138691557074382,156,comp_ew,total,3
202408,5,0.18464271585690312,156,comp_ew,total,3
202409,1,0.11194171856362342,156,comp_ew,total,3
202409,2,0.12164001474596163,156,comp_ew,total,3
202409,3,0.11797889112457689,156,comp_ew,total,3
202409,4,0.1409471217076668,156,comp_ew,total,3
202409,5,0.1383224909653691,156,comp_ew,total,3
202410,1,0.16637194620429946,156,comp_ew,total,3
202410,2,0.183702117470011,156,comp_ew,total,3
202410,3,0.1723567619772032,156,comp_ew,total,3
202410,4,0.1938706448528431,156,comp_ew,total,3
202410,5,0.21429743342329138,155,comp_ew,total,3
202411,1,0.02519219082503276,156,comp_ew,total,3
202411,2,0.04123894657490474,156,comp_ew,total,3
202411,3,0.06446013861235181,156,comp_ew,total,3
202411,4,0.05273012129951631,156,comp_ew,total,3
202411,5,0.05456869231824461,156,comp_ew,total,3
202412,1,0.12934210552387604,156,comp_ew,total,3
202412,2,0.13001075091064512,156,comp_ew,total,3
202412,3,0.1331995784762664,155,comp_ew,total,3
202412,4,0.1391268241736456,156,comp_ew,total,3
202412,5,0.1485805067044571,155,comp_ew,total,3
202501,1,0.049136951787926514,156,comp_ew,total,3
202501,2,0.04802741062980786,155,comp_ew,total,3
202501,3,0.057854699235430636,155,comp_ew,total,3
202501,4,0.06187804208752012,155,comp_ew,total,3
202501,5,0.08152474472757583,155,comp_ew,total,3
202502,1,0.1356898051189792,155,comp_ew,total,3
202502,2,0.1595187628877883,155,comp_ew,total,3
202502,3,0.18027140820431736,155,comp_ew,total,3
202502,4,0.19546872414033326,155,comp_ew,total,3
202502,5,0.17104510233397857,154,comp_ew,total,3
202503,1,0.0667580379065692,155,comp_ew,total,3
202503,2,0.08192785199979048,155,comp_ew,total,3
202503,3,0.09231682017365099,154,comp_ew,total,3
202503,4,0.09159240300932488,155,comp_ew,total,3
202503,5,0.13454127386973483,154,comp_ew,total,3
202504,1,-0.0170637877077415,155,comp_ew,total,3
202504,2,-0.002465898497474777,154,comp_ew,total,3
202504,3,-0.024988753628979832,154,comp_ew,total,3
202504,4,-0.00029700731186673264,154,comp_ew,total,3
202504,5,-0.006453233967749384,154,comp_ew,total,3
202505,1,-0.10505540992380959,155,comp_ew,total,3
202505,2,-0.10870167717487807,154,comp_ew,total,3
202505,3,-0.09691468436713851,155,comp_ew,total,3
202505,4,-0.11166343648684339,154,comp_ew,total,3
202505,5,-0.09229729018916925,154,comp_ew,total,3
202506,1,-0.2514177579254046,155,comp_ew,total,3
202506,2,-0.244652454517573,154,comp_ew,total,3
202506,3,-0.22352167990077634,155,comp_ew,total,3
202506,4,-0.24456761482345046,154,comp_ew,total,3
202506,5,-0.24227894508701275,154,comp_ew,total,3
202507,1,-0.1312009736981863,155,comp_ew,total,3
202507,2,-0.10051483947292092,154,comp_ew,total,3
202507,3,-0.11042645385535577,155,comp_ew,total,3
202507,4,-0.12406232880382097,154,comp_ew,total,3
202507,5,-0.11371608458037231,154,comp_ew,total,3
202508,1,-0.12802290287190432,155,comp_ew,total,3
202508,2,-0.09964916296398087,154,comp_ew,total,3
202508,3,-0.1031572141173775,154,comp_ew,total,3
202508,4,-0.12308230065896261,154,comp_ew,total,3
202508,5,-0.10708352133707676,154,comp_ew,total,3
202509,1,-0.015618774101467347,154,comp_ew,total,3
202509,2,-0.03022763571253574,154,comp_ew,total,3
202509,3,-0.014036413481935878,154,comp_ew,total,3
202509,4,-0.01419997229774823,154,comp_ew,total,3
202509,5,0.004639412460150708,154,comp_ew,total,3
202510,1,0.019981724732226668,154,comp_ew,total,3
202510,2,0.0455160899079215,154,comp_ew,total,3
202510,3,0.05772833854175674,153,comp_ew,total,3
202510,4,0.036573321771885346,154,comp_ew,total,3
202510,5,0.04918642273534294,153,comp_ew,total,3
202511,1,0.14301414879482713,154,comp_ew,total,3
202511,2,0.1643936461074982,153,comp_ew,total,3
202511,3,0.17019631344371317,154,comp_ew,total,3
202511,4,0.16674103600842086,153,comp_ew,total,3
202511,5,0.19852421244951018,153,comp_ew,total,3
202512,1,0.24910676481727384,154,comp_ew,total,3
202512,2,0.25264115931838793,153,comp_ew,total,3
202512,3,0.23510867419697945,154,comp_ew,total,3
202512,4,0.23803371832692016,153,comp_ew,total,3
202512,5,0.26932515861427253,153,comp_ew,total,3
202601,1,0.13890023614969674,153,comp_ew,total,3
202601,2,0.13903823217998404,153,comp_ew,total,3
202601,3,0.15609472973985175,153,comp_ew,total,3
202601,4,0.13237421488920645,153,comp_ew,total,3
202601,5,0.16895453874791289,153,comp_ew,total,3
202602,1,0.11273955890386793,153,comp_ew,total,3
202602,2,0.1474130865563365,153,comp_ew,total,3
202602,3,0.1469686691534861,153,comp_ew,total,3
202602,4,0.15314220854521318,153,comp_ew,total,3
202602,5,0.1403915388493301,153,comp_ew,total,3
202603,1,0.16076620180730636,153,comp_ew,total,3
202603,2,0.17462095064694222,152,comp_ew,total,3
202603,3,0.1876803392974207,153,comp_ew,total,3
202603,4,0.19064639681138287,152,comp_ew,total,3
202603,5,0.19377930706167068,152,comp_ew,total,3
202604,1,0.1310187556302784,153,comp_ew,total,3
202604,2,0.12177148714782011,153,comp_ew,total,3
202604,3,0.1313770761441164,153,comp_ew,total,3
202604,4,0.15056704816361238,153,comp_ew,total,3
202604,5,0.15420805468021792,153,comp_ew,total,3
200801,1,-0.020749666376949492,142,comp_ew,total,6
200801,2,-0.01901523902910939,142,comp_ew,total,6
200801,3,-0.03958555550377404,142,comp_ew,total,6
200801,4,0.04110318089192081,142,comp_ew,total,6
200801,5,0.03459647431970776,142,comp_ew,total,6
200802,1,0.012433856293997975,142,comp_ew,total,6
200802,2,-0.0069405466384399855,142,comp_ew,total,6
200802,3,0.046427659635926044,142,comp_ew,total,6
200802,4,0.02212321682648924,142,comp_ew,total,6
200802,5,0.055614196080311366,142,comp_ew,total,6
200803,1,-0.03685794220976348,144,comp_ew,total,6
200803,2,-0.015440427873221248,143,comp_ew,total,6
200803,3,0.019437690305382258,143,comp_ew,total,6
200803,4,-0.009855114023905957,143,comp_ew,total,6
200803,5,0.006846194945247108,143,comp_ew,total,6
200804,1,0.037657761956604786,144,comp_ew,total,6
200804,2,0.05064514647029891,143,comp_ew,total,6
200804,3,0.08888998216901563,144,comp_ew,total,6
200804,4,0.07755110172431584,143,comp_ew,total,6
200804,5,0.09244186417605257,143,comp_ew,total,6
200805,1,0.01627427858010647,143,comp_ew,total,6
200805,2,-0.006309312354540983,143,comp_ew,total,6
200805,3,0.0289321551096425,143,comp_ew,total,6
200805,4,0.0393374492307959,143,comp_ew,total,6
200805,5,0.05432173591367585,142,comp_ew,total,6
200806,1,0.08678916892045387,145,comp_ew,total,6
200806,2,0.05732253258674333,144,comp_ew,total,6
200806,3,0.09495792067762968,145,comp_ew,total,6
200806,4,0.08925103808446722,144,comp_ew,total,6
200806,5,0.12806218757641447,144,comp_ew,total,6
200807,1,0.19330063172357445,145,comp_ew,total,6
200807,2,0.2073034521219449,145,comp_ew,total,6
200807,3,0.19070027405116646,145,comp_ew,total,6
200807,4,0.23056009223156299,145,comp_ew,total,6
200807,5,0.23579772171593508,144,comp_ew,total,6
200808,1,0.0848514024517551,145,comp_ew,total,6
200808,2,0.062024064267917886,145,comp_ew,total,6
200808,3,0.0588338808576939,145,comp_ew,total,6
200808,4,0.07671134144605002,145,comp_ew,total,6
200808,5,0.07148310836487043,144,comp_ew,total,6
200809,1,0.027444349933725607,145,comp_ew,total,6
200809,2,0.006079124693790653,144,comp_ew,total,6
200809,3,0.07628707590523154,145,comp_ew,total,6
200809,4,0.02701158280413816,144,comp_ew,total,6
200809,5,0.02719636719718869,144,comp_ew,total,6
200810,1,-0.056646417875520036,146,comp_ew,total,6
200810,2,-0.06129940814258903,145,comp_ew,total,6
200810,3,-0.028339824763585958,145,comp_ew,total,6
200810,4,-0.0011693368631655774,145,comp_ew,total,6
200810,5,-0.04065460185435889,145,comp_ew,total,6
200811,1,0.04547563819547221,147,comp_ew,total,6
200811,2,0.03945015315831849,147,comp_ew,total,6
200811,3,0.05275448154687413,146,comp_ew,total,6
200811,4,0.07453393914441178,147,comp_ew,total,6
200811,5,0.11865153660910727,146,comp_ew,total,6
200812,1,0.004426313709172974,147,comp_ew,total,6
200812,2,-9.134683984544592e-05,147,comp_ew,total,6
200812,3,0.0009297192249052316,146,comp_ew,total,6
200812,4,0.03544700639906201,147,comp_ew,total,6
200812,5,0.049385445666853184,146,comp_ew,total,6
200901,1,-0.0868300791422947,147,comp_ew,total,6
200901,2,-0.07809505215368523,147,comp_ew,total,6
200901,3,-0.05439366678587767,147,comp_ew,total,6
200901,4,-0.06152977200933684,147,comp_ew,total,6
200901,5,-0.035844205649515654,147,comp_ew,total,6
200902,1,-0.10055498708423981,148,comp_ew,total,6
200902,2,-0.10454121315314928,148,comp_ew,total,6
200902,3,-0.08256071990275508,148,comp_ew,total,6
200902,4,-0.09079624571969966,148,comp_ew,total,6
200902,5,-0.046221836410893974,148,comp_ew,total,6
200903,1,-0.128244069293698,148,comp_ew,total,6
200903,2,-0.09818712734283735,148,comp_ew,total,6
200903,3,-0.12487963050066735,148,comp_ew,total,6
200903,4,-0.10017268387116889,148,comp_ew,total,6
200903,5,-0.08577066592419344,148,comp_ew,total,6
200904,1,-0.12789410544670257,150,comp_ew,total,6
200904,2,-0.14055830412205483,149,comp_ew,total,6
200904,3,-0.12904078068786023,149,comp_ew,total,6
200904,4,-0.14333055445615434,149,comp_ew,total,6
200904,5,-0.09463439650668266,149,comp_ew,total,6
200905,1,-0.2886115558514585,150,comp_ew,total,6
200905,2,-0.26890608584111825,149,comp_ew,total,6
200905,3,-0.2589275398839131,149,comp_ew,total,6
200905,4,-0.2700218455408724,149,comp_ew,total,6
200905,5,-0.24957031562086485,149,comp_ew,total,6
200906,1,-0.30989606158667676,149,comp_ew,total,6
200906,2,-0.33256391849222094,149,comp_ew,total,6
200906,3,-0.2875930056628421,149,comp_ew,total,6
200906,4,-0.28511256841455523,149,comp_ew,total,6
200906,5,-0.28278823629760436,149,comp_ew,total,6
200907,1,-0.25908315889682254,150,comp_ew,total,6
200907,2,-0.23225303136028483,150,comp_ew,total,6
200907,3,-0.24023174382920226,150,comp_ew,total,6
200907,4,-0.1942307319279907,150,comp_ew,total,6
200907,5,-0.19982899352519107,150,comp_ew,total,6
200908,1,-0.25127814895966105,151,comp_ew,total,6
200908,2,-0.22051043261576658,151,comp_ew,total,6
200908,3,-0.22677587432096497,151,comp_ew,total,6
200908,4,-0.22497761554620033,151,comp_ew,total,6
200908,5,-0.1793469941891267,150,comp_ew,total,6
200909,1,-0.10763830490152478,152,comp_ew,total,6
200909,2,-0.09122821123845468,151,comp_ew,total,6
200909,3,-0.0686532148128687,151,comp_ew,total,6
200909,4,-0.0646011893674892,151,comp_ew,total,6
200909,5,-0.04453357654977944,151,comp_ew,total,6
200910,1,-0.033121540495635045,152,comp_ew,total,6
200910,2,-0.05399523246220499,152,comp_ew,total,6
200910,3,-0.05765688091896197,151,comp_ew,total,6
200910,4,-0.022288874021905117,152,comp_ew,total,6
200910,5,-0.01065708344817675,151,comp_ew,total,6
200911,1,0.10351508308754735,152,comp_ew,total,6
200911,2,0.08444939108373611,152,comp_ew,total,6
200911,3,0.10173530310950685,152,comp_ew,total,6
200911,4,0.10109753502353218,152,comp_ew,total,6
200911,5,0.12663347055155896,152,comp_ew,total,6
200912,1,0.06993556712717708,153,comp_ew,total,6
200912,2,0.03239116151389232,152,comp_ew,total,6
200912,3,0.08780386525342161,152,comp_ew,total,6
200912,4,0.10381043942095997,152,comp_ew,total,6
200912,5,0.08332102901931501,152,comp_ew,total,6
201001,1,0.12195672726139088,153,comp_ew,total,6
201001,2,0.12201542873042746,153,comp_ew,total,6
201001,3,0.12871973671200876,152,comp_ew,total,6
201001,4,0.0969825311373152,153,comp_ew,total,6
201001,5,0.1412258468555121,152,comp_ew,total,6
201002,1,0.08667984648984398,153,comp_ew,total,6
201002,2,0.09343152260205656,153,comp_ew,total,6
201002,3,0.09064059841577089,152,comp_ew,total,6
201002,4,0.10300465767790085,153,comp_ew,total,6
201002,5,0.11150301180564239,152,comp_ew,total,6
201003,1,0.056169249589035374,153,comp_ew,total,6
201003,2,0.041697055141375845,153,comp_ew,total,6
201003,3,0.038774002078161916,153,comp_ew,total,6
201003,4,0.07073756258563152,153,comp_ew,total,6
201003,5,0.07974229553453459,153,comp_ew,total,6
201004,1,-0.04479319903099172,153,comp_ew,total,6
201004,2,-0.028110082156982467,153,comp_ew,total,6
201004,3,-0.022127675926871992,153,comp_ew,total,6
201004,4,-0.021407276923053345,153,comp_ew,total,6
201004,5,0.010862291643487891,153,comp_ew,total,6
201005,1,-0.08816427675494264,154,comp_ew,total,6
201005,2,-0.0907745073587029,154,comp_ew,total,6
201005,3,-0.05395744709928471,154,comp_ew,total,6
201005,4,-0.0532807484253919,154,comp_ew,total,6
201005,5,-0.02922087759620859,153,comp_ew,total,6
201006,1,0.04991816195687218,155,comp_ew,total,6
201006,2,0.017865988260552638,154,comp_ew,total,6
201006,3,0.08030773790912289,155,comp_ew,total,6
201006,4,0.09122514793778444,154,comp_ew,total,6
201006,5,0.06730748655672472,154,comp_ew,total,6
201007,1,-0.017947661735926,155,comp_ew,total,6
201007,2,0.0023189096900933116,155,comp_ew,total,6
201007,3,0.025673076829357103,155,comp_ew,total,6
201007,4,0.022535102336686267,155,comp_ew,total,6
201007,5,0.008049003781529767,154,comp_ew,total,6
201008,1,0.06803242724212527,155,comp_ew,total,6
201008,2,0.07287644836511789,155,comp_ew,total,6
201008,3,0.10423569339952185,155,comp_ew,total,6
201008,4,0.08222021762512453,155,comp_ew,total,6
201008,5,0.08451313898840482,154,comp_ew,total,6
201009,1,0.04368151010142174,156,comp_ew,total,6
201009,2,0.0321212387493276,155,comp_ew,total,6
201009,3,0.04972817585719956,156,comp_ew,total,6
201009,4,0.04234998144769568,155,comp_ew,total,6
201009,5,0.06778359162512791,155,comp_ew,total,6
201010,1,0.005476965627056769,155,comp_ew,total,6
201010,2,0.03844974771705261,155,comp_ew,total,6
201010,3,-0.001821629440602833,155,comp_ew,total,6
201010,4,0.02812468961857376,155,comp_ew,total,6
201010,5,0.03285932279601618,154,comp_ew,total,6
201011,1,0.07541065960774093,156,comp_ew,total,6
201011,2,0.09254199715731305,155,comp_ew,total,6
201011,3,0.1197728231348709,156,comp_ew,total,6
201011,4,0.10944962751094707,155,comp_ew,total,6
201011,5,0.12931334471076594,155,comp_ew,total,6
201012,1,-0.07861132369661021,157,comp_ew,total,6
201012,2,-0.052928811764065616,156,comp_ew,total,6
201012,3,-0.05860967003129456,157,comp_ew,total,6
201012,4,-0.05216571698193512,156,comp_ew,total,6
201012,5,-0.016008766804072556,156,comp_ew,total,6
201101,1,-0.10249389501196361,157,comp_ew,total,6
201101,2,-0.08266839223925795,156,comp_ew,total,6
201101,3,-0.08060135364308077,156,comp_ew,total,6
201101,4,-0.056052255793201444,156,comp_ew,total,6
201101,5,-0.04613976544710831,156,comp_ew,total,6
201102,1,-0.017790403649971323,158,comp_ew,total,6
201102,2,-0.007383165076904873,157,comp_ew,total,6
201102,3,0.01785659703281755,158,comp_ew,total,6
201102,4,0.014967325610565466,157,comp_ew,total,6
201102,5,0.054105861090080934,157,comp_ew,total,6
201103,1,-0.04381677905313281,158,comp_ew,total,6
201103,2,-0.029024863934925583,158,comp_ew,total,6
201103,3,-0.008127833832893687,158,comp_ew,total,6
201103,4,-0.006522622339118605,158,comp_ew,total,6
201103,5,0.019619794709226104,157,comp_ew,total,6
201104,1,-0.05229481219499175,159,comp_ew,total,6
201104,2,-0.07336825544026203,159,comp_ew,total,6
201104,3,-0.016100770643958325,159,comp_ew,total,6
201104,4,-0.008626867290434626,159,comp_ew,total,6
201104,5,-0.011240983497643523,158,comp_ew,total,6
201105,1,-0.1476560497951285,160,comp_ew,total,6
201105,2,-0.12913193427588493,159,comp_ew,total,6
201105,3,-0.11699099294906876,160,comp_ew,total,6
201105,4,-0.11888161445088294,159,comp_ew,total,6
201105,5,-0.09451036543247951,159,comp_ew,total,6
201106,1,-0.10070449686218383,160,comp_ew,total,6
201106,2,-0.0653136023993869,160,comp_ew,total,6
201106,3,-0.08256416195493077,159,comp_ew,total,6
201106,4,-0.0794449369490616,160,comp_ew,total,6
201106,5,-0.057254790166914364,159,comp_ew,total,6
201107,1,-0.0051086311749089265,161,comp_ew,total,6
201107,2,0.012258197176824605,160,comp_ew,total,6
201107,3,-0.01557567807114931,161,comp_ew,total,6
201107,4,0.019519651117083123,160,comp_ew,total,6
201107,5,0.04386221580201615,160,comp_ew,total,6
201108,1,-0.16996593264645354,160,comp_ew,total,6
201108,2,-0.16170434681265652,160,comp_ew,total,6
201108,3,-0.15917559132020279,160,comp_ew,total,6
201108,4,-0.141787151277766,160,comp_ew,total,6
201108,5,-0.12505096375310654,160,comp_ew,total,6
201109,1,-0.22559347952918643,160,comp_ew,total,6
201109,2,-0.2255051105527052,160,comp_ew,total,6
201109,3,-0.23013442098618825,160,comp_ew,total,6
201109,4,-0.17067580249377817,160,comp_ew,total,6
201109,5,-0.1788259221886279,159,comp_ew,total,6
201110,1,-0.19266763189870056,161,comp_ew,total,6
201110,2,-0.16317674323022077,160,comp_ew,total,6
201110,3,-0.17744610541649658,161,comp_ew,total,6
201110,4,-0.1308478978742506,160,comp_ew,total,6
201110,5,-0.15069797517867298,160,comp_ew,total,6
201111,1,-0.1232972670103214,161,comp_ew,total,6
201111,2,-0.07320267595309447,161,comp_ew,total,6
201111,3,-0.09125268825971786,161,comp_ew,total,6
201111,4,-0.06382932512496405,161,comp_ew,total,6
201111,5,-0.050000939991294666,160,comp_ew,total,6
201112,1,0.006450645674690646,161,comp_ew,total,6
201112,2,0.008008159594058772,160,comp_ew,total,6
201112,3,0.009026486888247308,161,comp_ew,total,6
201112,4,0.04522338619449698,160,comp_ew,total,6
201112,5,0.04118396316430996,160,comp_ew,total,6
201201,1,-0.10494171987870754,161,comp_ew,total,6
201201,2,-0.08703712690499693,161,comp_ew,total,6
201201,3,-0.05700518789392989,161,comp_ew,total,6
201201,4,-0.06912041481200466,161,comp_ew,total,6
201201,5,-0.06714734232364018,160,comp_ew,total,6
201202,1,-0.060726197083462066,162,comp_ew,total,6
201202,2,-0.019040081369931555,162,comp_ew,total,6
201202,3,-0.03772665480606655,161,comp_ew,total,6
201202,4,-0.028696590072756083,162,comp_ew,total,6
201202,5,-0.014942022198430183,161,comp_ew,total,6
201203,1,-0.004222317860110939,162,comp_ew,total,6
201203,2,0.022181873739595005,162,comp_ew,total,6
201203,3,0.05365549592515948,162,comp_ew,total,6
201203,4,0.022549561785802703,162,comp_ew,total,6
201203,5,0.05651236767536762,162,comp_ew,total,6
201204,1,-0.06076435935140328,162,comp_ew,total,6
201204,2,0.02250280943179673,162,comp_ew,total,6
201204,3,-0.016491287589384018,162,comp_ew,total,6
201204,4,-0.005732771559750682,162,comp_ew,total,6
201204,5,0.002589046015064269,162,comp_ew,total,6
201205,1,-0.12317191500485511,163,comp_ew,total,6
201205,2,-0.11206949046185247,162,comp_ew,total,6
201205,3,-0.0819644246871258,162,comp_ew,total,6
201205,4,-0.07528892466620668,162,comp_ew,total,6
201205,5,-0.08232634146250271,162,comp_ew,total,6
201206,1,-0.15509027143315263,164,comp_ew,total,6
201206,2,-0.1388381555176225,163,comp_ew,total,6
201206,3,-0.12119340373082027,163,comp_ew,total,6
201206,4,-0.12774956069053506,163,comp_ew,total,6
201206,5,-0.10868377307060216,163,comp_ew,total,6
201207,1,-0.21757628592410352,163,comp_ew,total,6
201207,2,-0.1857972663845031,163,comp_ew,total,6
201207,3,-0.14618518602247021,163,comp_ew,total,6
201207,4,-0.17243907088240917,163,comp_ew,total,6
201207,5,-0.16066072680002438,163,comp_ew,total,6
201208,1,-0.21194690213480424,164,comp_ew,total,6
201208,2,-0.19131943670422574,164,comp_ew,total,6
201208,3,-0.16764569399947277,163,comp_ew,total,6
201208,4,-0.18479567691120855,164,comp_ew,total,6
201208,5,-0.1731342960950429,163,comp_ew,total,6
201209,1,-0.2315625949185651,164,comp_ew,total,6
201209,2,-0.2145825703586563,164,comp_ew,total,6
201209,3,-0.20542524984163477,163,comp_ew,total,6
201209,4,-0.1908109290280662,164,comp_ew,total,6
201209,5,-0.2070619404613868,163,comp_ew,total,6
201210,1,-0.1930920882397062,165,comp_ew,total,6
201210,2,-0.19515057938183125,164,comp_ew,total,6
201210,3,-0.19842379749548167,164,comp_ew,total,6
201210,4,-0.1978767534091324,164,comp_ew,total,6
201210,5,-0.16986378769199056,164,comp_ew,total,6
201211,1,-0.13552377045112876,165,comp_ew,total,6
201211,2,-0.149417738068252,164,comp_ew,total,6
201211,3,-0.12850420967661905,165,comp_ew,total,6
201211,4,-0.11279117171020779,164,comp_ew,total,6
201211,5,-0.10435415011978832,164,comp_ew,total,6
201212,1,-0.1903547499321055,165,comp_ew,total,6
201212,2,-0.1709915996595963,164,comp_ew,total,6
201212,3,-0.1934495709172899,165,comp_ew,total,6
201212,4,-0.15078941834784687,164,comp_ew,total,6
201212,5,-0.15943471041097296,164,comp_ew,total,6
201301,1,-0.15580352004573708,164,comp_ew,total,6
201301,2,-0.12812355189625066,164,comp_ew,total,6
201301,3,-0.14148880298702157,164,comp_ew,total,6
201301,4,-0.14064194663222032,164,comp_ew,total,6
201301,5,-0.1284308511227075,164,comp_ew,total,6
201302,1,-0.06623049659020538,164,comp_ew,total,6
201302,2,-0.06242079501380319,164,comp_ew,total,6
201302,3,-0.05527274965778164,163,comp_ew,total,6
201302,4,-0.048345895039444024,164,comp_ew,total,6
201302,5,-0.05732278167300052,163,comp_ew,total,6
201303,1,-0.06350168596146043,164,comp_ew,total,6
201303,2,-0.05168880397278081,164,comp_ew,total,6
201303,3,-0.046453253027598354,163,comp_ew,total,6
201303,4,-0.03344446792422709,164,comp_ew,total,6
201303,5,-0.0211405970185566,163,comp_ew,total,6
201304,1,-0.12629245882226373,164,comp_ew,total,6
201304,2,-0.09208625567954475,164,comp_ew,total,6
201304,3,-0.11216200909726799,164,comp_ew,total,6
201304,4,-0.08064064467685848,164,comp_ew,total,6
201304,5,-0.0706496730120963,164,comp_ew,total,6
201305,1,-0.2194750103906421,165,comp_ew,total,6
201305,2,-0.19912359601060753,165,comp_ew,total,6
201305,3,-0.17610844528870706,164,comp_ew,total,6
201305,4,-0.18322046762177305,165,comp_ew,total,6
201305,5,-0.1542829142518854,164,comp_ew,total,6
201306,1,-0.18404180490040328,165,comp_ew,total,6
201306,2,-0.19200526083972458,165,comp_ew,total,6
201306,3,-0.19102106036476585,164,comp_ew,total,6
201306,4,-0.1490066735928563,165,comp_ew,total,6
201306,5,-0.1571389959213213,164,comp_ew,total,6
201307,1,-0.16679754573915784,166,comp_ew,total,6
201307,2,-0.18724648860995452,166,comp_ew,total,6
201307,3,-0.1453932223266509,165,comp_ew,total,6
201307,4,-0.13257549367962126,166,comp_ew,total,6
201307,5,-0.13842825616407248,165,comp_ew,total,6
201308,1,-0.1960325951023491,165,comp_ew,total,6
201308,2,-0.18967835642937783,165,comp_ew,total,6
201308,3,-0.17126180006386543,165,comp_ew,total,6
201308,4,-0.14881427744077408,165,comp_ew,total,6
201308,5,-0.14045758977584738,165,comp_ew,total,6
201309,1,-0.16213906128264083,166,comp_ew,total,6
201309,2,-0.13449038670635435,165,comp_ew,total,6
201309,3,-0.10609142939888049,166,comp_ew,total,6
201309,4,-0.11871548577673639,165,comp_ew,total,6
201309,5,-0.113710877234798,165,comp_ew,total,6
201310,1,0.0884844358864185,166,comp_ew,total,6
201310,2,0.10356122152612922,165,comp_ew,total,6
201310,3,0.11459170713479973,166,comp_ew,total,6
201310,4,0.15473958651538472,165,comp_ew,total,6
201310,5,0.1054734556379562,165,comp_ew,total,6
201311,1,0.17485905032694385,166,comp_ew,total,6
201311,2,0.18891830373749927,166,comp_ew,total,6
201311,3,0.19029525027508642,166,comp_ew,total,6
201311,4,0.2096534878084587,166,comp_ew,total,6
201311,5,0.2034039166464661,165,comp_ew,total,6
201312,1,0.2599953492558312,167,comp_ew,total,6
201312,2,0.25366591132400124,166,comp_ew,total,6
201312,3,0.28497564999962,166,comp_ew,total,6
201312,4,0.30360382443920086,166,comp_ew,total,6
201312,5,0.3325391552250437,166,comp_ew,total,6
201401,1,0.29482313137315586,167,comp_ew,total,6
201401,2,0.27075197128087014,167,comp_ew,total,6
201401,3,0.26332578798119777,167,comp_ew,total,6
201401,4,0.287305686638343,167,comp_ew,total,6
201401,5,0.36643547644284774,167,comp_ew,total,6
201402,1,0.11074709261161239,167,comp_ew,total,6
201402,2,0.1293353349804755,167,comp_ew,total,6
201402,3,0.12030420797648617,167,comp_ew,total,6
201402,4,0.15049788116119936,167,comp_ew,total,6
201402,5,0.15275812133682556,166,comp_ew,total,6
201403,1,0.17109285601420676,168,comp_ew,total,6
201403,2,0.1889907425201085,167,comp_ew,total,6
201403,3,0.20289604022895807,167,comp_ew,total,6
201403,4,0.21539588143911761,167,comp_ew,total,6
201403,5,0.19955996941143817,167,comp_ew,total,6
201404,1,-0.028045142630213325,168,comp_ew,total,6
201404,2,-0.026501726078205508,168,comp_ew,total,6
201404,3,-0.007220216410752418,168,comp_ew,total,6
201404,4,0.013647225643947162,168,comp_ew,total,6
201404,5,-0.03342538187651408,167,comp_ew,total,6
201405,1,-0.0033086797200610595,169,comp_ew,total,6
201405,2,-0.003861376682728535,168,comp_ew,total,6
201405,3,0.011034557128525574,169,comp_ew,total,6
201405,4,0.033756376033049935,168,comp_ew,total,6
201405,5,0.033154819356608654,168,comp_ew,total,6
201406,1,-0.14360290404094803,169,comp_ew,total,6
201406,2,-0.1193319209125537,169,comp_ew,total,6
201406,3,-0.14295714726757738,168,comp_ew,total,6
201406,4,-0.14350584411759654,169,comp_ew,total,6
201406,5,-0.13830245952423795,168,comp_ew,total,6
201407,1,-0.15893008900985675,170,comp_ew,total,6
201407,2,-0.13991614840079677,169,comp_ew,total,6
201407,3,-0.12137736324336701,169,comp_ew,total,6
201407,4,-0.1323530633703094,169,comp_ew,total,6
201407,5,-0.13298542165027535,169,comp_ew,total,6
201408,1,0.031562217869644735,170,comp_ew,total,6
201408,2,0.07329003319315731,170,comp_ew,total,6
201408,3,0.06645115031029752,170,comp_ew,total,6
201408,4,0.07506371837731006,170,comp_ew,total,6
201408,5,0.061759841935342646,169,comp_ew,total,6
201409,1,-0.012464343593953497,170,comp_ew,total,6
201409,2,0.0032283336672410895,170,comp_ew,total,6
201409,3,0.03707998991940084,170,comp_ew,total,6
201409,4,0.01957910644523442,170,comp_ew,total,6
201409,5,-0.009167497047700772,170,comp_ew,total,6
201410,1,0.14082812534112957,170,comp_ew,total,6
201410,2,0.15215181007443918,169,comp_ew,total,6
201410,3,0.1673357629012282,170,comp_ew,total,6
201410,4,0.15834562101905453,169,comp_ew,total,6
201410,5,0.1748253062320668,169,comp_ew,total,6
201411,1,0.12445876828825611,171,comp_ew,total,6
201411,2,0.1550109483002594,170,comp_ew,total,6
201411,3,0.14176010925557156,171,comp_ew,total,6
201411,4,0.1489290666086422,170,comp_ew,total,6
201411,5,0.15988179635487995,170,comp_ew,total,6
201412,1,0.25670598634573444,171,comp_ew,total,6
201412,2,0.24950995478436247,170,comp_ew,total,6
201412,3,0.2890516215771812,170,comp_ew,total,6
201412,4,0.29095336744724337,170,comp_ew,total,6
201412,5,0.285123342733399,170,comp_ew,total,6
201501,1,0.19010176048738342,170,comp_ew,total,6
201501,2,0.1756132554569336,169,comp_ew,total,6
201501,3,0.1971220135352174,170,comp_ew,total,6
201501,4,0.1687634530205009,169,comp_ew,total,6
201501,5,0.22200843342926632,169,comp_ew,total,6
201502,1,-0.025879708799662324,171,comp_ew,total,6
201502,2,0.007032198166691508,170,comp_ew,total,6
201502,3,-0.007492974334419881,170,comp_ew,total,6
201502,4,-0.004151179482970209,170,comp_ew,total,6
201502,5,0.02300685884992423,170,comp_ew,total,6
201503,1,-0.059155332125391945,170,comp_ew,total,6
201503,2,-0.038894387031330184,170,comp_ew,total,6
201503,3,-0.04737742558349758,170,comp_ew,total,6
201503,4,-0.044545603637853426,170,comp_ew,total,6
201503,5,-0.013987219356906354,170,comp_ew,total,6
201504,1,-0.07017228364155613,170,comp_ew,total,6
201504,2,-0.061431047743846945,170,comp_ew,total,6
201504,3,-0.05896160841543167,170,comp_ew,total,6
201504,4,-0.05996032231824929,170,comp_ew,total,6
201504,5,-0.04953363093393059,170,comp_ew,total,6
201505,1,-0.06427183842690967,170,comp_ew,total,6
201505,2,-0.05937006571238471,170,comp_ew,total,6
201505,3,-0.07201580181987192,169,comp_ew,total,6
201505,4,-0.08919530415695143,170,comp_ew,total,6
201505,5,-0.04580750829620646,169,comp_ew,total,6
201506,1,0.03644728726497335,169,comp_ew,total,6
201506,2,0.0011841162343269294,169,comp_ew,total,6
201506,3,0.03664497380644142,169,comp_ew,total,6
201506,4,0.01859885648820704,169,comp_ew,total,6
201506,5,0.031641827133715335,169,comp_ew,total,6
201507,1,0.13580530011915293,169,comp_ew,total,6
201507,2,0.14688999175436204,169,comp_ew,total,6
201507,3,0.12254016171282307,169,comp_ew,total,6
201507,4,0.158330922109183,169,comp_ew,total,6
201507,5,0.17911903746814195,168,comp_ew,total,6
201508,1,0.08200552842155746,170,comp_ew,total,6
201508,2,0.08230793702606676,169,comp_ew,total,6
201508,3,0.09608005069528693,170,comp_ew,total,6
201508,4,0.11139666246854897,169,comp_ew,total,6
201508,5,0.12840301950309221,169,comp_ew,total,6
201509,1,0.0477856592324039,168,comp_ew,total,6
201509,2,0.07046023223702134,168,comp_ew,total,6
201509,3,0.06624040813707988,168,comp_ew,total,6
201509,4,0.05468391341314348,168,comp_ew,total,6
201509,5,0.051132105723070136,168,comp_ew,total,6
201510,1,0.062201618386241456,168,comp_ew,total,6
201510,2,0.08463326406763581,168,comp_ew,total,6
201510,3,0.07952901963036167,168,comp_ew,total,6
201510,4,0.08602211481218563,168,comp_ew,total,6
201510,5,0.10549740811117081,168,comp_ew,total,6
201511,1,0.04393100122448309,169,comp_ew,total,6
201511,2,0.06227161521118647,169,comp_ew,total,6
201511,3,0.05336091862559847,168,comp_ew,total,6
201511,4,0.10883533695570896,169,comp_ew,total,6
201511,5,0.11809256799320914,168,comp_ew,total,6
201512,1,0.14856833334645483,169,comp_ew,total,6
201512,2,0.11899730317784585,168,comp_ew,total,6
201512,3,0.16751115426676727,169,comp_ew,total,6
201512,4,0.14392386073054647,168,comp_ew,total,6
201512,5,0.18120440876158397,168,comp_ew,total,6
201601,1,0.09836376340227547,168,comp_ew,total,6
201601,2,0.1259355561074053,168,comp_ew,total,6
201601,3,0.14492254194613893,168,comp_ew,total,6
201601,4,0.1360594267071263,168,comp_ew,total,6
201601,5,0.18446841567060074,168,comp_ew,total,6
201602,1,0.20860336660933193,168,comp_ew,total,6
201602,2,0.23147702741718254,168,comp_ew,total,6
201602,3,0.26544634483760515,167,comp_ew,total,6
201602,4,0.23224133196388305,168,comp_ew,total,6
201602,5,0.3030237195944464,167,comp_ew,total,6
201603,1,0.2271815919154644,168,comp_ew,total,6
201603,2,0.21215332746878693,168,comp_ew,total,6
201603,3,0.2550697861538446,168,comp_ew,total,6
201603,4,0.24555762960086927,168,comp_ew,total,6
201603,5,0.30536038316811875,168,comp_ew,total,6
201604,1,0.2048064186782589,168,comp_ew,total,6
201604,2,0.17806032267397665,167,comp_ew,total,6
201604,3,0.2374574042309361,168,comp_ew,total,6
201604,4,0.2117629726230402,167,comp_ew,total,6
201604,5,0.22496128049453568,167,comp_ew,total,6
201605,1,0.14684617070379252,168,comp_ew,total,6
201605,2,0.15029983931333077,168,comp_ew,total,6
201605,3,0.1617078170947942,167,comp_ew,total,6
201605,4,0.1288666641078929,168,comp_ew,total,6
201605,5,0.1908517339531222,167,comp_ew,total,6
201606,1,0.059695153151879975,168,comp_ew,total,6
201606,2,0.07427569658016901,167,comp_ew,total,6
201606,3,0.08280444469156277,167,comp_ew,total,6
201606,4,0.11392980276699433,167,comp_ew,total,6
201606,5,0.1055167408794071,167,comp_ew,total,6
201607,1,0.10739518476738723,167,comp_ew,total,6
201607,2,0.1004260609081699,167,comp_ew,total,6
201607,3,0.08504246184265059,167,comp_ew,total,6
201607,4,0.1309919890536401,167,comp_ew,total,6
201607,5,0.1451531678572084,167,comp_ew,total,6
201608,1,0.10539923391406783,167,comp_ew,total,6
201608,2,0.1482810445499823,167,comp_ew,total,6
201608,3,0.15436967864304593,167,comp_ew,total,6
201608,4,0.16659696639399593,167,comp_ew,total,6
201608,5,0.18942786891376004,166,comp_ew,total,6
201609,1,0.24926434043738824,167,comp_ew,total,6
201609,2,0.2722390619724276,167,comp_ew,total,6
201609,3,0.3000453022997895,167,comp_ew,total,6
201609,4,0.335602179683722,167,comp_ew,total,6
201609,5,0.35124262414755336,167,comp_ew,total,6
201610,1,0.24879922174854535,168,comp_ew,total,6
201610,2,0.2836264591236417,167,comp_ew,total,6
201610,3,0.2851960702984667,167,comp_ew,total,6
201610,4,0.3230683272926028,167,comp_ew,total,6
201610,5,0.3444740494158079,167,comp_ew,total,6
201611,1,0.4372771161349968,167,comp_ew,total,6
201611,2,0.45404537738610967,166,comp_ew,total,6
201611,3,0.468639753449358,166,comp_ew,total,6
201611,4,0.48208021980785976,166,comp_ew,total,6
201611,5,0.4991312769317054,166,comp_ew,total,6
201612,1,0.2922458774161962,167,comp_ew,total,6
201612,2,0.3108820272500384,166,comp_ew,total,6
201612,3,0.36312372604980453,166,comp_ew,total,6
201612,4,0.3592170559730904,166,comp_ew,total,6
201612,5,0.35591841896383425,166,comp_ew,total,6
201701,1,0.2774529135582313,166,comp_ew,total,6
201701,2,0.3203648794552171,166,comp_ew,total,6
201701,3,0.3088579739049106,166,comp_ew,total,6
201701,4,0.33780654579328606,166,comp_ew,total,6
201701,5,0.3733776569265748,166,comp_ew,total,6
201702,1,0.34494900947433366,166,comp_ew,total,6
201702,2,0.34361652883566995,166,comp_ew,total,6
201702,3,0.39367294104719086,166,comp_ew,total,6
201702,4,0.388321497534044,166,comp_ew,total,6
201702,5,0.43277620967144453,165,comp_ew,total,6
201703,1,0.16523575624033998,166,comp_ew,total,6
201703,2,0.18455638526700716,166,comp_ew,total,6
201703,3,0.20947791264006638,166,comp_ew,total,6
201703,4,0.21924384826588533,166,comp_ew,total,6
201703,5,0.25202013360629666,166,comp_ew,total,6
201704,1,0.148984964584713,167,comp_ew,total,6
201704,2,0.14658409693469598,166,comp_ew,total,6
201704,3,0.17546934364316824,166,comp_ew,total,6
201704,4,0.2255695787540485,166,comp_ew,total,6
201704,5,0.20938026244970698,166,comp_ew,total,6
201705,1,0.04167534369200899,167,comp_ew,total,6
201705,2,0.03673939851820476,166,comp_ew,total,6
201705,3,0.06651075848494414,166,comp_ew,total,6
201705,4,0.0626248769820922,166,comp_ew,total,6
201705,5,0.10890762224153445,166,comp_ew,total,6
201706,1,0.1702123427934725,166,comp_ew,total,6
201706,2,0.12755492812280161,165,comp_ew,total,6
201706,3,0.17004897635038016,166,comp_ew,total,6
201706,4,0.17259035696766298,165,comp_ew,total,6
201706,5,0.21376404932747814,165,comp_ew,total,6
201707,1,-0.009552837615780374,167,comp_ew,total,6
201707,2,0.000980798959857358,166,comp_ew,total,6
201707,3,-0.008718139830999647,166,comp_ew,total,6
201707,4,0.006892316790836875,166,comp_ew,total,6
201707,5,0.03594146800718325,166,comp_ew,total,6
201708,1,-0.013362754990860985,167,comp_ew,total,6
201708,2,-0.001932061529701879,166,comp_ew,total,6
201708,3,-0.016390622613489926,166,comp_ew,total,6
201708,4,0.009209595522806825,166,comp_ew,total,6
201708,5,0.0162776661972559,166,comp_ew,total,6
201709,1,-0.015364895835466881,166,comp_ew,total,6
201709,2,-0.01815830198436162,166,comp_ew,total,6
201709,3,-0.015507613893589128,165,comp_ew,total,6
201709,4,-0.0031849090267608883,166,comp_ew,total,6
201709,5,0.007192541907380649,165,comp_ew,total,6
201710,1,0.10544883375045774,167,comp_ew,total,6
201710,2,0.14375686945278884,166,comp_ew,total,6
201710,3,0.13407019725877795,166,comp_ew,total,6
201710,4,0.13109798961132824,166,comp_ew,total,6
201710,5,0.1459871345085579,166,comp_ew,total,6
201711,1,0.11348542739959992,165,comp_ew,total,6
201711,2,0.11964192622446504,165,comp_ew,total,6
201711,3,0.11484935688063029,165,comp_ew,total,6
201711,4,0.11586371636912209,165,comp_ew,total,6
201711,5,0.1468528010676118,165,comp_ew,total,6
201712,1,-0.11027361335665209,166,comp_ew,total,6
201712,2,-0.09724730373158981,165,comp_ew,total,6
201712,3,-0.10302973666694137,166,comp_ew,total,6
201712,4,-0.10192533269656254,165,comp_ew,total,6
201712,5,-0.060732933614056135,165,comp_ew,total,6
201801,1,0.02024559585484253,166,comp_ew,total,6
201801,2,-0.019333143631995182,166,comp_ew,total,6
201801,3,0.012419998919886691,165,comp_ew,total,6
201801,4,0.017969751006445423,166,comp_ew,total,6
201801,5,0.04263077342222265,165,comp_ew,total,6
201802,1,-0.03633905078147695,165,comp_ew,total,6
201802,2,0.005289795794843227,165,comp_ew,total,6
201802,3,-0.0007334092991247407,164,comp_ew,total,6
201802,4,-0.003739216577450467,165,comp_ew,total,6
201802,5,0.011977293037320121,164,comp_ew,total,6
201803,1,-0.1314095729607797,165,comp_ew,total,6
201803,2,-0.1514173970747931,165,comp_ew,total,6
201803,3,-0.11945412597306092,165,comp_ew,total,6
201803,4,-0.10229506101612258,165,comp_ew,total,6
201803,5,-0.08798546262201788,165,comp_ew,total,6
201804,1,-0.2029848689891759,165,comp_ew,total,6
201804,2,-0.21499359962430908,164,comp_ew,total,6
201804,3,-0.1986719791532514,164,comp_ew,total,6
201804,4,-0.16001329261610878,164,comp_ew,total,6
201804,5,-0.15189620186355707,164,comp_ew,total,6
201805,1,-0.20943988799021526,165,comp_ew,total,6
201805,2,-0.18023137043424522,164,comp_ew,total,6
201805,3,-0.1456910086629737,165,comp_ew,total,6
201805,4,-0.15165950025347744,164,comp_ew,total,6
201805,5,-0.12605100469060035,164,comp_ew,total,6
201806,1,-0.06085007853526366,165,comp_ew,total,6
201806,2,-0.051908438967716,165,comp_ew,total,6
201806,3,-0.04007673129399275,165,comp_ew,total,6
201806,4,-0.056037422391232175,165,comp_ew,total,6
201806,5,-0.019913368583722158,165,comp_ew,total,6
201807,1,-0.05460400410062283,165,comp_ew,total,6
201807,2,-0.06255626243004052,164,comp_ew,total,6
201807,3,-0.04882851034071762,165,comp_ew,total,6
201807,4,-0.026407177937460894,164,comp_ew,total,6
201807,5,-0.03552271372567991,164,comp_ew,total,6
201808,1,-0.12251875853124071,165,comp_ew,total,6
201808,2,-0.0941902677866381,165,comp_ew,total,6
201808,3,-0.12083354846259019,165,comp_ew,total,6
201808,4,-0.10572519437789869,165,comp_ew,total,6
201808,5,-0.09986252977363519,165,comp_ew,total,6
201809,1,0.05448376683774641,165,comp_ew,total,6
201809,2,0.061175360267713016,165,comp_ew,total,6
201809,3,0.04055776471778651,164,comp_ew,total,6
201809,4,0.06629112057442267,165,comp_ew,total,6
201809,5,0.07895159382599275,164,comp_ew,total,6
201810,1,0.09030021630376601,165,comp_ew,total,6
201810,2,0.12106968552813255,164,comp_ew,total,6
201810,3,0.10585375645107914,164,comp_ew,total,6
201810,4,0.1239303894597428,164,comp_ew,total,6
201810,5,0.14975721562239797,164,comp_ew,total,6
201811,1,0.13576983926405684,165,comp_ew,total,6
201811,2,0.17153329158152708,165,comp_ew,total,6
201811,3,0.18162624253290058,165,comp_ew,total,6
201811,4,0.20160342450010588,165,comp_ew,total,6
201811,5,0.22101845245256604,165,comp_ew,total,6
201812,1,0.23058331145400363,164,comp_ew,total,6
201812,2,0.30415734733647476,164,comp_ew,total,6
201812,3,0.28522378897304035,164,comp_ew,total,6
201812,4,0.2717729881740438,164,comp_ew,total,6
201812,5,0.30240531261606457,164,comp_ew,total,6
201901,1,0.29448710097237485,164,comp_ew,total,6
201901,2,0.3075376716180723,164,comp_ew,total,6
201901,3,0.34874362136692527,164,comp_ew,total,6
201901,4,0.3187977324325502,164,comp_ew,total,6
201901,5,0.33538459735513415,164,comp_ew,total,6
201902,1,0.32507098945777735,165,comp_ew,total,6
201902,2,0.3311360333934289,164,comp_ew,total,6
201902,3,0.34520783191157983,164,comp_ew,total,6
201902,4,0.33464124118814664,164,comp_ew,total,6
201902,5,0.38865655609237537,164,comp_ew,total,6
201903,1,0.4424279929597275,165,comp_ew,total,6
201903,2,0.41311521618644914,164,comp_ew,total,6
201903,3,0.4381604159410414,164,comp_ew,total,6
201903,4,0.4715280696512532,164,comp_ew,total,6
201903,5,0.4346244001728524,164,comp_ew,total,6
201904,1,0.3557625160632,164,comp_ew,total,6
201904,2,0.3268487520222013,164,comp_ew,total,6
201904,3,0.3605211873254479,164,comp_ew,total,6
201904,4,0.31287398133678346,164,comp_ew,total,6
201904,5,0.3568704222757977,163,comp_ew,total,6
201905,1,0.08424075233369394,165,comp_ew,total,6
201905,2,0.12791819146833777,165,comp_ew,total,6
201905,3,0.13983033875629317,165,comp_ew,total,6
201905,4,0.11014620784805795,165,comp_ew,total,6
201905,5,0.15517324274129854,164,comp_ew,total,6
201906,1,0.18428744632108277,165,comp_ew,total,6
201906,2,0.20675812876937497,165,comp_ew,total,6
201906,3,0.1894364953907868,165,comp_ew,total,6
201906,4,0.2184470623823095,165,comp_ew,total,6
201906,5,0.21778947428913692,164,comp_ew,total,6
201907,1,0.2650646449878811,165,comp_ew,total,6
201907,2,0.27450013365200404,164,comp_ew,total,6
201907,3,0.30809857530058693,165,comp_ew,total,6
201907,4,0.2960219299170174,164,comp_ew,total,6
201907,5,0.3160531927170001,164,comp_ew,total,6
201908,1,0.25019188284754357,165,comp_ew,total,6
201908,2,0.26018258207196165,164,comp_ew,total,6
201908,3,0.2825471859222532,164,comp_ew,total,6
201908,4,0.3080347985554374,164,comp_ew,total,6
201908,5,0.33407534019506313,164,comp_ew,total,6
201909,1,0.1242709156189096,164,comp_ew,total,6
201909,2,0.19001134268011688,164,comp_ew,total,6
201909,3,0.15556280950498352,164,comp_ew,total,6
201909,4,0.19164766625790214,164,comp_ew,total,6
201909,5,0.21422045755790203,164,comp_ew,total,6
201910,1,0.22769049019425566,164,comp_ew,total,6
201910,2,0.28138457177008697,164,comp_ew,total,6
201910,3,0.2611912164644052,164,comp_ew,total,6
201910,4,0.2860441168794186,164,comp_ew,total,6
201910,5,0.3056289269362031,163,comp_ew,total,6
201911,1,0.2934568764755832,164,comp_ew,total,6
201911,2,0.3117338607191706,164,comp_ew,total,6
201911,3,0.3163223531519407,163,comp_ew,total,6
201911,4,0.3694322888943561,164,comp_ew,total,6
201911,5,0.3741013235747594,163,comp_ew,total,6
201912,1,0.05759586813725506,163,comp_ew,total,6
201912,2,0.10822234573373089,163,comp_ew,total,6
201912,3,0.10824138513927185,163,comp_ew,total,6
201912,4,0.08587248126295427,163,comp_ew,total,6
201912,5,0.08425449868310961,162,comp_ew,total,6
202001,1,0.03678147953389957,164,comp_ew,total,6
202001,2,0.03137055421910379,163,comp_ew,total,6
202001,3,0.037906572420510744,163,comp_ew,total,6
202001,4,0.038538425088844,163,comp_ew,total,6
202001,5,0.046298665442783854,163,comp_ew,total,6
202002,1,0.12827294216687718,163,comp_ew,total,6
202002,2,0.15002441553642726,163,comp_ew,total,6
202002,3,0.14714760060814433,163,comp_ew,total,6
202002,4,0.158025078942222,163,comp_ew,total,6
202002,5,0.15387067992364073,162,comp_ew,total,6
202003,1,0.20263939329818426,164,comp_ew,total,6
202003,2,0.18773998684906928,163,comp_ew,total,6
202003,3,0.20192912517706518,164,comp_ew,total,6
202003,4,0.24079540093282398,163,comp_ew,total,6
202003,5,0.18800868425518225,163,comp_ew,total,6
202004,1,-0.00400980824363539,163,comp_ew,total,6
202004,2,-0.006547926092471261,163,comp_ew,total,6
202004,3,0.02111754232103737,163,comp_ew,total,6
202004,4,0.022214200154650053,163,comp_ew,total,6
202004,5,0.0058720139862304364,163,comp_ew,total,6
202005,1,0.002959803362333954,164,comp_ew,total,6
202005,2,0.0020112771849518127,163,comp_ew,total,6
202005,3,-0.005649532382200348,163,comp_ew,total,6
202005,4,0.0017461186618933592,163,comp_ew,total,6
202005,5,0.013296139647211857,163,comp_ew,total,6
202006,1,-0.061045004638855545,163,comp_ew,total,6
202006,2,0.008836963322156152,163,comp_ew,total,6
202006,3,-0.05302548011228852,163,comp_ew,total,6
202006,4,-0.032083324745147135,163,comp_ew,total,6
202006,5,-0.01708676127100573,162,comp_ew,total,6
202007,1,-0.15762690930294376,163,comp_ew,total,6
202007,2,-0.16045867792096588,162,comp_ew,total,6
202007,3,-0.14991779545710832,162,comp_ew,total,6
202007,4,-0.15008743873716637,162,comp_ew,total,6
202007,5,-0.14494934965506787,162,comp_ew,total,6
202008,1,-0.306823066292464,163,comp_ew,total,6
202008,2,-0.29451133758220865,162,comp_ew,total,6
202008,3,-0.3121513040937214,162,comp_ew,total,6
202008,4,-0.29282867384778516,162,comp_ew,total,6
202008,5,-0.30735550127965805,162,comp_ew,total,6
202009,1,-0.28016343633381063,162,comp_ew,total,6
202009,2,-0.29034060172965687,161,comp_ew,total,6
202009,3,-0.26345257441168246,161,comp_ew,total,6
202009,4,-0.26852310123310136,161,comp_ew,total,6
202009,5,-0.25416794545203353,161,comp_ew,total,6
202010,1,-0.18369871154460152,161,comp_ew,total,6
202010,2,-0.18665709645842296,161,comp_ew,total,6
202010,3,-0.16551512406179827,161,comp_ew,total,6
202010,4,-0.1651214342902554,161,comp_ew,total,6
202010,5,-0.1604380626089641,161,comp_ew,total,6
202011,1,-0.08607378729073231,162,comp_ew,total,6
202011,2,-0.10371389331376311,161,comp_ew,total,6
202011,3,-0.10617519150057045,161,comp_ew,total,6
202011,4,-0.09198177391055348,161,comp_ew,total,6
202011,5,-0.07249640271292908,161,comp_ew,total,6
202012,1,-0.09374748518300398,161,comp_ew,total,6
202012,2,-0.08554312280314909,161,comp_ew,total,6
202012,3,-0.09883322052581175,160,comp_ew,total,6
202012,4,-0.06332350866953305,161,comp_ew,total,6
202012,5,-0.04758932391771843,160,comp_ew,total,6
202101,1,-0.07070515311742501,161,comp_ew,total,6
202101,2,-0.07168118649234212,161,comp_ew,total,6
202101,3,-0.07342812810332326,161,comp_ew,total,6
202101,4,-0.05467941583399058,161,comp_ew,total,6
202101,5,-0.04884708486461589,161,comp_ew,total,6
202102,1,0.04694014708578475,161,comp_ew,total,6
202102,2,0.0641038037391709,160,comp_ew,total,6
202102,3,0.08242742470693343,161,comp_ew,total,6
202102,4,0.06585343541192414,160,comp_ew,total,6
202102,5,0.08041248229400012,160,comp_ew,total,6
202103,1,0.029147275398247064,161,comp_ew,total,6
202103,2,0.046428144526355686,161,comp_ew,total,6
202103,3,0.049071516824553775,160,comp_ew,total,6
202103,4,0.06517994379074174,161,comp_ew,total,6
202103,5,0.06196360682398296,160,comp_ew,total,6
202104,1,-0.07100462657909551,161,comp_ew,total,6
202104,2,-0.07338944015825281,160,comp_ew,total,6
202104,3,-0.07214733222319933,161,comp_ew,total,6
202104,4,-0.06531381088044488,160,comp_ew,total,6
202104,5,-0.025732428157224714,160,comp_ew,total,6
202105,1,-0.03840390083296322,161,comp_ew,total,6
202105,2,-0.02333460347808327,160,comp_ew,total,6
202105,3,-0.024103737587546366,160,comp_ew,total,6
202105,4,0.010891976020516324,160,comp_ew,total,6
202105,5,0.021819103183320067,160,comp_ew,total,6
202106,1,0.024272663885118288,161,comp_ew,total,6
202106,2,-0.023724014682355236,160,comp_ew,total,6
202106,3,-0.007259988902798798,160,comp_ew,total,6
202106,4,0.018618478011974117,160,comp_ew,total,6
202106,5,0.03874671514719051,160,comp_ew,total,6
202107,1,0.09502781996423074,160,comp_ew,total,6
202107,2,0.10850745057177935,160,comp_ew,total,6
202107,3,0.11299743328412962,160,comp_ew,total,6
202107,4,0.10296461504568837,160,comp_ew,total,6
202107,5,0.13417848128630958,159,comp_ew,total,6
202108,1,0.03289386780189586,160,comp_ew,total,6
202108,2,-0.0007480740160942338,160,comp_ew,total,6
202108,3,0.020632551501905242,160,comp_ew,total,6
202108,4,0.012476614930729981,160,comp_ew,total,6
202108,5,0.03311479222544534,160,comp_ew,total,6
202109,1,-0.005355120781416504,161,comp_ew,total,6
202109,2,0.011750983864585436,160,comp_ew,total,6
202109,3,-0.0009605216420525331,160,comp_ew,total,6
202109,4,0.004871111595603735,160,comp_ew,total,6
202109,5,0.011631748516975094,160,comp_ew,total,6
202110,1,0.06142768704070909,160,comp_ew,total,6
202110,2,0.018472044211639435,160,comp_ew,total,6
202110,3,0.04273441817832924,160,comp_ew,total,6
202110,4,0.09038956137243455,160,comp_ew,total,6
202110,5,0.060488318078618104,159,comp_ew,total,6
202111,1,0.034960619812999465,161,comp_ew,total,6
202111,2,-0.01213153297241391,160,comp_ew,total,6
202111,3,0.04750233017395977,160,comp_ew,total,6
202111,4,0.016081891780200152,160,comp_ew,total,6
202111,5,0.020379967852427034,160,comp_ew,total,6
202112,1,-0.03608464862576802,160,comp_ew,total,6
202112,2,0.018542408156067183,160,comp_ew,total,6
202112,3,-0.020336899192230685,160,comp_ew,total,6
202112,4,0.02237830446081527,160,comp_ew,total,6
202112,5,-0.028987990461330382,160,comp_ew,total,6
202201,1,-0.14258604513587936,160,comp_ew,total,6
202201,2,-0.14171965692271435,160,comp_ew,total,6
202201,3,-0.12973996914917232,160,comp_ew,total,6
202201,4,-0.09725408918629133,160,comp_ew,total,6
202201,5,-0.10981150542276139,159,comp_ew,total,6
202202,1,-0.13212640626044544,160,comp_ew,total,6
202202,2,-0.13878033784053304,159,comp_ew,total,6
202202,3,-0.13134572275927386,160,comp_ew,total,6
202202,4,-0.1206788708988556,159,comp_ew,total,6
202202,5,-0.12248700701446845,159,comp_ew,total,6
202203,1,-0.15655258464280192,159,comp_ew,total,6
202203,2,-0.16475807567601822,159,comp_ew,total,6
202203,3,-0.1546051468406194,159,comp_ew,total,6
202203,4,-0.15151510136583354,159,comp_ew,total,6
202203,5,-0.12323313900109913,158,comp_ew,total,6
202204,1,-0.13397931661335563,160,comp_ew,total,6
202204,2,-0.14048796751165607,159,comp_ew,total,6
202204,3,-0.12281400297742316,159,comp_ew,total,6
202204,4,-0.10820644773906603,159,comp_ew,total,6
202204,5,-0.11296974298356063,159,comp_ew,total,6
202205,1,-0.14772546054118668,159,comp_ew,total,6
202205,2,-0.15710464484174932,159,comp_ew,total,6
202205,3,-0.1506685852349787,159,comp_ew,total,6
202205,4,-0.14549718145406423,159,comp_ew,total,6
202205,5,-0.13646059814083747,158,comp_ew,total,6
202206,1,-0.05709765133317247,159,comp_ew,total,6
202206,2,-0.0675517904960072,158,comp_ew,total,6
202206,3,-0.03805615577072531,158,comp_ew,total,6
202206,4,-0.030995805201387908,158,comp_ew,total,6
202206,5,-0.036351218305202944,158,comp_ew,total,6
202207,1,0.03890705661946304,160,comp_ew,total,6
202207,2,0.01885354015280848,159,comp_ew,total,6
202207,3,0.04051262631450702,159,comp_ew,total,6
202207,4,0.028852806795813868,159,comp_ew,total,6
202207,5,0.0463397431449466,159,comp_ew,total,6
202208,1,0.19374146735497472,160,comp_ew,total,6
202208,2,0.1990050374401793,159,comp_ew,total,6
202208,3,0.1960251223536323,159,comp_ew,total,6
202208,4,0.2274716895167424,159,comp_ew,total,6
202208,5,0.19271042443678615,159,comp_ew,total,6
202209,1,0.09350996863449323,159,comp_ew,total,6
202209,2,0.11571436994102542,159,comp_ew,total,6
202209,3,0.05003013227508653,159,comp_ew,total,6
202209,4,0.09940760037773178,159,comp_ew,total,6
202209,5,0.12533818798070595,159,comp_ew,total,6
202210,1,0.0485030393935791,159,comp_ew,total,6
202210,2,0.0905160533477606,159,comp_ew,total,6
202210,3,0.10258897553273087,158,comp_ew,total,6
202210,4,0.11137452132387898,159,comp_ew,total,6
202210,5,0.11397133651291723,158,comp_ew,total,6
202211,1,0.07411409454039558,159,comp_ew,total,6
202211,2,0.1252103755913363,159,comp_ew,total,6
202211,3,0.14582471632614558,158,comp_ew,total,6
202211,4,0.12669875440310766,159,comp_ew,total,6
202211,5,0.14360406442001164,158,comp_ew,total,6
202212,1,0.03356159373730938,159,comp_ew,total,6
202212,2,0.07664152144903727,158,comp_ew,total,6
202212,3,0.07592771141693588,159,comp_ew,total,6
202212,4,0.06818278280029987,158,comp_ew,total,6
202212,5,0.04798249084286011,158,comp_ew,total,6
202301,1,0.022668082468756002,158,comp_ew,total,6
202301,2,0.03759933636840011,158,comp_ew,total,6
202301,3,0.027872888236041986,158,comp_ew,total,6
202301,4,0.03504284609097305,158,comp_ew,total,6
202301,5,0.05757470867946182,158,comp_ew,total,6
202302,1,-0.12410637783297286,158,comp_ew,total,6
202302,2,-0.12644050833932477,158,comp_ew,total,6
202302,3,-0.10507084206534471,158,comp_ew,total,6
202302,4,-0.10061264548986242,158,comp_ew,total,6
202302,5,-0.11788644971582028,157,comp_ew,total,6
202303,1,0.009774997405974963,159,comp_ew,total,6
202303,2,0.025495960311836856,158,comp_ew,total,6
202303,3,0.028679671269603215,159,comp_ew,total,6
202303,4,0.06534206914106569,158,comp_ew,total,6
202303,5,0.047891116026537,158,comp_ew,total,6
202304,1,0.0799634801632676,158,comp_ew,total,6
202304,2,0.0926776623745147,158,comp_ew,total,6
202304,3,0.11285407179140977,158,comp_ew,total,6
202304,4,0.12604045616045673,158,comp_ew,total,6
202304,5,0.15182418164638434,157,comp_ew,total,6
202305,1,0.02567659452578894,159,comp_ew,total,6
202305,2,0.03331203322408749,158,comp_ew,total,6
202305,3,0.08110833252319335,159,comp_ew,total,6
202305,4,0.08732214371586114,158,comp_ew,total,6
202305,5,0.08074534540209745,158,comp_ew,total,6
202306,1,0.07029223026931695,158,comp_ew,total,6
202306,2,0.08595834387108386,157,comp_ew,total,6
202306,3,0.06753885158368368,158,comp_ew,total,6
202306,4,0.11940244621387922,157,comp_ew,total,6
202306,5,0.11602789003217333,157,comp_ew,total,6
202307,1,0.12905501401294242,159,comp_ew,total,6
202307,2,0.14234565588649956,158,comp_ew,total,6
202307,3,0.13336088538885502,158,comp_ew,total,6
202307,4,0.15541871104203583,158,comp_ew,total,6
202307,5,0.1514535351317469,158,comp_ew,total,6
202308,1,0.26806824019077524,158,comp_ew,total,6
202308,2,0.30298073832538974,158,comp_ew,total,6
202308,3,0.3054071035899623,157,comp_ew,total,6
202308,4,0.28527095651317375,158,comp_ew,total,6
202308,5,0.3170893015374465,157,comp_ew,total,6
202309,1,0.20803532967952149,158,comp_ew,total,6
202309,2,0.28535662469500095,158,comp_ew,total,6
202309,3,0.30115690308066867,158,comp_ew,total,6
202309,4,0.2890767735435283,158,comp_ew,total,6
202309,5,0.27758290921242196,157,comp_ew,total,6
202310,1,0.014139170326708082,158,comp_ew,total,6
202310,2,0.051873828152189216,158,comp_ew,total,6
202310,3,0.05628288841495328,157,comp_ew,total,6
202310,4,0.04946460989014041,158,comp_ew,total,6
202310,5,0.05627947757108171,157,comp_ew,total,6
202311,1,-0.043552640953243515,158,comp_ew,total,6
202311,2,-0.022153415120050285,157,comp_ew,total,6
202311,3,-0.005389461947048191,157,comp_ew,total,6
202311,4,-0.05132676373455703,157,comp_ew,total,6
202311,5,-0.010763358098793783,157,comp_ew,total,6
202312,1,-0.05603887564529146,158,comp_ew,total,6
202312,2,-0.0713808551104357,157,comp_ew,total,6
202312,3,-0.05361747206957118,157,comp_ew,total,6
202312,4,-0.07690945841242763,157,comp_ew,total,6
202312,5,-0.04460785461759792,157,comp_ew,total,6
202401,1,0.012092815258634818,157,comp_ew,total,6
202401,2,-0.028079793934804274,157,comp_ew,total,6
202401,3,0.008107713636062918,157,comp_ew,total,6
202401,4,-0.006100734528893669,157,comp_ew,total,6
202401,5,-0.009818604000914267,157,comp_ew,total,6
202402,1,0.030848185566657613,157,comp_ew,total,6
202402,2,0.025490035887217002,157,comp_ew,total,6
202402,3,0.06501297248266419,156,comp_ew,total,6
202402,4,0.05878346570069081,157,comp_ew,total,6
202402,5,0.03152105417414811,156,comp_ew,total,6
202403,1,0.004189129024669609,157,comp_ew,total,6
202403,2,0.04177195424223093,157,comp_ew,total,6
202403,3,0.07082703223915147,157,comp_ew,total,6
202403,4,0.03810039596602323,157,comp_ew,total,6
202403,5,0.07185049956920009,157,comp_ew,total,6
202404,1,0.17840305062588377,157,comp_ew,total,6
202404,2,0.17777212211020807,157,comp_ew,total,6
202404,3,0.19066197262276455,156,comp_ew,total,6
202404,4,0.23469400067178925,157,comp_ew,total,6
202404,5,0.25903144482366114,156,comp_ew,total,6
202405,1,0.35888598324313037,157,comp_ew,total,6
202405,2,0.36320795121017824,156,comp_ew,total,6
202405,3,0.37837757340572026,156,comp_ew,total,6
202405,4,0.37179152080558514,156,comp_ew,total,6
202405,5,0.39372693136190434,156,comp_ew,total,6
202406,1,0.4415377848247529,156,comp_ew,total,6
202406,2,0.4515522574008003,156,comp_ew,total,6
202406,3,0.43423965898382616,156,comp_ew,total,6
202406,4,0.46229040197202165,156,comp_ew,total,6
202406,5,0.47350705895521583,156,comp_ew,total,6
202407,1,0.44537636742760134,157,comp_ew,total,6
202407,2,0.4440116926906691,156,comp_ew,total,6
202407,3,0.4816188783311084,157,comp_ew,total,6
202407,4,0.4984846916732902,156,comp_ew,total,6
202407,5,0.47504010303283123,156,comp_ew,total,6
202408,1,0.2483326314109502,156,comp_ew,total,6
202408,2,0.21110143981146665,156,comp_ew,total,6
202408,3,0.22626129743046297,155,comp_ew,total,6
202408,4,0.22398963750644477,156,comp_ew,total,6
202408,5,0.23686743653974224,155,comp_ew,total,6
202409,1,0.2674923025720222,156,comp_ew,total,6
202409,2,0.2814793504640861,155,comp_ew,total,6
202409,3,0.26765255609901367,156,comp_ew,total,6
202409,4,0.2958023849405024,155,comp_ew,total,6
202409,5,0.28197041325297395,155,comp_ew,total,6
202410,1,0.23327551516624767,155,comp_ew,total,6
202410,2,0.278641667421537,155,comp_ew,total,6
202410,3,0.23341785617554736,155,comp_ew,total,6
202410,4,0.2548802225446817,155,comp_ew,total,6
202410,5,0.2884063600075208,154,comp_ew,total,6
202411,1,0.2062302248162762,156,comp_ew,total,6
202411,2,0.20515266973922255,155,comp_ew,total,6
202411,3,0.24999219925229957,155,comp_ew,total,6
202411,4,0.23387925566313322,155,comp_ew,total,6
202411,5,0.22751034378619253,155,comp_ew,total,6
202412,1,0.24920065035479655,155,comp_ew,total,6
202412,2,0.2119685776489363,155,comp_ew,total,6
202412,3,0.2476097854608534,155,comp_ew,total,6
202412,4,0.2547570728463998,155,comp_ew,total,6
202412,5,0.25439868094239476,155,comp_ew,total,6
202501,1,0.027405947648840745,155,comp_ew,total,6
202501,2,0.048496427982942326,155,comp_ew,total,6
202501,3,0.06260087781006549,155,comp_ew,total,6
202501,4,0.05474932908180817,155,comp_ew,total,6
202501,5,0.05832156823570695,155,comp_ew,total,6
202502,1,0.014962105678009553,155,comp_ew,total,6
202502,2,0.033021937797053,155,comp_ew,total,6
202502,3,0.08631781827366385,154,comp_ew,total,6
202502,4,0.07264297711569319,155,comp_ew,total,6
202502,5,0.045061266563982474,154,comp_ew,total,6
202503,1,-0.19759720589661894,155,comp_ew,total,6
202503,2,-0.16575181015228838,154,comp_ew,total,6
202503,3,-0.1716600370089602,154,comp_ew,total,6
202503,4,-0.1728545609467974,154,comp_ew,total,6
202503,5,-0.13751868141619217,154,comp_ew,total,6
202504,1,-0.12389572495916755,154,comp_ew,total,6
202504,2,-0.10627190586617295,154,comp_ew,total,6
202504,3,-0.1366346968552059,154,comp_ew,total,6
202504,4,-0.13665260485622882,154,comp_ew,total,6
202504,5,-0.1223869628162102,153,comp_ew,total,6
202505,1,-0.20551761723430448,154,comp_ew,total,6
202505,2,-0.21211696100151117,154,comp_ew,total,6
202505,3,-0.18794796626793825,154,comp_ew,total,6
202505,4,-0.20764261640158313,154,comp_ew,total,6
202505,5,-0.20743348105935258,153,comp_ew,total,6
202506,1,-0.25551197428076483,154,comp_ew,total,6
202506,2,-0.25615779851331566,154,comp_ew,total,6
202506,3,-0.23743361367767998,154,comp_ew,total,6
202506,4,-0.2486119951753202,154,comp_ew,total,6
202506,5,-0.26365124832610376,154,comp_ew,total,6
202507,1,-0.10633315159810576,154,comp_ew,total,6
202507,2,-0.056011108921212145,154,comp_ew,total,6
202507,3,-0.0865595439764023,153,comp_ew,total,6
202507,4,-0.07750887163769803,154,comp_ew,total,6
202507,5,-0.07169155420873541,153,comp_ew,total,6
202508,1,0.013237423596785878,154,comp_ew,total,6
202508,2,0.041858139051285735,154,comp_ew,total,6
202508,3,0.0492386804957683,153,comp_ew,total,6
202508,4,0.04002156472852845,154,comp_ew,total,6
202508,5,0.04490236343622659,153,comp_ew,total,6
202509,1,0.22687400286289017,154,comp_ew,total,6
202509,2,0.19991014040770574,153,comp_ew,total,6
202509,3,0.23451238613295786,153,comp_ew,total,6
202509,4,0.24306879383628732,153,comp_ew,total,6
202509,5,0.26295659644545244,153,comp_ew,total,6
202510,1,0.16129920503037354,153,comp_ew,total,6
202510,2,0.20384210951887874,153,comp_ew,total,6
202510,3,0.19600147846808624,153,comp_ew,total,6
202510,4,0.19068350950976168,153,comp_ew,total,6
202510,5,0.21965889837302655,153,comp_ew,total,6
202511,1,0.3134801084082174,153,comp_ew,total,6
202511,2,0.3243618140227942,153,comp_ew,total,6
202511,3,0.3365838409535341,153,comp_ew,total,6
202511,4,0.3431052679280636,153,comp_ew,total,6
202511,5,0.34039491542733685,152,comp_ew,total,6
202512,1,0.49458763602543593,153,comp_ew,total,6
202512,2,0.45359029563545283,153,comp_ew,total,6
202512,3,0.4488657469296506,153,comp_ew,total,6
202512,4,0.47029898731386804,153,comp_ew,total,6
202512,5,0.5091655468508979,152,comp_ew,total,6
202601,1,0.3047847131647835,153,comp_ew,total,6
202601,2,0.29414644204648943,153,comp_ew,total,6
202601,3,0.29913061060249513,152,comp_ew,total,6
202601,4,0.29966782757916843,153,comp_ew,total,6
202601,5,0.325796271573644,152,comp_ew,total,6
200801,1,0.1829865420034989,142,comp_ew,total,12
200801,2,0.198279156944863,142,comp_ew,total,12
200801,3,0.15394006544152078,142,comp_ew,total,12
200801,4,0.2979326880168823,142,comp_ew,total,12
200801,5,0.22127365426351178,141,comp_ew,total,12
200802,1,0.07780768439805671,142,comp_ew,total,12
200802,2,0.07272377544416225,142,comp_ew,total,12
200802,3,0.10647261684620214,141,comp_ew,total,12
200802,4,0.08788337908694038,142,comp_ew,total,12
200802,5,0.14357951570690763,141,comp_ew,total,12
200803,1,-0.009227141393801779,143,comp_ew,total,12
200803,2,0.007281267790383922,143,comp_ew,total,12
200803,3,0.0552084390016528,143,comp_ew,total,12
200803,4,0.04147784860585446,143,comp_ew,total,12
200803,5,0.030440625497158317,142,comp_ew,total,12
200804,1,-0.007563781965214168,143,comp_ew,total,12
200804,2,0.014205986603663985,143,comp_ew,total,12
200804,3,0.07492902181278305,143,comp_ew,total,12
200804,4,0.032803715698397067,143,comp_ew,total,12
200804,5,0.030209184860870677,143,comp_ew,total,12
200805,1,0.04352834864225657,143,comp_ew,total,12
200805,2,0.07654492062141256,142,comp_ew,total,12
200805,3,0.08639696095345596,143,comp_ew,total,12
200805,4,0.131950835844303,142,comp_ew,total,12
200805,5,0.12396094273373588,142,comp_ew,total,12
200806,1,0.11879072760081866,144,comp_ew,total,12
200806,2,0.055473784307348256,144,comp_ew,total,12
200806,3,0.11904298144979582,144,comp_ew,total,12
200806,4,0.11686020772820968,144,comp_ew,total,12
200806,5,0.14328216046587677,144,comp_ew,total,12
200807,1,0.09266256507008759,145,comp_ew,total,12
200807,2,0.12246188652645891,145,comp_ew,total,12
200807,3,0.13566018803825874,144,comp_ew,total,12
200807,4,0.1456455998201127,145,comp_ew,total,12
200807,5,0.17689298279796153,144,comp_ew,total,12
200808,1,-0.014728057816559973,145,comp_ew,total,12
200808,2,-0.022361946435404737,145,comp_ew,total,12
200808,3,-0.014497116929088203,145,comp_ew,total,12
200808,4,-0.023718857655387372,145,comp_ew,total,12
200808,5,-0.024157229104508956,144,comp_ew,total,12
200809,1,-0.12339761480722393,145,comp_ew,total,12
200809,2,-0.07269162921015963,144,comp_ew,total,12
200809,3,-0.04819495485237784,145,comp_ew,total,12
200809,4,-0.06337461106826948,144,comp_ew,total,12
200809,5,-0.0716600288863907,144,comp_ew,total,12
200810,1,-0.19073375040027352,146,comp_ew,total,12
200810,2,-0.1975916782629574,145,comp_ew,total,12
200810,3,-0.13444979539926033,145,comp_ew,total,12
200810,4,-0.10958878177350952,145,comp_ew,total,12
200810,5,-0.15672509895041628,145,comp_ew,total,12
200811,1,-0.25196284377573575,147,comp_ew,total,12
200811,2,-0.25137330676164044,147,comp_ew,total,12
200811,3,-0.2178882873165919,146,comp_ew,total,12
200811,4,-0.20362337560423588,147,comp_ew,total,12
200811,5,-0.15593669906548258,146,comp_ew,total,12
200812,1,-0.30534183141016363,147,comp_ew,total,12
200812,2,-0.31388257465764097,146,comp_ew,total,12
200812,3,-0.2919889782707468,146,comp_ew,total,12
200812,4,-0.2648541836190714,146,comp_ew,total,12
200812,5,-0.2531711392801618,146,comp_ew,total,12
200901,1,-0.29713301856360924,147,comp_ew,total,12
200901,2,-0.2862633501680954,147,comp_ew,total,12
200901,3,-0.26025463938778043,146,comp_ew,total,12
200901,4,-0.2734617550654684,147,comp_ew,total,12
200901,5,-0.23742240168693932,146,comp_ew,total,12
200902,1,-0.3063979447032814,148,comp_ew,total,12
200902,2,-0.2985052178120141,148,comp_ew,total,12
200902,3,-0.2868790144132902,147,comp_ew,total,12
200902,4,-0.2860018140749597,148,comp_ew,total,12
200902,5,-0.2440216571413223,147,comp_ew,total,12
200903,1,-0.19992779636434913,148,comp_ew,total,12
200903,2,-0.1550826911196443,148,comp_ew,total,12
200903,3,-0.1943423387692324,147,comp_ew,total,12
200903,4,-0.16960023422714549,148,comp_ew,total,12
200903,5,-0.1482631346903714,147,comp_ew,total,12
200904,1,-0.15936994522279094,149,comp_ew,total,12
200904,2,-0.16704878246232954,149,comp_ew,total,12
200904,3,-0.17209288121680524,149,comp_ew,total,12
200904,4,-0.14856412922857215,149,comp_ew,total,12
200904,5,-0.13674357784857047,148,comp_ew,total,12
200905,1,-0.2179771371867615,149,comp_ew,total,12
200905,2,-0.21983231308634493,149,comp_ew,total,12
200905,3,-0.17314976690551936,149,comp_ew,total,12
200905,4,-0.18365552663403217,149,comp_ew,total,12
200905,5,-0.1667676007702399,148,comp_ew,total,12
200906,1,-0.2643296522422201,149,comp_ew,total,12
200906,2,-0.29334448425635923,149,comp_ew,total,12
200906,3,-0.23208819063763797,149,comp_ew,total,12
200906,4,-0.2169910025178392,149,comp_ew,total,12
200906,5,-0.2324356549730474,149,comp_ew,total,12
200907,1,-0.1738166861289359,150,comp_ew,total,12
200907,2,-0.14902898019187444,150,comp_ew,total,12
200907,3,-0.15029444282053195,150,comp_ew,total,12
200907,4,-0.07672589379318903,150,comp_ew,total,12
200907,5,-0.11115630054009706,150,comp_ew,total,12
200908,1,-0.18437329138729044,151,comp_ew,total,12
200908,2,-0.1286882006842924,151,comp_ew,total,12
200908,3,-0.15896751680514035,151,comp_ew,total,12
200908,4,-0.1456830204162069,151,comp_ew,total,12
200908,5,-0.1135315142480675,150,comp_ew,total,12
200909,1,-0.06570924947543806,152,comp_ew,total,12
200909,2,-0.03707431925937867,151,comp_ew,total,12
200909,3,-0.01647134500390071,151,comp_ew,total,12
200909,4,-0.013708695909062143,151,comp_ew,total,12
200909,5,0.01707176375968257,151,comp_ew,total,12
200910,1,-0.06646424177266269,152,comp_ew,total,12
200910,2,-0.0570396269799887,151,comp_ew,total,12
200910,3,-0.08136700243408004,152,comp_ew,total,12
200910,4,-0.04590633250053189,151,comp_ew,total,12
200910,5,-0.04365772135243423,151,comp_ew,total,12
200911,1,0.04487785050036866,152,comp_ew,total,12
200911,2,0.015811956595572923,151,comp_ew,total,12
200911,3,0.01604903240230924,152,comp_ew,total,12
200911,4,0.02245778179290517,151,comp_ew,total,12
200911,5,0.06467814919585742,151,comp_ew,total,12
200912,1,0.1572082548465532,152,comp_ew,total,12
200912,2,0.07446386249152075,152,comp_ew,total,12
200912,3,0.14829574011891303,151,comp_ew,total,12
200912,4,0.19634983874402848,152,comp_ew,total,12
200912,5,0.1311137673640947,151,comp_ew,total,12
201001,1,0.13129897803525478,152,comp_ew,total,12
201001,2,0.13774444651935938,152,comp_ew,total,12
201001,3,0.1258852732388033,152,comp_ew,total,12
201001,4,0.11270381686675962,152,comp_ew,total,12
201001,5,0.1405716609063505,151,comp_ew,total,12
201002,1,0.2002210739953425,152,comp_ew,total,12
201002,2,0.1864881582804756,152,comp_ew,total,12
201002,3,0.14501032502376152,152,comp_ew,total,12
201002,4,0.19949420994138709,152,comp_ew,total,12
201002,5,0.2041007853941146,151,comp_ew,total,12
201003,1,0.12505453928001287,152,comp_ew,total,12
201003,2,0.0761560640940702,152,comp_ew,total,12
201003,3,0.06966358343274287,152,comp_ew,total,12
201003,4,0.14529413830779958,152,comp_ew,total,12
201003,5,0.11129164422434884,152,comp_ew,total,12
201004,1,-0.025911620180443736,153,comp_ew,total,12
201004,2,0.0033610097194025665,152,comp_ew,total,12
201004,3,0.01046189626358091,152,comp_ew,total,12
201004,4,-0.011783022987507831,152,comp_ew,total,12
201004,5,0.01761566154227803,152,comp_ew,total,12
201005,1,0.00011571312094165728,154,comp_ew,total,12
201005,2,0.03105471373128023,153,comp_ew,total,12
201005,3,0.04078027956158578,154,comp_ew,total,12
201005,4,0.03709193966323025,153,comp_ew,total,12
201005,5,0.06870563873569667,153,comp_ew,total,12
201006,1,3.3055095949544216e-05,154,comp_ew,total,12
201006,2,-0.03265585335787115,154,comp_ew,total,12
201006,3,0.028406709560285442,154,comp_ew,total,12
201006,4,0.02338353060879749,154,comp_ew,total,12
201006,5,0.007134634659730145,154,comp_ew,total,12
201007,1,-0.10162342487105132,155,comp_ew,total,12
201007,2,-0.036687267068788686,155,comp_ew,total,12
201007,3,-0.0701215866309361,154,comp_ew,total,12
201007,4,-0.05624205294660324,155,comp_ew,total,12
201007,5,-0.06634548220961453,154,comp_ew,total,12
201008,1,0.05406736030541897,155,comp_ew,total,12
201008,2,0.07560790753665489,155,comp_ew,total,12
201008,3,0.14187727186408286,154,comp_ew,total,12
201008,4,0.12044506540352407,155,comp_ew,total,12
201008,5,0.07795752248467931,154,comp_ew,total,12
201009,1,0.030046001486304326,156,comp_ew,total,12
201009,2,0.0279772361127618,155,comp_ew,total,12
201009,3,0.052190037265554136,156,comp_ew,total,12
201009,4,0.004642362690320896,155,comp_ew,total,12
201009,5,0.050968501582315154,155,comp_ew,total,12
201010,1,-0.04743577671513606,155,comp_ew,total,12
201010,2,0.023776865353126328,155,comp_ew,total,12
201010,3,-0.02274231875268668,155,comp_ew,total,12
201010,4,-0.0051000477829103805,155,comp_ew,total,12
201010,5,-0.0076956003115308015,154,comp_ew,total,12
201011,1,-0.0670154451287398,156,comp_ew,total,12
201011,2,-0.05573083251033582,155,comp_ew,total,12
201011,3,-0.0020109122802629323,156,comp_ew,total,12
201011,4,-0.005045190270065629,155,comp_ew,total,12
201011,5,-0.01673641806937077,155,comp_ew,total,12
201012,1,-0.16288978588570938,157,comp_ew,total,12
201012,2,-0.12049236564361675,156,comp_ew,total,12
201012,3,-0.12869301939759994,156,comp_ew,total,12
201012,4,-0.12927856276426977,156,comp_ew,total,12
201012,5,-0.0954204540553001,156,comp_ew,total,12
201101,1,-0.09542806744314901,156,comp_ew,total,12
201101,2,-0.0670812780437879,156,comp_ew,total,12
201101,3,-0.0643076066517938,156,comp_ew,total,12
201101,4,-0.05195909070890654,156,comp_ew,total,12
201101,5,-0.04580116667522156,156,comp_ew,total,12
201102,1,-0.16690400234201658,157,comp_ew,total,12
201102,2,-0.14727518170016018,157,comp_ew,total,12
201102,3,-0.14841181826991742,157,comp_ew,total,12
201102,4,-0.14856078751137816,157,comp_ew,total,12
201102,5,-0.10795326094309395,156,comp_ew,total,12
201103,1,-0.21535702342569882,158,comp_ew,total,12
201103,2,-0.2211388598477168,157,comp_ew,total,12
201103,3,-0.22870704265707736,157,comp_ew,total,12
201103,4,-0.2456700086878714,157,comp_ew,total,12
201103,5,-0.1870197197374634,157,comp_ew,total,12
201104,1,-0.21253333909853564,159,comp_ew,total,12
201104,2,-0.1955645353288537,158,comp_ew,total,12
201104,3,-0.17902222675322485,158,comp_ew,total,12
201104,4,-0.17999709686090135,158,comp_ew,total,12
201104,5,-0.18808917376283868,158,comp_ew,total,12
201105,1,-0.2041137253811474,159,comp_ew,total,12
201105,2,-0.20392273408737846,159,comp_ew,total,12
201105,3,-0.18576466948103618,159,comp_ew,total,12
201105,4,-0.204210441091164,159,comp_ew,total,12
201105,5,-0.16235969128882677,158,comp_ew,total,12
201106,1,-0.09050612544340281,160,comp_ew,total,12
201106,2,-0.045459722484857745,159,comp_ew,total,12
201106,3,-0.07889263338744094,159,comp_ew,total,12
201106,4,-0.07351772596159703,159,comp_ew,total,12
201106,5,-0.010651454851040318,159,comp_ew,total,12
201107,1,-0.10841506651563229,160,comp_ew,total,12
201107,2,-0.05442023971337202,160,comp_ew,total,12
201107,3,-0.08739038316671402,160,comp_ew,total,12
201107,4,-0.046963015082688526,160,comp_ew,total,12
201107,5,-0.04813946109116011,160,comp_ew,total,12
201108,1,-0.21783368460433444,160,comp_ew,total,12
201108,2,-0.1857244258624183,160,comp_ew,total,12
201108,3,-0.19578302783489904,160,comp_ew,total,12
201108,4,-0.16964712518891203,160,comp_ew,total,12
201108,5,-0.1384996587768236,160,comp_ew,total,12
201109,1,-0.2152221750155713,160,comp_ew,total,12
201109,2,-0.21313027098024312,160,comp_ew,total,12
201109,3,-0.1885442976508524,160,comp_ew,total,12
201109,4,-0.1565808904771891,160,comp_ew,total,12
201109,5,-0.14451923646366052,159,comp_ew,total,12
201110,1,-0.19535505926934696,161,comp_ew,total,12
201110,2,-0.17204180040278355,160,comp_ew,total,12
201110,3,-0.1895789437954249,161,comp_ew,total,12
201110,4,-0.13985420550291117,160,comp_ew,total,12
201110,5,-0.16544872168748842,160,comp_ew,total,12
201111,1,-0.2071076393611156,161,comp_ew,total,12
201111,2,-0.16426410924184687,161,comp_ew,total,12
201111,3,-0.18698015163720835,161,comp_ew,total,12
201111,4,-0.14936353485821288,161,comp_ew,total,12
201111,5,-0.1300548677444958,160,comp_ew,total,12
201112,1,-0.12701765111045313,161,comp_ew,total,12
201112,2,-0.13134469099151336,160,comp_ew,total,12
201112,3,-0.11191784868630118,161,comp_ew,total,12
201112,4,-0.07302763113888044,160,comp_ew,total,12
201112,5,-0.10433907477335302,160,comp_ew,total,12
201201,1,-0.26793398531156215,161,comp_ew,total,12
201201,2,-0.2387635017314092,161,comp_ew,total,12
201201,3,-0.22139908199805464,160,comp_ew,total,12
201201,4,-0.23138654122706478,161,comp_ew,total,12
201201,5,-0.23071091459943927,160,comp_ew,total,12
201202,1,-0.22573013991275273,162,comp_ew,total,12
201202,2,-0.20509975958519727,161,comp_ew,total,12
201202,3,-0.2119166281528181,162,comp_ew,total,12
201202,4,-0.2089358361409425,161,comp_ew,total,12
201202,5,-0.20697875091161744,161,comp_ew,total,12
201203,1,-0.20323328847265804,162,comp_ew,total,12
201203,2,-0.19278033125879435,162,comp_ew,total,12
201203,3,-0.1611519521283713,162,comp_ew,total,12
201203,4,-0.19416267847890314,162,comp_ew,total,12
201203,5,-0.18026993361335686,161,comp_ew,total,12
201204,1,-0.2559978316823544,162,comp_ew,total,12
201204,2,-0.15237273332857953,162,comp_ew,total,12
201204,3,-0.2113724038454609,161,comp_ew,total,12
201204,4,-0.21453053278715906,162,comp_ew,total,12
201204,5,-0.170173114749184,161,comp_ew,total,12
201205,1,-0.2353569907053024,162,comp_ew,total,12
201205,2,-0.22873245343919327,162,comp_ew,total,12
201205,3,-0.19713238447147813,162,comp_ew,total,12
201205,4,-0.20601087318603273,162,comp_ew,total,12
201205,5,-0.17900141714458753,161,comp_ew,total,12
201206,1,-0.30205458524492756,163,comp_ew,total,12
201206,2,-0.2894725580793759,163,comp_ew,total,12
201206,3,-0.30592299078146984,162,comp_ew,total,12
201206,4,-0.2636463450576163,163,comp_ew,total,12
201206,5,-0.24465630709603484,162,comp_ew,total,12
201207,1,-0.3288315576666176,163,comp_ew,total,12
201207,2,-0.30943020564425533,163,comp_ew,total,12
201207,3,-0.27445709121496065,162,comp_ew,total,12
201207,4,-0.27380180389042286,163,comp_ew,total,12
201207,5,-0.2675610021046687,162,comp_ew,total,12
201208,1,-0.267500565968895,163,comp_ew,total,12
201208,2,-0.24607240365009778,163,comp_ew,total,12
201208,3,-0.22334171770349653,163,comp_ew,total,12
201208,4,-0.22674417119475485,163,comp_ew,total,12
201208,5,-0.20986696403802577,162,comp_ew,total,12
201209,1,-0.2809920307558298,163,comp_ew,total,12
201209,2,-0.24159890466660977,163,comp_ew,total,12
201209,3,-0.24596417521916222,163,comp_ew,total,12
201209,4,-0.23516164784812754,163,comp_ew,total,12
201209,5,-0.22298968070072972,162,comp_ew,total,12
201210,1,-0.2721224471519281,164,comp_ew,total,12
201210,2,-0.2750677477603931,163,comp_ew,total,12
201210,3,-0.2915662677009856,164,comp_ew,total,12
201210,4,-0.27668429301376835,163,comp_ew,total,12
201210,5,-0.23543087367195245,163,comp_ew,total,12
201211,1,-0.3042468800777625,164,comp_ew,total,12
201211,2,-0.32055082944714514,164,comp_ew,total,12
201211,3,-0.2985963375594711,163,comp_ew,total,12
201211,4,-0.270083023766052,164,comp_ew,total,12
201211,5,-0.2612660890159211,163,comp_ew,total,12
201212,1,-0.339302620814723,164,comp_ew,total,12
201212,2,-0.31678729453844134,164,comp_ew,total,12
201212,3,-0.3340608427804136,164,comp_ew,total,12
201212,4,-0.30451042728635186,164,comp_ew,total,12
201212,5,-0.29672418898602504,163,comp_ew,total,12
201301,1,-0.28867708821397897,164,comp_ew,total,12
201301,2,-0.25317013792141413,163,comp_ew,total,12
201301,3,-0.2684011940058051,163,comp_ew,total,12
201301,4,-0.2733591284374367,163,comp_ew,total,12
201301,5,-0.2755241695366811,163,comp_ew,total,12
201302,1,-0.21875656975521784,164,comp_ew,total,12
201302,2,-0.20177143159920005,163,comp_ew,total,12
201302,3,-0.23899931899475976,163,comp_ew,total,12
201302,4,-0.20937274266759093,163,comp_ew,total,12
201302,5,-0.2216675710279646,163,comp_ew,total,12
201303,1,-0.18419916578641737,164,comp_ew,total,12
201303,2,-0.15894019383646737,163,comp_ew,total,12
201303,3,-0.19421005557856005,163,comp_ew,total,12
201303,4,-0.14759364482186396,163,comp_ew,total,12
201303,5,-0.14065832208955736,163,comp_ew,total,12
201304,1,-0.025528405841729183,164,comp_ew,total,12
201304,2,0.015045269261602826,164,comp_ew,total,12
201304,3,-0.009646553539803898,164,comp_ew,total,12
201304,4,0.017618028472265797,164,comp_ew,total,12
201304,5,0.036550521138829686,163,comp_ew,total,12
201305,1,-0.07542041216577283,165,comp_ew,total,12
201305,2,-0.04270127670084064,164,comp_ew,total,12
201305,3,-0.004129120546833635,165,comp_ew,total,12
201305,4,-0.038849774630354855,164,comp_ew,total,12
201305,5,0.022591589106645896,164,comp_ew,total,12
201306,1,0.009998794732345549,165,comp_ew,total,12
201306,2,0.026131315101338537,164,comp_ew,total,12
201306,3,0.05669688419784377,165,comp_ew,total,12
201306,4,0.09060227278171676,164,comp_ew,total,12
201306,5,0.12059265893888786,164,comp_ew,total,12
201307,1,0.047554816420340505,166,comp_ew,total,12
201307,2,0.04519011129410607,166,comp_ew,total,12
201307,3,0.10827387248301344,165,comp_ew,total,12
201307,4,0.12095975555516741,166,comp_ew,total,12
201307,5,0.15831098646483974,165,comp_ew,total,12
201308,1,-0.09483529834974294,165,comp_ew,total,12
201308,2,-0.09243932864293535,165,comp_ew,total,12
201308,3,-0.061087263809439345,165,comp_ew,total,12
201308,4,-0.0505795521669335,165,comp_ew,total,12
201308,5,0.005920249041926018,165,comp_ew,total,12
201309,1,-0.009347384161663575,166,comp_ew,total,12
201309,2,0.02506918548234956,165,comp_ew,total,12
201309,3,0.06374839843027677,165,comp_ew,total,12
201309,4,0.041809860778045466,165,comp_ew,total,12
201309,5,0.09366017151667627,165,comp_ew,total,12
201310,1,0.09099978084743497,166,comp_ew,total,12
201310,2,0.06277010562719104,165,comp_ew,total,12
201310,3,0.08397609852043292,165,comp_ew,total,12
201310,4,0.13023340011511553,165,comp_ew,total,12
201310,5,0.10132140317328375,165,comp_ew,total,12
201311,1,0.20931724923299508,166,comp_ew,total,12
201311,2,0.20509513265242307,165,comp_ew,total,12
201311,3,0.19448987123793107,166,comp_ew,total,12
201311,4,0.2322081209235264,165,comp_ew,total,12
201311,5,0.2115749659014113,165,comp_ew,total,12
201312,1,0.08417474077136586,166,comp_ew,total,12
201312,2,0.12539977450465534,166,comp_ew,total,12
201312,3,0.08531126515331076,166,comp_ew,total,12
201312,4,0.1139107836868917,166,comp_ew,total,12
201312,5,0.12891864745032347,165,comp_ew,total,12
201401,1,0.15486349747823208,167,comp_ew,total,12
201401,2,0.11481811357348064,167,comp_ew,total,12
201401,3,0.07472988683757575,166,comp_ew,total,12
201401,4,0.12608877536445037,167,comp_ew,total,12
201401,5,0.1302954164981058,166,comp_ew,total,12
201402,1,0.18077283396713104,167,comp_ew,total,12
201402,2,0.20635658435219878,166,comp_ew,total,12
201402,3,0.2248766687394801,167,comp_ew,total,12
201402,4,0.22324961962715736,166,comp_ew,total,12
201402,5,0.1781501134397226,166,comp_ew,total,12
201403,1,0.18787952327102939,167,comp_ew,total,12
201403,2,0.21355558190594257,167,comp_ew,total,12
201403,3,0.218262021906164,167,comp_ew,total,12
201403,4,0.2104549755848812,167,comp_ew,total,12
201403,5,0.20752469116425115,166,comp_ew,total,12
201404,1,0.13029442822935247,168,comp_ew,total,12
201404,2,0.12393557217343247,167,comp_ew,total,12
201404,3,0.16010556009075613,168,comp_ew,total,12
201404,4,0.18880384883927895,167,comp_ew,total,12
201404,5,0.10978310589214801,167,comp_ew,total,12
201405,1,0.16539610569779184,169,comp_ew,total,12
201405,2,0.1398913038391994,168,comp_ew,total,12
201405,3,0.151620049829132,168,comp_ew,total,12
201405,4,0.183656601913192,168,comp_ew,total,12
201405,5,0.18416875533942365,168,comp_ew,total,12
201406,1,0.08788936222212129,169,comp_ew,total,12
201406,2,0.1316735694095572,168,comp_ew,total,12
201406,3,0.09641490947212304,169,comp_ew,total,12
201406,4,0.08563326601201571,168,comp_ew,total,12
201406,5,0.10566799370910179,168,comp_ew,total,12
201407,1,0.0051310750024301695,169,comp_ew,total,12
201407,2,0.02208260274294867,169,comp_ew,total,12
201407,3,0.05277805210984857,169,comp_ew,total,12
201407,4,0.03359553282069107,169,comp_ew,total,12
201407,5,0.02364598373467914,169,comp_ew,total,12
201408,1,0.02548232540592979,170,comp_ew,total,12
201408,2,0.08402963436477741,170,comp_ew,total,12
201408,3,0.06987719639321024,170,comp_ew,total,12
201408,4,0.08156758067118415,170,comp_ew,total,12
201408,5,0.03167496489507054,169,comp_ew,total,12
201409,1,-0.046642514320280715,170,comp_ew,total,12
201409,2,-0.028877885495368825,170,comp_ew,total,12
201409,3,-0.025229683552518728,170,comp_ew,total,12
201409,4,-0.006440057592483697,170,comp_ew,total,12
201409,5,-0.06319579641156235,169,comp_ew,total,12
201410,1,0.11357879712912076,170,comp_ew,total,12
201410,2,0.09106971798407482,169,comp_ew,total,12
201410,3,0.06869204183287014,169,comp_ew,total,12
201410,4,0.07782595374527924,169,comp_ew,total,12
201410,5,0.08713169911727027,169,comp_ew,total,12
201411,1,0.06884535887359822,170,comp_ew,total,12
201411,2,0.08876263601583138,170,comp_ew,total,12
201411,3,0.08485570799889555,170,comp_ew,total,12
201411,4,0.06249118916870268,170,comp_ew,total,12
201411,5,0.03791408290505163,170,comp_ew,total,12
201412,1,0.30791578100660755,170,comp_ew,total,12
201412,2,0.2676321661382174,170,comp_ew,total,12
201412,3,0.3199388327656717,170,comp_ew,total,12
201412,4,0.3153850909707233,170,comp_ew,total,12
201412,5,0.31296769353003684,169,comp_ew,total,12
201501,1,0.3777851502497619,169,comp_ew,total,12
201501,2,0.3713762145675636,169,comp_ew,total,12
201501,3,0.35414472317615175,169,comp_ew,total,12
201501,4,0.37506813708151526,169,comp_ew,total,12
201501,5,0.3588649850652019,168,comp_ew,total,12
201502,1,0.05865281724809929,170,comp_ew,total,12
201502,2,0.1112917914364876,169,comp_ew,total,12
201502,3,0.10037647379169018,170,comp_ew,total,12
201502,4,0.10813347607507998,169,comp_ew,total,12
201502,5,0.11441979716844576,169,comp_ew,total,12
201503,1,-0.02292416216239545,169,comp_ew,total,12
201503,2,0.030489555194447713,169,comp_ew,total,12
201503,3,0.015585242537995033,169,comp_ew,total,12
201503,4,-0.008955600022899683,169,comp_ew,total,12
201503,5,0.06731014703511809,168,comp_ew,total,12
201504,1,0.02288925312974151,169,comp_ew,total,12
201504,2,-0.007907691385496438,168,comp_ew,total,12
201504,3,0.02080937768941352,169,comp_ew,total,12
201504,4,0.03493651384576485,168,comp_ew,total,12
201504,5,0.03545070890742147,168,comp_ew,total,12
201505,1,0.020053466816388383,169,comp_ew,total,12
201505,2,0.010518577305502149,168,comp_ew,total,12
201505,3,0.017199002109556355,168,comp_ew,total,12
201505,4,-0.03031899793166738,168,comp_ew,total,12
201505,5,0.03335948805684244,168,comp_ew,total,12
201506,1,0.19866360892639495,168,comp_ew,total,12
201506,2,0.18297941251395144,168,comp_ew,total,12
201506,3,0.17732819526867788,167,comp_ew,total,12
201506,4,0.17816808659208153,168,comp_ew,total,12
201506,5,0.1982334402828275,167,comp_ew,total,12
201507,1,0.2717830023563342,168,comp_ew,total,12
201507,2,0.3317000716834559,168,comp_ew,total,12
201507,3,0.2720105955040677,167,comp_ew,total,12
201507,4,0.3254016586823643,168,comp_ew,total,12
201507,5,0.3444890851634703,167,comp_ew,total,12
201508,1,0.36342349267555063,169,comp_ew,total,12
201508,2,0.340967891707032,168,comp_ew,total,12
201508,3,0.3796714943787693,169,comp_ew,total,12
201508,4,0.3905722631725296,168,comp_ew,total,12
201508,5,0.39881036170337325,168,comp_ew,total,12
201509,1,0.31269289619700863,168,comp_ew,total,12
201509,2,0.3296082222982086,167,comp_ew,total,12
201509,3,0.3075821174497452,167,comp_ew,total,12
201509,4,0.3297685022382459,167,comp_ew,total,12
201509,5,0.32858899054843366,167,comp_ew,total,12
201510,1,0.280645814270168,168,comp_ew,total,12
201510,2,0.3379824520381624,168,comp_ew,total,12
201510,3,0.31662450178384416,167,comp_ew,total,12
201510,4,0.2821423454707989,168,comp_ew,total,12
201510,5,0.350353781224417,167,comp_ew,total,12
201511,1,0.198015889737398,168,comp_ew,total,12
201511,2,0.23827524109186335,168,comp_ew,total,12
201511,3,0.20813384126450668,168,comp_ew,total,12
201511,4,0.2907276532020881,168,comp_ew,total,12
201511,5,0.28128891738971235,168,comp_ew,total,12
201512,1,0.2642558265842878,168,comp_ew,total,12
201512,2,0.19338271680044186,167,comp_ew,total,12
201512,3,0.27617704030340656,168,comp_ew,total,12
201512,4,0.24759448613379254,167,comp_ew,total,12
201512,5,0.2866605604550108,167,comp_ew,total,12
201601,1,0.24849751790330857,167,comp_ew,total,12
201601,2,0.23444609126714772,167,comp_ew,total,12
201601,3,0.2990656491813261,167,comp_ew,total,12
201601,4,0.27749778213485604,167,comp_ew,total,12
201601,5,0.29830428317714275,166,comp_ew,total,12
201602,1,0.3925154040715391,167,comp_ew,total,12
201602,2,0.4489405660845403,166,comp_ew,total,12
201602,3,0.448851987379446,167,comp_ew,total,12
201602,4,0.4219127792700435,166,comp_ew,total,12
201602,5,0.5007848282407105,166,comp_ew,total,12
201603,1,0.6083080914472073,168,comp_ew,total,12
201603,2,0.5499540203771448,167,comp_ew,total,12
201603,3,0.6411678802178244,167,comp_ew,total,12
201603,4,0.6239683338082661,167,comp_ew,total,12
201603,5,0.7155398072409895,167,comp_ew,total,12
201604,1,0.5587060027708012,167,comp_ew,total,12
201604,2,0.5487738024562844,167,comp_ew,total,12
201604,3,0.5946982807851408,166,comp_ew,total,12
201604,4,0.571324659621177,167,comp_ew,total,12
201604,5,0.5992802244062503,166,comp_ew,total,12
201605,1,0.7276394382927232,167,comp_ew,total,12
201605,2,0.6864761902470556,167,comp_ew,total,12
201605,3,0.6928588915310189,166,comp_ew,total,12
201605,4,0.6140882337581898,167,comp_ew,total,12
201605,5,0.765680611983611,166,comp_ew,total,12
201606,1,0.4227175568849108,167,comp_ew,total,12
201606,2,0.4288887583729249,166,comp_ew,total,12
201606,3,0.436819468463786,167,comp_ew,total,12
201606,4,0.48840195101309947,166,comp_ew,total,12
201606,5,0.49095056226899947,166,comp_ew,total,12
201607,1,0.4494126511302184,167,comp_ew,total,12
201607,2,0.4222886273852642,166,comp_ew,total,12
201607,3,0.49264641344250754,167,comp_ew,total,12
201607,4,0.48198476962337683,166,comp_ew,total,12
201607,5,0.5228284097000296,166,comp_ew,total,12
201608,1,0.5049544054810514,166,comp_ew,total,12
201608,2,0.5781948877148183,166,comp_ew,total,12
201608,3,0.5943943522296218,166,comp_ew,total,12
201608,4,0.6341415878129706,166,comp_ew,total,12
201608,5,0.6421787901913518,166,comp_ew,total,12
201609,1,0.4879742864796855,167,comp_ew,total,12
201609,2,0.5491302743808365,166,comp_ew,total,12
201609,3,0.5399051085947912,166,comp_ew,total,12
201609,4,0.6177713538649185,166,comp_ew,total,12
201609,5,0.6529896429526587,166,comp_ew,total,12
201610,1,0.4613095909742943,167,comp_ew,total,12
201610,2,0.510845623563531,166,comp_ew,total,12
201610,3,0.5130362951913764,167,comp_ew,total,12
201610,4,0.559923568307692,166,comp_ew,total,12
201610,5,0.6041331491140731,166,comp_ew,total,12
201611,1,0.5009939113659241,166,comp_ew,total,12
201611,2,0.5447405079411951,166,comp_ew,total,12
201611,3,0.575658924054058,166,comp_ew,total,12
201611,4,0.5833306778637454,166,comp_ew,total,12
201611,5,0.5989853614036108,165,comp_ew,total,12
201612,1,0.4724770704262525,166,comp_ew,total,12
201612,2,0.5446883156658786,166,comp_ew,total,12
201612,3,0.6254177577990072,166,comp_ew,total,12
201612,4,0.5971767422709459,166,comp_ew,total,12
201612,5,0.5939658404219613,166,comp_ew,total,12
201701,1,0.2600790364400486,166,comp_ew,total,12
201701,2,0.3643381706754638,166,comp_ew,total,12
201701,3,0.319473685734139,166,comp_ew,total,12
201701,4,0.33118848223125613,166,comp_ew,total,12
201701,5,0.39234440574985363,165,comp_ew,total,12
201702,1,0.31708505432501255,166,comp_ew,total,12
201702,2,0.3323463095400514,166,comp_ew,total,12
201702,3,0.397980512868544,165,comp_ew,total,12
201702,4,0.39085929879381404,166,comp_ew,total,12
201702,5,0.46446046992141754,165,comp_ew,total,12
201703,1,0.13853574063974958,166,comp_ew,total,12
201703,2,0.16411289389825634,166,comp_ew,total,12
201703,3,0.20918582693040944,166,comp_ew,total,12
201703,4,0.19538681860733664,166,comp_ew,total,12
201703,5,0.27642315500341236,165,comp_ew,total,12
201704,1,0.25794252882474866,166,comp_ew,total,12
201704,2,0.2970419145367107,166,comp_ew,total,12
201704,3,0.3539037201623906,166,comp_ew,total,12
201704,4,0.4077473170234392,166,comp_ew,total,12
201704,5,0.36521641341343936,165,comp_ew,total,12
201705,1,0.16680850640183073,166,comp_ew,total,12
201705,2,0.17537538414775466,166,comp_ew,total,12
201705,3,0.17833605504492536,166,comp_ew,total,12
201705,4,0.2093691053213682,166,comp_ew,total,12
201705,5,0.2270418304879919,165,comp_ew,total,12
201706,1,0.06690369032284774,165,comp_ew,total,12
201706,2,-0.007841511539748087,165,comp_ew,total,12
201706,3,0.0912010334847862,164,comp_ew,total,12
201706,4,0.07485277003965767,165,comp_ew,total,12
201706,5,0.06936774380072887,164,comp_ew,total,12
201707,1,-0.004826326602260293,166,comp_ew,total,12
201707,2,0.013715963624686472,165,comp_ew,total,12
201707,3,-0.014280372989518312,165,comp_ew,total,12
201707,4,0.04259511795651965,165,comp_ew,total,12
201707,5,0.060348367071546845,165,comp_ew,total,12
201708,1,-0.032866615107673226,166,comp_ew,total,12
201708,2,-0.01965582073974749,165,comp_ew,total,12
201708,3,-0.02230000897681449,166,comp_ew,total,12
201708,4,0.008845380634376924,165,comp_ew,total,12
201708,5,0.03406629050215631,165,comp_ew,total,12
201709,1,-0.15044568878912412,165,comp_ew,total,12
201709,2,-0.1419803393676573,165,comp_ew,total,12
201709,3,-0.1101763419281501,165,comp_ew,total,12
201709,4,-0.13167775767923678,165,comp_ew,total,12
201709,5,-0.10233599518026386,164,comp_ew,total,12
201710,1,-0.10294541390030246,166,comp_ew,total,12
201710,2,-0.07272453928165042,165,comp_ew,total,12
201710,3,-0.07642462963750656,166,comp_ew,total,12
201710,4,-0.07642112837977573,165,comp_ew,total,12
201710,5,-0.07234231701733623,165,comp_ew,total,12
201711,1,-0.049518277332820326,165,comp_ew,total,12
201711,2,-0.08900452314530649,164,comp_ew,total,12
201711,3,-0.0763420106536048,164,comp_ew,total,12
201711,4,-0.06117995983722159,164,comp_ew,total,12
201711,5,-0.036734910262359304,164,comp_ew,total,12
201712,1,-0.14966091816346264,165,comp_ew,total,12
201712,2,-0.1344733968268889,165,comp_ew,total,12
201712,3,-0.15248820390027998,165,comp_ew,total,12
201712,4,-0.1386139272836101,165,comp_ew,total,12
201712,5,-0.11591221945733295,165,comp_ew,total,12
201801,1,-0.018812517489388055,166,comp_ew,total,12
201801,2,-0.07984028010226629,165,comp_ew,total,12
201801,3,-0.01949283595327442,166,comp_ew,total,12
201801,4,-0.04460886738991175,165,comp_ew,total,12
201801,5,0.0065876303324932176,165,comp_ew,total,12
201802,1,-0.15448273959506534,165,comp_ew,total,12
201802,2,-0.10569107586281795,164,comp_ew,total,12
201802,3,-0.09213853023513514,164,comp_ew,total,12
201802,4,-0.12011376373309979,164,comp_ew,total,12
201802,5,-0.08956096110232697,164,comp_ew,total,12
201803,1,-0.0941952490805164,165,comp_ew,total,12
201803,2,-0.09108358811797816,165,comp_ew,total,12
201803,3,-0.08344225120708117,164,comp_ew,total,12
201803,4,-0.039866602512029906,165,comp_ew,total,12
201803,5,-0.012199757326884723,164,comp_ew,total,12
201804,1,-0.10361435931772477,164,comp_ew,total,12
201804,2,-0.10776812711838092,164,comp_ew,total,12
201804,3,-0.1269233891052165,164,comp_ew,total,12
201804,4,-0.073306153890872,164,comp_ew,total,12
201804,5,-0.04377446756832531,163,comp_ew,total,12
201805,1,-0.0624692047964192,164,comp_ew,total,12
201805,2,-0.016700423743673296,164,comp_ew,total,12
201805,3,-0.015311191443024862,164,comp_ew,total,12
201805,4,0.013474453709227275,164,comp_ew,total,12
201805,5,0.024805642278865187,164,comp_ew,total,12
201806,1,0.19567644623248512,165,comp_ew,total,12
201806,2,0.20782079793426209,164,comp_ew,total,12
201806,3,0.24822024414539062,165,comp_ew,total,12
201806,4,0.19783375438464748,164,comp_ew,total,12
201806,5,0.2498958697252204,164,comp_ew,total,12
201807,1,0.24563049560921835,164,comp_ew,total,12
201807,2,0.22102525617468669,164,comp_ew,total,12
201807,3,0.2703410697943436,164,comp_ew,total,12
201807,4,0.295487791315676,164,comp_ew,total,12
201807,5,0.2653082977048545,163,comp_ew,total,12
201808,1,0.16881416154352255,165,comp_ew,total,12
201808,2,0.21561136105672957,165,comp_ew,total,12
201808,3,0.18885192229564568,164,comp_ew,total,12
201808,4,0.19570066765984134,165,comp_ew,total,12
201808,5,0.22313991795372012,164,comp_ew,total,12
201809,1,0.4779826608009938,165,comp_ew,total,12
201809,2,0.5328583642339025,164,comp_ew,total,12
201809,3,0.4931335119354841,164,comp_ew,total,12
201809,4,0.5781489481413691,164,comp_ew,total,12
201809,5,0.5440059753041668,164,comp_ew,total,12
201810,1,0.4534401642332965,164,comp_ew,total,12
201810,2,0.5268051658646605,164,comp_ew,total,12
201810,3,0.48452698980801184,164,comp_ew,total,12
201810,4,0.4968538302493113,164,comp_ew,total,12
201810,5,0.5462264703784165,164,comp_ew,total,12
201811,1,0.2749412071424366,165,comp_ew,total,12
201811,2,0.3666760780005261,165,comp_ew,total,12
201811,3,0.3097157485938502,165,comp_ew,total,12
201811,4,0.3276975293892808,165,comp_ew,total,12
201811,5,0.37291068775687203,164,comp_ew,total,12
201812,1,0.503410497067372,164,comp_ew,total,12
201812,2,0.5597197901980442,164,comp_ew,total,12
201812,3,0.5464731632207229,164,comp_ew,total,12
201812,4,0.5598356763886382,164,comp_ew,total,12
201812,5,0.5438378485836386,164,comp_ew,total,12
201901,1,0.6920905284583703,164,comp_ew,total,12
201901,2,0.6854243095722812,164,comp_ew,total,12
201901,3,0.7457524945116017,164,comp_ew,total,12
201901,4,0.7196383712488008,164,comp_ew,total,12
201901,5,0.7122195805113332,163,comp_ew,total,12
201902,1,0.6975279378774271,164,comp_ew,total,12
201902,2,0.7174479507549297,164,comp_ew,total,12
201902,3,0.7645781031481228,164,comp_ew,total,12
201902,4,0.7056000276748986,164,comp_ew,total,12
201902,5,0.776236100582208,164,comp_ew,total,12
201903,1,0.6732803535874887,164,comp_ew,total,12
201903,2,0.6647934452264612,164,comp_ew,total,12
201903,3,0.6668150872016688,164,comp_ew,total,12
201903,4,0.7637516613213516,164,comp_ew,total,12
201903,5,0.7140950129468246,163,comp_ew,total,12
201904,1,0.6900258676546418,164,comp_ew,total,12
201904,2,0.6848228759584221,163,comp_ew,total,12
201904,3,0.7781161591299794,163,comp_ew,total,12
201904,4,0.6643241093535984,163,comp_ew,total,12
201904,5,0.7123535809859294,163,comp_ew,total,12
201905,1,0.41724190412648426,164,comp_ew,total,12
201905,2,0.5183002670529442,164,comp_ew,total,12
201905,3,0.4744690801338847,164,comp_ew,total,12
201905,4,0.48328790700636987,164,comp_ew,total,12
201905,5,0.5854825454166723,163,comp_ew,total,12
201906,1,0.26532050691065656,164,comp_ew,total,12
201906,2,0.3109032025250314,164,comp_ew,total,12
201906,3,0.30750167669741485,163,comp_ew,total,12
201906,4,0.319456848413228,164,comp_ew,total,12
201906,5,0.34006072403627796,163,comp_ew,total,12
201907,1,0.31514837002556356,164,comp_ew,total,12
201907,2,0.3125236123224893,163,comp_ew,total,12
201907,3,0.3574968839102864,164,comp_ew,total,12
201907,4,0.33158097353794,163,comp_ew,total,12
201907,5,0.386338266152286,163,comp_ew,total,12
201908,1,0.4279758705737472,163,comp_ew,total,12
201908,2,0.43098349263963504,163,comp_ew,total,12
201908,3,0.4840514477325912,163,comp_ew,total,12
201908,4,0.5357534509412446,163,comp_ew,total,12
201908,5,0.5011274000041234,163,comp_ew,total,12
201909,1,0.3512722761275136,163,comp_ew,total,12
201909,2,0.394381944098485,163,comp_ew,total,12
201909,3,0.40187839869217046,163,comp_ew,total,12
201909,4,0.4605946991362775,163,comp_ew,total,12
201909,5,0.45778390786485623,163,comp_ew,total,12
201910,1,0.2444307597075803,163,comp_ew,total,12
201910,2,0.29882037195811495,163,comp_ew,total,12
201910,3,0.28520072032671034,163,comp_ew,total,12
201910,4,0.2810071625053368,163,comp_ew,total,12
201910,5,0.3094527503807164,162,comp_ew,total,12
201911,1,0.3080090841273239,163,comp_ew,total,12
201911,2,0.3397751131576827,163,comp_ew,total,12
201911,3,0.3215489813012527,163,comp_ew,total,12
201911,4,0.33726173740394283,163,comp_ew,total,12
201911,5,0.3796498070252188,163,comp_ew,total,12
201912,1,0.028984532430959276,162,comp_ew,total,12
201912,2,0.07461798239931756,162,comp_ew,total,12
201912,3,0.08677632184406064,162,comp_ew,total,12
201912,4,0.02926127112470495,162,comp_ew,total,12
201912,5,0.06067288840095704,162,comp_ew,total,12
202001,1,-0.11747687147866637,163,comp_ew,total,12
202001,2,-0.1460416629776144,162,comp_ew,total,12
202001,3,-0.11706027060306737,162,comp_ew,total,12
202001,4,-0.11490975932871118,162,comp_ew,total,12
202001,5,-0.10593484375774946,162,comp_ew,total,12
202002,1,-0.2224889529475129,162,comp_ew,total,12
202002,2,-0.21337977670088454,162,comp_ew,total,12
202002,3,-0.18220930952876574,162,comp_ew,total,12
202002,4,-0.1954344435048463,162,comp_ew,total,12
202002,5,-0.1877628806386313,161,comp_ew,total,12
202003,1,-0.12759929958146787,162,comp_ew,total,12
202003,2,-0.11886371535794267,162,comp_ew,total,12
202003,3,-0.12882444387552064,162,comp_ew,total,12
202003,4,-0.09823263890796599,162,comp_ew,total,12
202003,5,-0.14598980434893166,162,comp_ew,total,12
202004,1,-0.16356906290603576,162,comp_ew,total,12
202004,2,-0.17713744658031066,161,comp_ew,total,12
202004,3,-0.1446061754173544,161,comp_ew,total,12
202004,4,-0.16676642136268954,161,comp_ew,total,12
202004,5,-0.17647334564904096,161,comp_ew,total,12
202005,1,-0.07572719658926345,162,comp_ew,total,12
202005,2,-0.0805082809413291,161,comp_ew,total,12
202005,3,-0.10131946093064712,162,comp_ew,total,12
202005,4,-0.09368977145076449,161,comp_ew,total,12
202005,5,-0.09322548705255397,161,comp_ew,total,12
202006,1,-0.1116098141138429,162,comp_ew,total,12
202006,2,-0.07992045940023403,161,comp_ew,total,12
202006,3,-0.13231163534383045,162,comp_ew,total,12
202006,4,-0.10200952444677455,161,comp_ew,total,12
202006,5,-0.10575481019336572,161,comp_ew,total,12
202007,1,-0.19596056748124563,161,comp_ew,total,12
202007,2,-0.20574661827342952,161,comp_ew,total,12
202007,3,-0.20028459682350747,161,comp_ew,total,12
202007,4,-0.19673572227602185,161,comp_ew,total,12
202007,5,-0.23421292097314841,160,comp_ew,total,12
202008,1,-0.2568745061814945,161,comp_ew,total,12
202008,2,-0.23486584520948,161,comp_ew,total,12
202008,3,-0.250484677192925,161,comp_ew,total,12
202008,4,-0.2437190653644527,161,comp_ew,total,12
202008,5,-0.28495497043199514,160,comp_ew,total,12
202009,1,-0.24314414543929502,160,comp_ew,total,12
202009,2,-0.24883482955952876,160,comp_ew,total,12
202009,3,-0.21563487849987045,160,comp_ew,total,12
202009,4,-0.23313326808273005,160,comp_ew,total,12
202009,5,-0.2248753978048536,160,comp_ew,total,12
202010,1,-0.23702676890392194,161,comp_ew,total,12
202010,2,-0.2068331195448382,160,comp_ew,total,12
202010,3,-0.22083437817223303,161,comp_ew,total,12
202010,4,-0.22304709685491614,160,comp_ew,total,12
202010,5,-0.21511022148322692,160,comp_ew,total,12
202011,1,-0.11124566403700073,161,comp_ew,total,12
202011,2,-0.11930080346540783,161,comp_ew,total,12
202011,3,-0.11775796770253788,160,comp_ew,total,12
202011,4,-0.06529910464620574,161,comp_ew,total,12
202011,5,-0.07789231044745831,160,comp_ew,total,12
202012,1,-0.08695050127162668,160,comp_ew,total,12
202012,2,-0.06915873145263125,160,comp_ew,total,12
202012,3,-0.10502635601114274,160,comp_ew,total,12
202012,4,-0.06787122769755075,160,comp_ew,total,12
202012,5,-8.396592331900594e-05,159,comp_ew,total,12
202101,1,0.027600524652176935,161,comp_ew,total,12
202101,2,0.011890386472343988,160,comp_ew,total,12
202101,3,0.017235851324779842,161,comp_ew,total,12
202101,4,0.06606753161221686,160,comp_ew,total,12
202101,5,0.08181325946821369,160,comp_ew,total,12
202102,1,0.05427323907783536,160,comp_ew,total,12
202102,2,0.07516219756394019,160,comp_ew,total,12
202102,3,0.10439606287099865,160,comp_ew,total,12
202102,4,0.0795239316511303,160,comp_ew,total,12
202102,5,0.12486291998848177,159,comp_ew,total,12
202103,1,0.026108390854184725,161,comp_ew,total,12
202103,2,0.046987157233090396,160,comp_ew,total,12
202103,3,0.027688795972409898,160,comp_ew,total,12
202103,4,0.0847915331426172,160,comp_ew,total,12
202103,5,0.0791581697439743,160,comp_ew,total,12
202104,1,-0.01865923072199551,160,comp_ew,total,12
202104,2,-0.02024535997458152,160,comp_ew,total,12
202104,3,0.002403810780608749,160,comp_ew,total,12
202104,4,-0.05916972921253093,160,comp_ew,total,12
202104,5,0.04723187418876395,159,comp_ew,total,12
202105,1,-0.0271937475240691,160,comp_ew,total,12
202105,2,0.010461860554676584,160,comp_ew,total,12
202105,3,-0.00027196056720608274,159,comp_ew,total,12
202105,4,0.008980045570878717,160,comp_ew,total,12
202105,5,0.05920526899748454,159,comp_ew,total,12
202106,1,0.0152644210022151,160,comp_ew,total,12
202106,2,-0.035134257048122834,160,comp_ew,total,12
202106,3,-0.01871038324533755,159,comp_ew,total,12
202106,4,0.022739686360321622,160,comp_ew,total,12
202106,5,0.016153725700688303,159,comp_ew,total,12
202107,1,-0.04909921784227245,160,comp_ew,total,12
202107,2,-0.0313231589715168,159,comp_ew,total,12
202107,3,-0.009314208965529074,159,comp_ew,total,12
202107,4,-0.03250430561116802,159,comp_ew,total,12
202107,5,-0.01120109295837323,159,comp_ew,total,12
202108,1,-0.09835588735235556,160,comp_ew,total,12
202108,2,-0.14098341797923133,159,comp_ew,total,12
202108,3,-0.11268663497358403,160,comp_ew,total,12
202108,4,-0.0991584002228632,159,comp_ew,total,12
202108,5,-0.10240871089796133,159,comp_ew,total,12
202109,1,-0.15990710103611122,160,comp_ew,total,12
202109,2,-0.1472636526546683,159,comp_ew,total,12
202109,3,-0.1553273259556137,160,comp_ew,total,12
202109,4,-0.1345744537144052,159,comp_ew,total,12
202109,5,-0.12932430305065298,159,comp_ew,total,12
202110,1,-0.0895526584979292,160,comp_ew,total,12
202110,2,-0.11383509528136905,159,comp_ew,total,12
202110,3,-0.09669949436445885,159,comp_ew,total,12
202110,4,-0.031816831765972664,159,comp_ew,total,12
202110,5,-0.0572944700752235,159,comp_ew,total,12
202111,1,-0.09585305484980584,160,comp_ew,total,12
202111,2,-0.17195633828918566,160,comp_ew,total,12
202111,3,-0.13977055492033869,159,comp_ew,total,12
202111,4,-0.1117063815584212,160,comp_ew,total,12
202111,5,-0.1272474130631954,159,comp_ew,total,12
202112,1,-0.07927412107627403,160,comp_ew,total,12
202112,2,-0.05696621994368922,159,comp_ew,total,12
202112,3,-0.036411048148988066,160,comp_ew,total,12
202112,4,-0.026241796727336716,159,comp_ew,total,12
202112,5,-0.06783473035853532,159,comp_ew,total,12
202201,1,-0.09008237917374477,160,comp_ew,total,12
202201,2,-0.11276603893869776,159,comp_ew,total,12
202201,3,-0.08101971630722664,159,comp_ew,total,12
202201,4,-0.0731414141185948,159,comp_ew,total,12
202201,5,-0.102975841401644,159,comp_ew,total,12
202202,1,0.04572851258860713,159,comp_ew,total,12
202202,2,0.03444544521965731,159,comp_ew,total,12
202202,3,0.05052360131441523,159,comp_ew,total,12
202202,4,0.058186836419044825,159,comp_ew,total,12
202202,5,0.06080317997707397,159,comp_ew,total,12
202203,1,-0.0591665713144652,159,comp_ew,total,12
202203,2,-0.09760709108968356,158,comp_ew,total,12
202203,3,-0.0793350713883858,159,comp_ew,total,12
202203,4,-0.06362747530194286,158,comp_ew,total,12
202203,5,-0.015906491040489364,158,comp_ew,total,12
202204,1,-0.04902266149251088,159,comp_ew,total,12
202204,2,-0.05526841441071759,159,comp_ew,total,12
202204,3,-0.007888102920303263,158,comp_ew,total,12
202204,4,-0.06328060727258294,159,comp_ew,total,12
202204,5,-0.02355090284626762,158,comp_ew,total,12
202205,1,-0.015902149573690922,159,comp_ew,total,12
202205,2,-0.040470906521254915,158,comp_ew,total,12
202205,3,-0.0483635104092364,158,comp_ew,total,12
202205,4,-0.04194412570755553,158,comp_ew,total,12
202205,5,-0.04364572844428783,158,comp_ew,total,12
202206,1,0.016581018692926504,158,comp_ew,total,12
202206,2,0.018660403577236667,158,comp_ew,total,12
202206,3,-0.014476686215457673,157,comp_ew,total,12
202206,4,0.015165706113046502,158,comp_ew,total,12
202206,5,0.025469107738761522,157,comp_ew,total,12
202207,1,0.07766539889606115,159,comp_ew,total,12
202207,2,0.07240480962532872,159,comp_ew,total,12
202207,3,0.0603319474443694,158,comp_ew,total,12
202207,4,0.07472236135601562,159,comp_ew,total,12
202207,5,0.08540003108232885,158,comp_ew,total,12
202208,1,0.0724816576935226,159,comp_ew,total,12
202208,2,0.06156651092325003,159,comp_ew,total,12
202208,3,0.03516945340884351,158,comp_ew,total,12
202208,4,0.07237167513181325,159,comp_ew,total,12
202208,5,0.07522726601322309,158,comp_ew,total,12
202209,1,0.1474402162850091,159,comp_ew,total,12
202209,2,0.18078610907994547,159,comp_ew,total,12
202209,3,0.07358260462052148,158,comp_ew,total,12
202209,4,0.09332184713927277,159,comp_ew,total,12
202209,5,0.182597386526262,158,comp_ew,total,12
202210,1,0.19278087607127198,158,comp_ew,total,12
202210,2,0.20031642044635295,158,comp_ew,total,12
202210,3,0.20359696101103084,158,comp_ew,total,12
202210,4,0.22753226473639845,158,comp_ew,total,12
202210,5,0.25298049707603754,158,comp_ew,total,12
202211,1,0.16690580835399776,158,comp_ew,total,12
202211,2,0.18262210829189807,158,comp_ew,total,12
202211,3,0.2208358923917101,158,comp_ew,total,12
202211,4,0.15996525840523465,158,comp_ew,total,12
202211,5,0.24090384823710173,158,comp_ew,total,12
202212,1,0.13381425485831425,158,comp_ew,total,12
202212,2,0.19515596744682373,158,comp_ew,total,12
202212,3,0.18070154089261098,158,comp_ew,total,12
202212,4,0.16192777539605818,158,comp_ew,total,12
202212,5,0.12845719174681766,157,comp_ew,total,12
202301,1,0.1816570821174852,158,comp_ew,total,12
202301,2,0.19728180029283265,157,comp_ew,total,12
202301,3,0.15817255006037745,158,comp_ew,total,12
202301,4,0.17832151936191531,157,comp_ew,total,12
202301,5,0.21714726641885956,157,comp_ew,total,12
202302,1,0.15337726514531025,158,comp_ew,total,12
202302,2,0.13312398259885358,157,comp_ew,total,12
202302,3,0.15593977700376624,157,comp_ew,total,12
202302,4,0.16015978023983948,157,comp_ew,total,12
202302,5,0.13339498748705872,157,comp_ew,total,12
202303,1,0.28147715705829374,158,comp_ew,total,12
202303,2,0.32394590211200824,158,comp_ew,total,12
202303,3,0.3183752892152344,158,comp_ew,total,12
202303,4,0.3517211955123717,158,comp_ew,total,12
202303,5,0.31566025109981066,157,comp_ew,total,12
202304,1,0.11267322562886761,158,comp_ew,total,12
202304,2,0.1488914703985786,158,comp_ew,total,12
202304,3,0.14775512224244997,157,comp_ew,total,12
202304,4,0.18901837578354497,158,comp_ew,total,12
202304,5,0.22196170851526906,157,comp_ew,total,12
202305,1,-0.016762186187441297,158,comp_ew,total,12
202305,2,0.020211418309902692,158,comp_ew,total,12
202305,3,0.05212856473952986,158,comp_ew,total,12
202305,4,0.04353851225905234,158,comp_ew,total,12
202305,5,0.06643444485413287,158,comp_ew,total,12
202306,1,-0.015098069435560154,157,comp_ew,total,12
202306,2,0.045615119146884264,157,comp_ew,total,12
202306,3,-0.009426945991884605,157,comp_ew,total,12
202306,4,0.04173417504834604,157,comp_ew,total,12
202306,5,0.060980268513716906,156,comp_ew,total,12
202307,1,0.12864695814465693,158,comp_ew,total,12
202307,2,0.13331763239843478,157,comp_ew,total,12
202307,3,0.12952616190291086,158,comp_ew,total,12
202307,4,0.16648467667555897,157,comp_ew,total,12
202307,5,0.12506834809479248,157,comp_ew,total,12
202308,1,0.3266660130496438,157,comp_ew,total,12
202308,2,0.3415108784316595,157,comp_ew,total,12
202308,3,0.3510604693443878,156,comp_ew,total,12
202308,4,0.32085897386210316,157,comp_ew,total,12
202308,5,0.3996053418434338,156,comp_ew,total,12
202309,1,0.26682087395164616,157,comp_ew,total,12
202309,2,0.33830071020936536,157,comp_ew,total,12
202309,3,0.3675233305238212,156,comp_ew,total,12
202309,4,0.3478107268020665,157,comp_ew,total,12
202309,5,0.32670607980750566,156,comp_ew,total,12
202310,1,0.1954291994709986,157,comp_ew,total,12
202310,2,0.26817737615230663,156,comp_ew,total,12
202310,3,0.27956831068097315,157,comp_ew,total,12
202310,4,0.27483859975034547,156,comp_ew,total,12
202310,5,0.29563298387781256,156,comp_ew,total,12
202311,1,0.3216710613139998,156,comp_ew,total,12
202311,2,0.3212782748349053,156,comp_ew,total,12
202311,3,0.3544719219552467,156,comp_ew,total,12
202311,4,0.30513967699298883,156,comp_ew,total,12
202311,5,0.37846460799401954,156,comp_ew,total,12
202312,1,0.3928887406720723,156,comp_ew,total,12
202312,2,0.32584037313072084,156,comp_ew,total,12
202312,3,0.37330548407129793,156,comp_ew,total,12
202312,4,0.3403548266015118,156,comp_ew,total,12
202312,5,0.3926826885692299,156,comp_ew,total,12
202401,1,0.4912154462376944,156,comp_ew,total,12
202401,2,0.39926716632355413,156,comp_ew,total,12
202401,3,0.4941402949962369,156,comp_ew,total,12
202401,4,0.4647684431075639,156,comp_ew,total,12
202401,5,0.46298164017637417,156,comp_ew,total,12
202402,1,0.26719431800504256,156,comp_ew,total,12
202402,2,0.25115414366695926,155,comp_ew,total,12
202402,3,0.3158762803022397,156,comp_ew,total,12
202402,4,0.3012271155523267,155,comp_ew,total,12
202402,5,0.2676773955908268,155,comp_ew,total,12
202403,1,0.25167469027269834,156,comp_ew,total,12
202403,2,0.3603675403893685,156,comp_ew,total,12
202403,3,0.38379351783199284,156,comp_ew,total,12
202403,4,0.32648265085529177,156,comp_ew,total,12
202403,5,0.35649963089477765,155,comp_ew,total,12
202404,1,0.48223915939044254,155,comp_ew,total,12
202404,2,0.4999540584863347,155,comp_ew,total,12
202404,3,0.48638829983940424,155,comp_ew,total,12
202404,4,0.5734239359446783,155,comp_ew,total,12
202404,5,0.5548613974937998,155,comp_ew,total,12
202405,1,0.6826761932721873,155,comp_ew,total,12
202405,2,0.6970101916490864,155,comp_ew,total,12
202405,3,0.6529917562401029,154,comp_ew,total,12
202405,4,0.6709986771743421,155,comp_ew,total,12
202405,5,0.7000709317174039,154,comp_ew,total,12
202406,1,0.8316243843621792,155,comp_ew,total,12
202406,2,0.7663094477480145,155,comp_ew,total,12
202406,3,0.7896395889647528,155,comp_ew,total,12
202406,4,0.7983858428887713,155,comp_ew,total,12
202406,5,0.8305558684161092,154,comp_ew,total,12
202407,1,0.5267680014503556,156,comp_ew,total,12
202407,2,0.5072527026935044,155,comp_ew,total,12
202407,3,0.5360364831058779,155,comp_ew,total,12
202407,4,0.5559551764476447,155,comp_ew,total,12
202407,5,0.5884281828457233,155,comp_ew,total,12
202408,1,0.30648709292264026,155,comp_ew,total,12
202408,2,0.2634713427924327,155,comp_ew,total,12
202408,3,0.2868212532559354,154,comp_ew,total,12
202408,4,0.29585192224148466,155,comp_ew,total,12
202408,5,0.3125450801003707,154,comp_ew,total,12
202409,1,0.029777056819115324,155,comp_ew,total,12
202409,2,0.07013633748264683,154,comp_ew,total,12
202409,3,0.06904756289790384,155,comp_ew,total,12
202409,4,0.09387465323428938,154,comp_ew,total,12
202409,5,0.0633245976933233,154,comp_ew,total,12
202410,1,0.06702893841753342,155,comp_ew,total,12
202410,2,0.13946996390105032,154,comp_ew,total,12
202410,3,0.05841714800225895,154,comp_ew,total,12
202410,4,0.10947705052565607,154,comp_ew,total,12
202410,5,0.1287886254404211,154,comp_ew,total,12
202411,1,-0.044025003263256736,155,comp_ew,total,12
202411,2,-0.04319489591716431,154,comp_ew,total,12
202411,3,-0.006029405480499586,155,comp_ew,total,12
202411,4,-0.0119806298650415,154,comp_ew,total,12
202411,5,0.0013163749532921073,154,comp_ew,total,12
202412,1,-0.0356064188576382,155,comp_ew,total,12
202412,2,-0.09811243815453882,154,comp_ew,total,12
202412,3,-0.06986024375140706,154,comp_ew,total,12
202412,4,-0.054658847024161884,154,comp_ew,total,12
202412,5,-0.07113300289491221,154,comp_ew,total,12
202501,1,-0.050209315754906225,154,comp_ew,total,12
202501,2,-0.03208669133156249,154,comp_ew,total,12
202501,3,-0.0012543756875345532,154,comp_ew,total,12
202501,4,-0.05257943302844939,154,comp_ew,total,12
202501,5,-0.014786888738194896,153,comp_ew,total,12
202502,1,0.0580970259996099,154,comp_ew,total,12
202502,2,0.06504523208474701,153,comp_ew,total,12
202502,3,0.14115401271092567,154,comp_ew,total,12
202502,4,0.08731371058734372,153,comp_ew,total,12
202502,5,0.103220064066915,153,comp_ew,total,12
202503,1,-0.008215915314182304,153,comp_ew,total,12
202503,2,0.01346782849494563,153,comp_ew,total,12
202503,3,0.014281684505591256,153,comp_ew,total,12
202503,4,0.04382968139609313,153,comp_ew,total,12
202503,5,0.05714735137929427,153,comp_ew,total,12
202504,1,0.028087026599787596,153,comp_ew,total,12
202504,2,0.08216340491763713,152,comp_ew,total,12
202504,3,0.03528452130095217,153,comp_ew,total,12
202504,4,0.014268739796864804,152,comp_ew,total,12
202504,5,0.05966521774541151,152,comp_ew,total,12
202505,1,0.06818417714253112,153,comp_ew,total,12
202505,2,0.03171228919510175,153,comp_ew,total,12
202505,3,0.07069001545835997,152,comp_ew,total,12
202505,4,0.05868753551539968,153,comp_ew,total,12
202505,5,0.06619735907931266,152,comp_ew,total,12
202506,1,0.10815389267869807,153,comp_ew,total,12
202506,2,0.09301840822643738,153,comp_ew,total,12
202506,3,0.10690029173748894,152,comp_ew,total,12
202506,4,0.10419447476041857,153,comp_ew,total,12
202506,5,0.09804344036711785,152,comp_ew,total,12
202507,1,0.16745223855116187,153,comp_ew,total,12
202507,2,0.2066524344461326,153,comp_ew,total,12
202507,3,0.19325439207498277,152,comp_ew,total,12
202507,4,0.21547748269541123,153,comp_ew,total,12
202507,5,0.20806178736231318,152,comp_ew,total,12
200801,1,-0.0164166599441379,143,comp_ew,specific,1
200801,2,-0.013699583527948077,142,comp_ew,specific,1
200801,3,-0.011265906463765971,142,comp_ew,specific,1
200801,4,0.013189256880282116,142,comp_ew,specific,1
200801,5,0.01677268945559113,142,comp_ew,specific,1
200802,1,-0.012168300639988364,143,comp_ew,specific,1
200802,2,-0.012668199129555467,142,comp_ew,specific,1
200802,3,-0.004278844867891954,142,comp_ew,specific,1
200802,4,0.006986689089633289,142,comp_ew,specific,1
200802,5,0.01603923119997699,142,comp_ew,specific,1
200803,1,-0.009014623341539064,144,comp_ew,specific,1
200803,2,-0.0030629315179685414,143,comp_ew,specific,1
200803,3,0.004890230870275275,144,comp_ew,specific,1
200803,4,0.0008847345888658357,143,comp_ew,specific,1
200803,5,0.0155878505496853,143,comp_ew,specific,1
200804,1,-0.01759353952658431,144,comp_ew,specific,1
200804,2,-0.012136507509973193,143,comp_ew,specific,1
200804,3,0.0005745228396608787,144,comp_ew,specific,1
200804,4,0.0035892237389215597,143,comp_ew,specific,1
200804,5,-0.0032661495540602216,143,comp_ew,specific,1
200805,1,0.0008825500873922597,143,comp_ew,specific,1
200805,2,-0.019771076111766806,143,comp_ew,specific,1
200805,3,0.0004325108062717913,143,comp_ew,specific,1
200805,4,0.016067520532629727,143,comp_ew,specific,1
200805,5,0.011916998585156418,142,comp_ew,specific,1
200806,1,-0.011858599672064096,145,comp_ew,specific,1
200806,2,-0.007063009844367769,144,comp_ew,specific,1
200806,3,0.0040971307501303416,145,comp_ew,specific,1
200806,4,0.0017464209285272027,144,comp_ew,specific,1
200806,5,0.009741456930314286,144,comp_ew,specific,1
200807,1,-0.008241965178362015,145,comp_ew,specific,1
200807,2,-0.002701369623256906,145,comp_ew,specific,1
200807,3,0.0010613436566076935,145,comp_ew,specific,1
200807,4,0.011849080571603407,145,comp_ew,specific,1
200807,5,0.00873357633573127,145,comp_ew,specific,1
200808,1,0.00078577666602587,146,comp_ew,specific,1
200808,2,0.008946538804794358,145,comp_ew,specific,1
200808,3,0.0012848575053004006,145,comp_ew,specific,1
200808,4,0.0069830224674506825,145,comp_ew,specific,1
200808,5,0.008409363445810366,145,comp_ew,specific,1
200809,1,0.00069922635199125,145,comp_ew,specific,1
200809,2,-0.006440413368675684,145,comp_ew,specific,1
200809,3,0.00739132534092456,145,comp_ew,specific,1
200809,4,-0.017687706627949537,145,comp_ew,specific,1
200809,5,0.009765922484168953,144,comp_ew,specific,1
200810,1,-0.01013182822304773,146,comp_ew,specific,1
200810,2,-0.004944849414208853,146,comp_ew,specific,1
200810,3,-0.008344545329958456,145,comp_ew,specific,1
200810,4,0.0015446976541205722,146,comp_ew,specific,1
200810,5,0.004227618052370715,145,comp_ew,specific,1
200811,1,-0.013832027241457798,147,comp_ew,specific,1
200811,2,-0.009444368070225202,147,comp_ew,specific,1
200811,3,-0.011194555629476606,147,comp_ew,specific,1
200811,4,0.002015726555293243,147,comp_ew,specific,1
200811,5,0.012151601257951346,147,comp_ew,specific,1
200812,1,-0.020134446726068546,147,comp_ew,specific,1
200812,2,0.0008905468535770278,147,comp_ew,specific,1
200812,3,0.0005232115313650727,147,comp_ew,specific,1
200812,4,0.0066803680688463495,147,comp_ew,specific,1
200812,5,0.014717660170223386,146,comp_ew,specific,1
200901,1,-0.0073083196969207145,147,comp_ew,specific,1
200901,2,-0.011717662862819722,147,comp_ew,specific,1
200901,3,-0.0064575087434254625,147,comp_ew,specific,1
200901,4,-0.009892849667782082,147,comp_ew,specific,1
200901,5,0.006836665115439996,147,comp_ew,specific,1
200902,1,-0.00661286556697353,148,comp_ew,specific,1
200902,2,0.0016416165852081374,148,comp_ew,specific,1
200902,3,0.009075068431735148,148,comp_ew,specific,1
200902,4,0.005064352109893772,148,comp_ew,specific,1
200902,5,0.013306905316462971,148,comp_ew,specific,1
200903,1,-0.009024550545325164,148,comp_ew,specific,1
200903,2,0.00011680350529032695,148,comp_ew,specific,1
200903,3,-0.008071937240543735,148,comp_ew,specific,1
200903,4,0.007765706085886263,148,comp_ew,specific,1
200903,5,0.0031682153724939192,148,comp_ew,specific,1
200904,1,-0.0008810534756249894,150,comp_ew,specific,1
200904,2,0.006718407391045903,149,comp_ew,specific,1
200904,3,-0.00786609865855353,149,comp_ew,specific,1
200904,4,-0.0032502254136087213,149,comp_ew,specific,1
200904,5,0.004925619340958027,149,comp_ew,specific,1
200905,1,-0.0008340455183753515,150,comp_ew,specific,1
200905,2,-0.0012039594590040384,149,comp_ew,specific,1
200905,3,-0.00819071600552599,149,comp_ew,specific,1
200905,4,-0.002061224570783584,149,comp_ew,specific,1
200905,5,0.004537155115979146,149,comp_ew,specific,1
200906,1,-0.002808554182701132,150,comp_ew,specific,1
200906,2,0.0037937855627349333,149,comp_ew,specific,1
200906,3,-0.007832767602558785,150,comp_ew,specific,1
200906,4,0.0032784951134847205,149,comp_ew,specific,1
200906,5,0.011720213621715114,149,comp_ew,specific,1
200907,1,-0.0018341164345309175,151,comp_ew,specific,1
200907,2,0.0047941555606471,150,comp_ew,specific,1
200907,3,0.009810665801873715,151,comp_ew,specific,1
200907,4,0.007470088526846932,150,comp_ew,specific,1
200907,5,0.009217041456841334,150,comp_ew,specific,1
200908,1,-0.011402087292754196,152,comp_ew,specific,1
200908,2,-0.005890348624803305,151,comp_ew,specific,1
200908,3,-0.004266900586551595,151,comp_ew,specific,1
200908,4,0.0069083818988869596,151,comp_ew,specific,1
200908,5,0.017658534317582818,151,comp_ew,specific,1
200909,1,-0.015159960115688252,152,comp_ew,specific,1
200909,2,-0.004361673417447552,152,comp_ew,specific,1
200909,3,-0.0033653482453375044,151,comp_ew,specific,1
200909,4,-0.0038452928428756262,152,comp_ew,specific,1
200909,5,0.005544569584028357,151,comp_ew,specific,1
200910,1,-0.011458082477772873,152,comp_ew,specific,1
200910,2,-0.005800618482506744,152,comp_ew,specific,1
200910,3,0.006093427703013388,152,comp_ew,specific,1
200910,4,0.005407844261199661,152,comp_ew,specific,1
200910,5,0.000818558982756477,152,comp_ew,specific,1
200911,1,-0.013547334360628036,152,comp_ew,specific,1
200911,2,-0.011188871942080824,152,comp_ew,specific,1
200911,3,-0.0021494193050907657,152,comp_ew,specific,1
200911,4,0.0023074808986883228,152,comp_ew,specific,1
200911,5,0.01276285933489075,152,comp_ew,specific,1
200912,1,-0.010270454361168099,153,comp_ew,specific,1
200912,2,-0.0006702370771499854,152,comp_ew,specific,1
200912,3,0.0030970786072111504,152,comp_ew,specific,1
200912,4,0.011001079325887557,152,comp_ew,specific,1
200912,5,0.016623716398531902,152,comp_ew,specific,1
201001,1,-0.008553080622808422,153,comp_ew,specific,1
201001,2,-0.0013581262600759103,153,comp_ew,specific,1
201001,3,-0.0026225812324029503,152,comp_ew,specific,1
201001,4,-0.0023327684424048695,153,comp_ew,specific,1
201001,5,0.008474181373901208,152,comp_ew,specific,1
201002,1,0.004288120839230578,153,comp_ew,specific,1
201002,2,-0.01055657747436455,153,comp_ew,specific,1
201002,3,-0.006641566945904211,152,comp_ew,specific,1
201002,4,0.004616702637127021,153,comp_ew,specific,1
201002,5,0.009057543310813465,152,comp_ew,specific,1
201003,1,-0.003985060482002308,153,comp_ew,specific,1
201003,2,-0.0011095960549385789,153,comp_ew,specific,1
201003,3,-0.005883114940458203,153,comp_ew,specific,1
201003,4,0.00306430915363242,153,comp_ew,specific,1
201003,5,0.004551317430788681,153,comp_ew,specific,1
201004,1,-0.004987557680093827,154,comp_ew,specific,1
201004,2,-0.013621655441724454,153,comp_ew,specific,1
201004,3,0.0016865280308577014,153,comp_ew,specific,1
201004,4,0.006311470732272297,153,comp_ew,specific,1
201004,5,0.011855980931125477,153,comp_ew,specific,1
201005,1,-0.007767838807719284,155,comp_ew,specific,1
201005,2,-0.004826967390912094,154,comp_ew,specific,1
201005,3,0.008931885496060676,155,comp_ew,specific,1
201005,4,0.004403384477706378,154,comp_ew,specific,1
201005,5,0.01788580792451173,154,comp_ew,specific,1
201006,1,-0.01010940652359664,155,comp_ew,specific,1
201006,2,-0.01886452778442776,155,comp_ew,specific,1
201006,3,0.0029163868677702666,155,comp_ew,specific,1
201006,4,0.009073608320364737,155,comp_ew,specific,1
201006,5,0.00046050349607273494,155,comp_ew,specific,1
201007,1,-0.008076844625220226,156,comp_ew,specific,1
201007,2,-0.0070872440703586385,156,comp_ew,specific,1
201007,3,0.0026952184910152407,155,comp_ew,specific,1
201007,4,-0.0016384766338593466,156,comp_ew,specific,1
201007,5,-0.0028672917470380145,155,comp_ew,specific,1
201008,1,-0.009652257338763195,156,comp_ew,specific,1
201008,2,-0.0013389716280124424,156,comp_ew,specific,1
201008,3,-0.0032429188598677053,155,comp_ew,specific,1
201008,4,0.0008402272734674681,156,comp_ew,specific,1
201008,5,0.000364058275545071,155,comp_ew,specific,1
201009,1,-0.009679677357552048,157,comp_ew,specific,1
201009,2,-0.007672013919535801,156,comp_ew,specific,1
201009,3,-0.0035200105248932422,156,comp_ew,specific,1
201009,4,0.01882917689240237,156,comp_ew,specific,1
201009,5,0.014940785636381114,156,comp_ew,specific,1
201010,1,-0.01380114878253134,156,comp_ew,specific,1
201010,2,-0.0012718793482898235,155,comp_ew,specific,1
201010,3,0.00730034107568726,155,comp_ew,specific,1
201010,4,0.011323326567782654,155,comp_ew,specific,1
201010,5,0.010442744598150385,155,comp_ew,specific,1
201011,1,-0.009437563181610426,156,comp_ew,specific,1
201011,2,-0.012238169022215625,156,comp_ew,specific,1
201011,3,0.002576055918772403,156,comp_ew,specific,1
201011,4,0.0019385435251675649,156,comp_ew,specific,1
201011,5,0.012247364113021443,155,comp_ew,specific,1
201012,1,-0.0061124360371755644,157,comp_ew,specific,1
201012,2,0.0015310310602460347,157,comp_ew,specific,1
201012,3,0.0025485176005711893,156,comp_ew,specific,1
201012,4,-0.0030623178717620997,157,comp_ew,specific,1
201012,5,0.015631754357213156,156,comp_ew,specific,1
201101,1,-0.016697990855728144,157,comp_ew,specific,1
201101,2,0.00042368645039081497,156,comp_ew,specific,1
201101,3,0.0020855134291872103,157,comp_ew,specific,1
201101,4,0.0058372933544517626,156,comp_ew,specific,1
201101,5,0.015844415673471876,156,comp_ew,specific,1
201102,1,-0.004533918096533949,158,comp_ew,specific,1
201102,2,-0.0012601272666802324,157,comp_ew,specific,1
201102,3,0.004325392105857437,158,comp_ew,specific,1
201102,4,0.004711739503392278,157,comp_ew,specific,1
201102,5,0.025480579794856663,157,comp_ew,specific,1
201103,1,-0.016756880346804004,158,comp_ew,specific,1
201103,2,0.004284836479615131,158,comp_ew,specific,1
201103,3,-0.003320073711633827,158,comp_ew,specific,1
201103,4,0.008072512416820917,158,comp_ew,specific,1
201103,5,0.003279223812552834,157,comp_ew,specific,1
201104,1,-0.009142442637027123,159,comp_ew,specific,1
201104,2,-0.012996539407509033,159,comp_ew,specific,1
201104,3,0.0033384712138691775,159,comp_ew,specific,1
201104,4,0.010237328737056843,159,comp_ew,specific,1
201104,5,0.01375529390632281,158,comp_ew,specific,1
201105,1,-0.008061399757149259,160,comp_ew,specific,1
201105,2,-0.006088864828418276,159,comp_ew,specific,1
201105,3,-0.01006816337650451,160,comp_ew,specific,1
201105,4,0.007551460629300349,159,comp_ew,specific,1
201105,5,0.004877000183155276,159,comp_ew,specific,1
201106,1,-0.0024698302034687953,160,comp_ew,specific,1
201106,2,-0.0014180766333773184,160,comp_ew,specific,1
201106,3,0.010124633362364467,160,comp_ew,specific,1
201106,4,0.002676959571333997,160,comp_ew,specific,1
201106,5,0.007011262789747341,159,comp_ew,specific,1
201107,1,-0.004283915530918851,161,comp_ew,specific,1
201107,2,-0.0019840859106736762,161,comp_ew,specific,1
201107,3,-0.0056421864414896,160,comp_ew,specific,1
201107,4,0.01033907983427279,161,comp_ew,specific,1
201107,5,8.606133600742799e-05,160,comp_ew,specific,1
201108,1,-0.004660542328938584,161,comp_ew,specific,1
201108,2,-0.005316768367992098,161,comp_ew,specific,1
201108,3,-0.002150287673924349,160,comp_ew,specific,1
201108,4,-0.0011112401174597417,161,comp_ew,specific,1
201108,5,0.013063641766985037,160,comp_ew,specific,1
201109,1,-0.01279722519011606,161,comp_ew,specific,1
201109,2,-0.015422981985232665,160,comp_ew,specific,1
201109,3,-0.011519221936752363,161,comp_ew,specific,1
201109,4,0.008099467922182335,160,comp_ew,specific,1
201109,5,0.015268027890815841,160,comp_ew,specific,1
201110,1,-0.001506102508217947,161,comp_ew,specific,1
201110,2,-0.009062873355498234,161,comp_ew,specific,1
201110,3,-0.01911808906628726,161,comp_ew,specific,1
201110,4,0.008327427449650794,161,comp_ew,specific,1
201110,5,-0.0018935381473386096,161,comp_ew,specific,1
201111,1,-0.014279808041106816,162,comp_ew,specific,1
201111,2,0.0007774146438591314,161,comp_ew,specific,1
201111,3,-0.0012825658553474513,161,comp_ew,specific,1
201111,4,0.00474649851217101,161,comp_ew,specific,1
201111,5,0.00382213322758941,161,comp_ew,specific,1
201112,1,-0.007760476597093843,161,comp_ew,specific,1
201112,2,-0.0018527835678991357,161,comp_ew,specific,1
201112,3,-0.008500893663332875,161,comp_ew,specific,1
201112,4,0.010652726131162043,161,comp_ew,specific,1
201112,5,0.00668188460934383,160,comp_ew,specific,1
201201,1,-0.006028249428656155,161,comp_ew,specific,1
201201,2,-0.002391036476084665,161,comp_ew,specific,1
201201,3,0.0032442319925525577,161,comp_ew,specific,1
201201,4,-0.0037753942532027687,161,comp_ew,specific,1
201201,5,0.013337347906714692,160,comp_ew,specific,1
201202,1,-0.008972149269350476,162,comp_ew,specific,1
201202,2,0.002343513561762847,162,comp_ew,specific,1
201202,3,-0.005260645394913701,161,comp_ew,specific,1
201202,4,0.015174180050408116,162,comp_ew,specific,1
201202,5,0.011992778895635799,161,comp_ew,specific,1
201203,1,-0.019278071340735715,162,comp_ew,specific,1
201203,2,-0.0165723721189329,162,comp_ew,specific,1
201203,3,0.0015467972298365746,162,comp_ew,specific,1
201203,4,-0.0025929704861559757,162,comp_ew,specific,1
201203,5,0.004039326115883768,162,comp_ew,specific,1
201204,1,0.0035214735993239644,162,comp_ew,specific,1
201204,2,-0.006829193394235933,162,comp_ew,specific,1
201204,3,-0.010257633193669367,162,comp_ew,specific,1
201204,4,0.0016244440370380049,162,comp_ew,specific,1
201204,5,0.008439973289399674,162,comp_ew,specific,1
201205,1,-0.002909101965268262,163,comp_ew,specific,1
201205,2,0.0026907868842598625,162,comp_ew,specific,1
201205,3,0.005000219826932141,162,comp_ew,specific,1
201205,4,0.0009577594872566415,162,comp_ew,specific,1
201205,5,0.005587088634887863,162,comp_ew,specific,1
201206,1,-0.018428561420722366,164,comp_ew,specific,1
201206,2,-0.011500072640571558,163,comp_ew,specific,1
201206,3,0.005906685728214107,163,comp_ew,specific,1
201206,4,-0.007679105875862411,163,comp_ew,specific,1
201206,5,0.0002665005386289386,163,comp_ew,specific,1
201207,1,-0.035091669784965265,164,comp_ew,specific,1
201207,2,-0.007099926500443202,163,comp_ew,specific,1
201207,3,0.006967606983272526,163,comp_ew,specific,1
201207,4,0.004453572469426745,163,comp_ew,specific,1
201207,5,0.013102789885311753,163,comp_ew,specific,1
201208,1,-0.008587191071576876,164,comp_ew,specific,1
201208,2,-0.004034243099121767,164,comp_ew,specific,1
201208,3,0.010740631194266902,164,comp_ew,specific,1
201208,4,0.005440035122446739,164,comp_ew,specific,1
201208,5,0.009942979039610497,163,comp_ew,specific,1
201209,1,-0.011731599104374294,164,comp_ew,specific,1
201209,2,-0.00038657301900970345,164,comp_ew,specific,1
201209,3,-0.0019923767685722234,164,comp_ew,specific,1
201209,4,0.0010402538204785444,164,comp_ew,specific,1
201209,5,0.009059088231110882,163,comp_ew,specific,1
201210,1,-0.00026223286450327885,165,comp_ew,specific,1
201210,2,0.0065376816920049595,165,comp_ew,specific,1
201210,3,-0.0007665838094836162,164,comp_ew,specific,1
201210,4,0.007308273854867642,165,comp_ew,specific,1
201210,5,0.013728998224023604,164,comp_ew,specific,1
201211,1,-0.008898137670007158,165,comp_ew,specific,1
201211,2,-0.0039495837083634005,165,comp_ew,specific,1
201211,3,-0.007281971456762836,165,comp_ew,specific,1
201211,4,0.007269013873988663,165,comp_ew,specific,1
201211,5,0.005753498814815909,164,comp_ew,specific,1
201212,1,-0.0033399093245391398,165,comp_ew,specific,1
201212,2,-0.004834783361432749,165,comp_ew,specific,1
201212,3,0.0004134116383665141,165,comp_ew,specific,1
201212,4,0.00036141428922071764,165,comp_ew,specific,1
201212,5,0.007564542740410955,164,comp_ew,specific,1
201301,1,-0.0005640443630170973,165,comp_ew,specific,1
201301,2,0.009459815193730977,164,comp_ew,specific,1
201301,3,0.003257680804342766,165,comp_ew,specific,1
201301,4,0.0059759322935078055,164,comp_ew,specific,1
201301,5,0.0012242082915066837,164,comp_ew,specific,1
201302,1,-0.00501395100608626,165,comp_ew,specific,1
201302,2,-0.002161472884941604,164,comp_ew,specific,1
201302,3,-6.688522652660323e-05,165,comp_ew,specific,1
201302,4,0.002777388460079945,164,comp_ew,specific,1
201302,5,0.001511180656807955,164,comp_ew,specific,1
201303,1,0.00042320027570422143,165,comp_ew,specific,1
201303,2,0.005965566770648632,164,comp_ew,specific,1
201303,3,-0.01386408040877771,164,comp_ew,specific,1
201303,4,0.012599534753763292,164,comp_ew,specific,1
201303,5,0.004760115143826708,164,comp_ew,specific,1
201304,1,-0.010956316029757666,165,comp_ew,specific,1
201304,2,0.0035876965571860144,165,comp_ew,specific,1
201304,3,-0.0009330572804818264,165,comp_ew,specific,1
201304,4,0.0002837322383378024,165,comp_ew,specific,1
201304,5,0.00950817945833611,164,comp_ew,specific,1
201305,1,-0.011347076827268146,166,comp_ew,specific,1
201305,2,-0.00863663255011524,165,comp_ew,specific,1
201305,3,0.000994946133944312,165,comp_ew,specific,1
201305,4,0.009918045332358408,165,comp_ew,specific,1
201305,5,0.017278929802177677,165,comp_ew,specific,1
201306,1,-0.0060568154756224825,166,comp_ew,specific,1
201306,2,-0.002280383512959007,165,comp_ew,specific,1
201306,3,-0.010777483251004714,165,comp_ew,specific,1
201306,4,0.009835043644149917,165,comp_ew,specific,1
201306,5,0.007821297317671254,165,comp_ew,specific,1
201307,1,-0.011865733800986832,166,comp_ew,specific,1
201307,2,-0.013877502591962045,166,comp_ew,specific,1
201307,3,-0.004885711486143797,166,comp_ew,specific,1
201307,4,-3.0236575247842836e-05,166,comp_ew,specific,1
201307,5,0.008334187879992324,166,comp_ew,specific,1
201308,1,-0.006628572186594156,166,comp_ew,specific,1
201308,2,-0.009973915896516576,165,comp_ew,specific,1
201308,3,0.005521695260498377,166,comp_ew,specific,1
201308,4,0.011915645860089974,165,comp_ew,specific,1
201308,5,0.005198244401420238,165,comp_ew,specific,1
201309,1,-0.008992955406176421,166,comp_ew,specific,1
201309,2,-0.008715736481940494,166,comp_ew,specific,1
201309,3,0.01748664068138389,165,comp_ew,specific,1
201309,4,0.0051435586238468625,166,comp_ew,specific,1
201309,5,0.012652524881684534,165,comp_ew,specific,1
201310,1,-0.005154656757196272,166,comp_ew,specific,1
201310,2,-0.0011671352552471384,166,comp_ew,specific,1
201310,3,0.007239316739806357,165,comp_ew,specific,1
201310,4,0.013628756460172732,166,comp_ew,specific,1
201310,5,0.018134741547982253,165,comp_ew,specific,1
201311,1,-0.007426709402380791,166,comp_ew,specific,1
201311,2,0.0036569708148051125,166,comp_ew,specific,1
201311,3,0.0014597684814980113,166,comp_ew,specific,1
201311,4,0.0033780266682340073,166,comp_ew,specific,1
201311,5,0.0009982254553043276,166,comp_ew,specific,1
201312,1,-0.006131042756156914,167,comp_ew,specific,1
201312,2,-0.0003464951592729289,166,comp_ew,specific,1
201312,3,0.0051560064305127724,166,comp_ew,specific,1
201312,4,0.02091982138380505,166,comp_ew,specific,1
201312,5,0.001259392703900232,166,comp_ew,specific,1
201401,1,-0.01933705700884516,167,comp_ew,specific,1
201401,2,-0.010331952717759588,167,comp_ew,specific,1
201401,3,-0.00853063364584558,167,comp_ew,specific,1
201401,4,0.005278271777910185,167,comp_ew,specific,1
201401,5,0.02304282506073319,167,comp_ew,specific,1
201402,1,-0.007776817763001847,167,comp_ew,specific,1
201402,2,-0.0073256501012814775,167,comp_ew,specific,1
201402,3,-0.009607607174196174,167,comp_ew,specific,1
201402,4,0.000329248956302073,167,comp_ew,specific,1
201402,5,0.005882790508731144,166,comp_ew,specific,1
201403,1,-0.017261160224837407,168,comp_ew,specific,1
201403,2,-0.006002997200588681,167,comp_ew,specific,1
201403,3,-0.006025807085489082,168,comp_ew,specific,1
201403,4,0.007393303383483605,167,comp_ew,specific,1
201403,5,0.017439752400287455,167,comp_ew,specific,1
201404,1,-0.006228301970505529,168,comp_ew,specific,1
201404,2,-0.009616004191721499,168,comp_ew,specific,1
201404,3,0.004220023603025756,168,comp_ew,specific,1
201404,4,0.01118941515231349,168,comp_ew,specific,1
201404,5,0.007734760749792904,168,comp_ew,specific,1
201405,1,0.006551415040845254,169,comp_ew,specific,1
201405,2,0.0024389513390412564,169,comp_ew,specific,1
201405,3,-0.011305435934035497,169,comp_ew,specific,1
201405,4,0.002368552159106931,169,comp_ew,specific,1
201405,5,0.005816182232745785,168,comp_ew,specific,1
201406,1,-0.00495185935475358,169,comp_ew,specific,1
201406,2,0.00508202273139171,169,comp_ew,specific,1
201406,3,-0.0013771513492975146,169,comp_ew,specific,1
201406,4,0.0013846401909244777,169,comp_ew,specific,1
201406,5,0.0010166801103180035,169,comp_ew,specific,1
201407,1,-0.009047259524208155,170,comp_ew,specific,1
201407,2,0.0005043532855468966,170,comp_ew,specific,1
201407,3,0.007427405638162425,169,comp_ew,specific,1
201407,4,-0.0008169156865809044,170,comp_ew,specific,1
201407,5,0.017825102523392852,169,comp_ew,specific,1
201408,1,-0.016322175895942162,171,comp_ew,specific,1
201408,2,-0.006165740774075375,170,comp_ew,specific,1
201408,3,0.0035381197934899935,170,comp_ew,specific,1
201408,4,0.012756512331070684,170,comp_ew,specific,1
201408,5,0.024287413825681788,170,comp_ew,specific,1
201409,1,-0.010090100656926827,171,comp_ew,specific,1
201409,2,-0.008854342413605104,170,comp_ew,specific,1
201409,3,0.004489034078015655,171,comp_ew,specific,1
201409,4,0.004870063110243116,170,comp_ew,specific,1
201409,5,-0.0041539707790402905,170,comp_ew,specific,1
201410,1,-0.00304043299245176,170,comp_ew,specific,1
201410,2,-0.008049698828038864,170,comp_ew,specific,1
201410,3,0.004691934004251584,169,comp_ew,specific,1
201410,4,0.005862480377274381,170,comp_ew,specific,1
201410,5,0.011674962351265914,169,comp_ew,specific,1
201411,1,-0.009783009494756294,171,comp_ew,specific,1
201411,2,-0.0034325661566862813,171,comp_ew,specific,1
201411,3,-0.003526671267544204,170,comp_ew,specific,1
201411,4,0.0071416903991699705,171,comp_ew,specific,1
201411,5,0.004748137820090842,170,comp_ew,specific,1
201412,1,-0.010812306531449899,171,comp_ew,specific,1
201412,2,0.002971272941043885,170,comp_ew,specific,1
201412,3,0.010033189478158951,171,comp_ew,specific,1
201412,4,0.0028682268774518314,170,comp_ew,specific,1
201412,5,0.009214371761668776,170,comp_ew,specific,1
201501,1,0.006228224273529974,170,comp_ew,specific,1
201501,2,0.006353803021580171,169,comp_ew,specific,1
201501,3,0.0014807207469505555,170,comp_ew,specific,1
201501,4,-0.003574306370103753,169,comp_ew,specific,1
201501,5,0.014855914544273558,169,comp_ew,specific,1
201502,1,-0.011359534300168452,171,comp_ew,specific,1
201502,2,-0.008401421172713981,170,comp_ew,specific,1
201502,3,0.008586512785646436,170,comp_ew,specific,1
201502,4,-0.00022111965223641178,170,comp_ew,specific,1
201502,5,0.008756684582390052,170,comp_ew,specific,1
201503,1,-0.00430311190872093,171,comp_ew,specific,1
201503,2,-0.0033422587896065857,170,comp_ew,specific,1
201503,3,-0.011095288405449037,170,comp_ew,specific,1
201503,4,0.0013566286061945342,170,comp_ew,specific,1
201503,5,0.02186226636744286,170,comp_ew,specific,1
201504,1,-0.011780393777295102,171,comp_ew,specific,1
201504,2,0.003641074784355959,170,comp_ew,specific,1
201504,3,5.19450913186168e-05,170,comp_ew,specific,1
201504,4,0.0032830877825798213,170,comp_ew,specific,1
201504,5,0.012164656042643746,170,comp_ew,specific,1
201505,1,0.004031896490873571,170,comp_ew,specific,1
201505,2,0.009284461014467177,170,comp_ew,specific,1
201505,3,7.736649471164374e-05,170,comp_ew,specific,1
201505,4,-0.0015745599128116777,170,comp_ew,specific,1
201505,5,0.01519602876697417,170,comp_ew,specific,1
201506,1,-0.014446406592611382,170,comp_ew,specific,1
201506,2,0.006795982803119596,169,comp_ew,specific,1
201506,3,-0.0032815216826443732,170,comp_ew,specific,1
201506,4,-0.005599351608613174,169,comp_ew,specific,1
201506,5,0.002747763809027032,169,comp_ew,specific,1
201507,1,-0.011663841866193292,170,comp_ew,specific,1
201507,2,0.003065403647162315,169,comp_ew,specific,1
201507,3,-0.006603227820373209,170,comp_ew,specific,1
201507,4,-0.001309697555218135,169,comp_ew,specific,1
201507,5,0.012403514952097862,169,comp_ew,specific,1
201508,1,-0.017539587531182958,170,comp_ew,specific,1
201508,2,-0.011871027490017649,170,comp_ew,specific,1
201508,3,0.004334892107598976,170,comp_ew,specific,1
201508,4,-0.0024941769998818026,170,comp_ew,specific,1
201508,5,0.007619953941062773,170,comp_ew,specific,1
201509,1,-0.015594241647207857,170,comp_ew,specific,1
201509,2,-0.001720375908274547,169,comp_ew,specific,1
201509,3,0.0006601880814581754,169,comp_ew,specific,1
201509,4,-0.010439636954478606,169,comp_ew,specific,1
201509,5,0.004842996002026795,169,comp_ew,specific,1
201510,1,-0.006378508185683895,170,comp_ew,specific,1
201510,2,-0.004885287089778901,169,comp_ew,specific,1
201510,3,0.0005820290181024993,170,comp_ew,specific,1
201510,4,-0.004231066503626656,169,comp_ew,specific,1
201510,5,0.014327675681414045,169,comp_ew,specific,1
201511,1,-0.01393761179329123,170,comp_ew,specific,1
201511,2,-0.007204533261524597,170,comp_ew,specific,1
201511,3,-0.0023177067811874673,170,comp_ew,specific,1
201511,4,0.005820180911222405,170,comp_ew,specific,1
201511,5,0.018249023877867844,170,comp_ew,specific,1
201512,1,-0.0035685672042134785,170,comp_ew,specific,1
201512,2,-0.0026814833914074313,170,comp_ew,specific,1
201512,3,0.005051910368228935,169,comp_ew,specific,1
201512,4,0.005225971728825934,170,comp_ew,specific,1
201512,5,0.0005929356086208542,169,comp_ew,specific,1
201601,1,-0.008521724543228231,169,comp_ew,specific,1
201601,2,0.003780921821246052,169,comp_ew,specific,1
201601,3,-0.004345120645345279,169,comp_ew,specific,1
201601,4,0.009361435034949737,169,comp_ew,specific,1
201601,5,0.014410594237948509,169,comp_ew,specific,1
201602,1,-0.00980484960177518,168,comp_ew,specific,1
201602,2,-0.0018425555069671036,168,comp_ew,specific,1
201602,3,-0.008481900925393611,168,comp_ew,specific,1
201602,4,-0.00402561103853145,168,comp_ew,specific,1
201602,5,0.0026172876443628524,168,comp_ew,specific,1
201603,1,-0.014003138646803566,169,comp_ew,specific,1
201603,2,-0.008403784661117304,168,comp_ew,specific,1
201603,3,0.0020486914128971887,169,comp_ew,specific,1
201603,4,0.0048174013835514135,168,comp_ew,specific,1
201603,5,0.014780928322532765,168,comp_ew,specific,1
201604,1,-0.005721734083054004,168,comp_ew,specific,1
201604,2,0.004339709957729997,168,comp_ew,specific,1
201604,3,0.010128050159266674,168,comp_ew,specific,1
201604,4,0.004653399533977407,168,comp_ew,specific,1
201604,5,0.0003691762288764559,167,comp_ew,specific,1
201605,1,-0.015133355676863646,169,comp_ew,specific,1
201605,2,-0.001353750394466945,168,comp_ew,specific,1
201605,3,0.006085946434472381,168,comp_ew,specific,1
201605,4,-0.00706629514239036,168,comp_ew,specific,1
201605,5,0.017539492436143108,168,comp_ew,specific,1
201606,1,-0.010970886340361091,169,comp_ew,specific,1
201606,2,-0.009622820517953145,168,comp_ew,specific,1
201606,3,-0.013599195428926866,168,comp_ew,specific,1
201606,4,-0.0013059992560941487,168,comp_ew,specific,1
201606,5,-0.0032733762504894787,168,comp_ew,specific,1
201607,1,-0.0029363281093919788,169,comp_ew,specific,1
201607,2,-0.009347392630838421,168,comp_ew,specific,1
201607,3,-0.0017788833696520015,168,comp_ew,specific,1
201607,4,-0.006872644935193678,168,comp_ew,specific,1
201607,5,0.009601769108089247,168,comp_ew,specific,1
201608,1,-0.013942169034515025,168,comp_ew,specific,1
201608,2,-0.0028193559948626354,168,comp_ew,specific,1
201608,3,0.007587473754883973,167,comp_ew,specific,1
201608,4,0.010720685974342161,168,comp_ew,specific,1
201608,5,0.024533526936382676,167,comp_ew,specific,1
201609,1,-0.006988121094191298,168,comp_ew,specific,1
201609,2,-0.0019978527768684754,168,comp_ew,specific,1
201609,3,0.0020594764297181558,168,comp_ew,specific,1
201609,4,0.006262697459912097,168,comp_ew,specific,1
201609,5,0.013363001458300097,167,comp_ew,specific,1
201610,1,-0.011955286925118255,168,comp_ew,specific,1
201610,2,-0.007544844601189845,168,comp_ew,specific,1
201610,3,0.006008414884154378,168,comp_ew,specific,1
201610,4,0.0045213843212076055,168,comp_ew,specific,1
201610,5,0.013931284040021715,167,comp_ew,specific,1
201611,1,-0.011136237670393704,167,comp_ew,specific,1
201611,2,-0.005545941323935108,167,comp_ew,specific,1
201611,3,0.0018433004379398096,167,comp_ew,specific,1
201611,4,-0.0034338945713388025,167,comp_ew,specific,1
201611,5,0.016357582269217536,166,comp_ew,specific,1
201612,1,-0.012016990287897128,167,comp_ew,specific,1
201612,2,-0.005150539573073879,167,comp_ew,specific,1
201612,3,-0.004076604391406912,167,comp_ew,specific,1
201612,4,0.005124040374882567,167,comp_ew,specific,1
201612,5,0.00458548499932877,166,comp_ew,specific,1
201701,1,-0.006612654100033438,167,comp_ew,specific,1
201701,2,-0.0008380979324521711,167,comp_ew,specific,1
201701,3,-0.014160112646253106,166,comp_ew,specific,1
201701,4,0.009182038249763184,167,comp_ew,specific,1
201701,5,0.016517320981687122,166,comp_ew,specific,1
201702,1,-0.011095458614957105,167,comp_ew,specific,1
201702,2,-0.011340112639867641,167,comp_ew,specific,1
201702,3,0.003450228927723153,166,comp_ew,specific,1
201702,4,0.006435374449784851,167,comp_ew,specific,1
201702,5,0.008027118263936851,166,comp_ew,specific,1
201703,1,-0.011037723596147507,167,comp_ew,specific,1
201703,2,-0.00884494225652257,167,comp_ew,specific,1
201703,3,0.0017763926537336682,167,comp_ew,specific,1
201703,4,0.0022418815516960047,167,comp_ew,specific,1
201703,5,0.021215594167808605,166,comp_ew,specific,1
201704,1,-0.008704688371283128,167,comp_ew,specific,1
201704,2,-0.004721396083837535,167,comp_ew,specific,1
201704,3,0.013449162207059419,166,comp_ew,specific,1
201704,4,0.0032497242819330527,167,comp_ew,specific,1
201704,5,0.0066255278213180275,166,comp_ew,specific,1
201705,1,-0.001754593797034319,167,comp_ew,specific,1
201705,2,-0.012348036883831594,166,comp_ew,specific,1
201705,3,-0.004349503414714345,167,comp_ew,specific,1
201705,4,0.004332466753234121,166,comp_ew,specific,1
201705,5,0.006289344774082818,166,comp_ew,specific,1
201706,1,0.0007766444505930963,166,comp_ew,specific,1
201706,2,-0.014670557226447119,166,comp_ew,specific,1
201706,3,0.0019047014590921282,165,comp_ew,specific,1
201706,4,0.012004203862589,166,comp_ew,specific,1
201706,5,0.002964942664041303,165,comp_ew,specific,1
201707,1,-0.006867205890235957,167,comp_ew,specific,1
201707,2,0.0022957411182088043,166,comp_ew,specific,1
201707,3,-0.003447024491996424,166,comp_ew,specific,1
201707,4,0.006797323400864978,166,comp_ew,specific,1
201707,5,0.012082704965402924,166,comp_ew,specific,1
201708,1,-0.005490207706300907,167,comp_ew,specific,1
201708,2,-0.002361071988304254,166,comp_ew,specific,1
201708,3,-0.0011120514881767412,167,comp_ew,specific,1
201708,4,-0.006117649330166902,166,comp_ew,specific,1
201708,5,0.004372541146497224,166,comp_ew,specific,1
201709,1,-0.013405554582673075,166,comp_ew,specific,1
201709,2,-0.014111214993377077,166,comp_ew,specific,1
201709,3,7.52929155093981e-05,166,comp_ew,specific,1
201709,4,-0.0017658642056999773,166,comp_ew,specific,1
201709,5,0.009833248437483871,165,comp_ew,specific,1
201710,1,-0.010430715938443986,167,comp_ew,specific,1
201710,2,-0.004502678008503665,167,comp_ew,specific,1
201710,3,-0.002440309752584905,166,comp_ew,specific,1
201710,4,-0.014752279522515538,167,comp_ew,specific,1
201710,5,0.009880804778126378,166,comp_ew,specific,1
201711,1,-0.012640472551086092,166,comp_ew,specific,1
201711,2,0.0022354379572790697,165,comp_ew,specific,1
201711,3,0.009483315138856465,166,comp_ew,specific,1
201711,4,0.00500375545149147,165,comp_ew,specific,1
201711,5,0.009397303040430278,165,comp_ew,specific,1
201712,1,-0.00438589099935722,167,comp_ew,specific,1
201712,2,-0.01203376181571929,166,comp_ew,specific,1
201712,3,-0.005927707329724583,166,comp_ew,specific,1
201712,4,0.004092760684562507,166,comp_ew,specific,1
201712,5,0.012259278082519724,166,comp_ew,specific,1
201801,1,-0.002484301390714273,167,comp_ew,specific,1
201801,2,-0.007370463711765203,166,comp_ew,specific,1
201801,3,0.004996736327785384,167,comp_ew,specific,1
201801,4,0.001906025652646228,166,comp_ew,specific,1
201801,5,0.020916888482447982,166,comp_ew,specific,1
201802,1,-0.007263607867177317,166,comp_ew,specific,1
201802,2,-0.000660886581921282,165,comp_ew,specific,1
201802,3,-0.00322883725991095,166,comp_ew,specific,1
201802,4,0.009271120548624208,165,comp_ew,specific,1
201802,5,0.015787839004582305,165,comp_ew,specific,1
201803,1,-0.000606038458200995,166,comp_ew,specific,1
201803,2,-0.010274380635711476,166,comp_ew,specific,1
201803,3,0.0004321841033566861,165,comp_ew,specific,1
201803,4,0.01071572428171261,166,comp_ew,specific,1
201803,5,0.02536324227047485,165,comp_ew,specific,1
201804,1,-0.004870730485116721,165,comp_ew,specific,1
201804,2,-0.0012076203275002099,165,comp_ew,specific,1
201804,3,0.0023156667219208387,165,comp_ew,specific,1
201804,4,-0.0062129817763862125,165,comp_ew,specific,1
201804,5,0.008924736170608084,165,comp_ew,specific,1
201805,1,-0.026272778124620554,165,comp_ew,specific,1
201805,2,-0.007595291130044208,165,comp_ew,specific,1
201805,3,0.0018419333630178582,165,comp_ew,specific,1
201805,4,0.012974649262607467,165,comp_ew,specific,1
201805,5,0.008618543959892758,164,comp_ew,specific,1
201806,1,-0.009883645702376579,166,comp_ew,specific,1
201806,2,-0.011416622393319774,165,comp_ew,specific,1
201806,3,-0.00458396975307516,165,comp_ew,specific,1
201806,4,-0.003521419680553727,165,comp_ew,specific,1
201806,5,0.01826766012087205,165,comp_ew,specific,1
201807,1,-0.002672719289036029,165,comp_ew,specific,1
201807,2,0.002717059527373255,165,comp_ew,specific,1
201807,3,0.00952742614519701,164,comp_ew,specific,1
201807,4,0.01630243801182909,165,comp_ew,specific,1
201807,5,0.014948159534944052,164,comp_ew,specific,1
201808,1,-0.02044972046023495,166,comp_ew,specific,1
201808,2,-0.0045274137477639845,165,comp_ew,specific,1
201808,3,-0.00081307783261071,166,comp_ew,specific,1
201808,4,-0.0006518646365275157,165,comp_ew,specific,1
201808,5,0.0044980664105375105,165,comp_ew,specific,1
201809,1,-0.0008128196861795302,165,comp_ew,specific,1
201809,2,0.005736866574124999,165,comp_ew,specific,1
201809,3,-0.009011717539445066,165,comp_ew,specific,1
201809,4,0.0035049402214667458,165,comp_ew,specific,1
201809,5,0.018556381047917497,164,comp_ew,specific,1
201810,1,-0.0009414879137877469,165,comp_ew,specific,1
201810,2,0.002432440979112529,165,comp_ew,specific,1
201810,3,0.004297426975528704,164,comp_ew,specific,1
201810,4,0.009901911593867954,165,comp_ew,specific,1
201810,5,8.572525231108715e-05,164,comp_ew,specific,1
201811,1,-0.01357857319181394,166,comp_ew,specific,1
201811,2,0.0008988877269115895,165,comp_ew,specific,1
201811,3,0.005872343805438756,166,comp_ew,specific,1
201811,4,0.0032286539542379974,165,comp_ew,specific,1
201811,5,0.01397686180733002,165,comp_ew,specific,1
201812,1,-0.01678609188842861,165,comp_ew,specific,1
201812,2,0.0006434709412784304,165,comp_ew,specific,1
201812,3,0.003932168492684048,164,comp_ew,specific,1
201812,4,-0.0028960363450910393,165,comp_ew,specific,1
201812,5,0.011315857667386466,164,comp_ew,specific,1
201901,1,-0.016144021195788102,165,comp_ew,specific,1
201901,2,-0.01177702581372392,164,comp_ew,specific,1
201901,3,0.007525834102548233,165,comp_ew,specific,1
201901,4,0.009052495357200959,164,comp_ew,specific,1
201901,5,-0.00019582816814273977,164,comp_ew,specific,1
201902,1,-0.0070474145778579985,165,comp_ew,specific,1
201902,2,-0.009488245427501629,165,comp_ew,specific,1
201902,3,0.00042497294672092287,164,comp_ew,specific,1
201902,4,0.007069719169365424,165,comp_ew,specific,1
201902,5,0.01091860412769758,164,comp_ew,specific,1
201903,1,-0.00800035966172017,165,comp_ew,specific,1
201903,2,-0.0006804288049235492,164,comp_ew,specific,1
201903,3,0.007484918253221814,165,comp_ew,specific,1
201903,4,0.009043510816854717,164,comp_ew,specific,1
201903,5,-0.009591633504848901,164,comp_ew,specific,1
201904,1,0.007932441316641075,164,comp_ew,specific,1
201904,2,0.003409628209674162,164,comp_ew,specific,1
201904,3,0.0026035946998858913,164,comp_ew,specific,1
201904,4,-0.005252054207959428,164,comp_ew,specific,1
201904,5,0.003297889223142158,164,comp_ew,specific,1
201905,1,-0.014491846563474338,165,comp_ew,specific,1
201905,2,-0.000901005616550631,165,comp_ew,specific,1
201905,3,-0.0019043704405918994,165,comp_ew,specific,1
201905,4,0.004816084189733032,165,comp_ew,specific,1
201905,5,0.01120392634129762,164,comp_ew,specific,1
201906,1,-0.008196724472243523,165,comp_ew,specific,1
201906,2,-0.007041551251323437,165,comp_ew,specific,1
201906,3,0.005976157283909177,165,comp_ew,specific,1
201906,4,0.016349639392245135,165,comp_ew,specific,1
201906,5,0.015040783483593893,164,comp_ew,specific,1
201907,1,-0.008616069692121545,165,comp_ew,specific,1
201907,2,-0.005831612603920281,165,comp_ew,specific,1
201907,3,0.0015722110761746148,164,comp_ew,specific,1
201907,4,-0.002227269421266218,165,comp_ew,specific,1
201907,5,-0.0004931692837556782,164,comp_ew,specific,1
201908,1,-0.008751825764868146,165,comp_ew,specific,1
201908,2,-0.003735146545290297,164,comp_ew,specific,1
201908,3,-0.005542551582191265,165,comp_ew,specific,1
201908,4,0.007023199765690626,164,comp_ew,specific,1
201908,5,0.005213271507405434,164,comp_ew,specific,1
201909,1,-0.019125785619933763,165,comp_ew,specific,1
201909,2,-0.009574149233076165,164,comp_ew,specific,1
201909,3,-0.004492230965285677,165,comp_ew,specific,1
201909,4,0.0017063594245236202,164,comp_ew,specific,1
201909,5,0.006169493361204116,164,comp_ew,specific,1
201910,1,-0.007134199009106789,165,comp_ew,specific,1
201910,2,-0.0008058944827380942,164,comp_ew,specific,1
201910,3,-0.013177352813977406,165,comp_ew,specific,1
201910,4,0.007119226707697732,164,comp_ew,specific,1
201910,5,0.012641013917115976,164,comp_ew,specific,1
201911,1,-0.017599719226635113,165,comp_ew,specific,1
201911,2,-0.0065444333469470714,165,comp_ew,specific,1
201911,3,-0.0013895445488558203,164,comp_ew,specific,1
201911,4,0.011718896140084834,165,comp_ew,specific,1
201911,5,0.010994206504978532,164,comp_ew,specific,1
201912,1,-0.010302659789025316,164,comp_ew,specific,1
201912,2,0.0016641683459932197,164,comp_ew,specific,1
201912,3,0.010202036858613168,164,comp_ew,specific,1
201912,4,-0.006301550529577348,164,comp_ew,specific,1
201912,5,0.004822979709115441,163,comp_ew,specific,1
202001,1,-0.0007170673365554555,165,comp_ew,specific,1
202001,2,-0.013418304163830724,164,comp_ew,specific,1
202001,3,0.006704846543255854,164,comp_ew,specific,1
202001,4,-0.005587309554267418,164,comp_ew,specific,1
202001,5,0.001966194731621704,164,comp_ew,specific,1
202002,1,-0.01595430581526698,164,comp_ew,specific,1
202002,2,-0.00892001721880179,164,comp_ew,specific,1
202002,3,-0.0011754610526677563,164,comp_ew,specific,1
202002,4,0.00708100035155127,164,comp_ew,specific,1
202002,5,0.01912006228457953,163,comp_ew,specific,1
202003,1,0.006837176737185372,165,comp_ew,specific,1
202003,2,-0.00958010500408554,164,comp_ew,specific,1
202003,3,-0.0018547850408692575,164,comp_ew,specific,1
202003,4,0.0003046517578607444,164,comp_ew,specific,1
202003,5,0.003949019845082429,164,comp_ew,specific,1
202004,1,-0.003859806964949988,164,comp_ew,specific,1
202004,2,-0.006686969050192789,164,comp_ew,specific,1
202004,3,0.006434323193053424,163,comp_ew,specific,1
202004,4,0.0066178848858670265,164,comp_ew,specific,1
202004,5,-0.001183335667211201,163,comp_ew,specific,1
202005,1,-0.005562961321634636,164,comp_ew,specific,1
202005,2,-0.01083237258241102,164,comp_ew,specific,1
202005,3,0.0005885297419024076,163,comp_ew,specific,1
202005,4,0.01574658203469928,164,comp_ew,specific,1
202005,5,0.011213139091083117,163,comp_ew,specific,1
202006,1,-0.006020246347147075,164,comp_ew,specific,1
202006,2,-0.0034599646121839184,164,comp_ew,specific,1
202006,3,-0.004810087525399974,163,comp_ew,specific,1
202006,4,0.001528881228246936,164,comp_ew,specific,1
202006,5,0.009693825476525393,163,comp_ew,specific,1
202007,1,-0.007357876136905746,163,comp_ew,specific,1
202007,2,0.009377024828504126,163,comp_ew,specific,1
202007,3,0.001904183133478806,163,comp_ew,specific,1
202007,4,0.003146317937866815,163,comp_ew,specific,1
202007,5,0.008769105310160388,163,comp_ew,specific,1
202008,1,0.002159347501006779,164,comp_ew,specific,1
202008,2,0.0053192225057292234,163,comp_ew,specific,1
202008,3,0.0035431114157474437,163,comp_ew,specific,1
202008,4,0.00994046305244315,163,comp_ew,specific,1
202008,5,0.0016915222047305595,163,comp_ew,specific,1
202009,1,-0.009143189626036823,163,comp_ew,specific,1
202009,2,-0.011775787432958543,162,comp_ew,specific,1
202009,3,0.0103941005766544,163,comp_ew,specific,1
202009,4,0.0006840586869127773,162,comp_ew,specific,1
202009,5,0.0020731219503567094,162,comp_ew,specific,1
202010,1,0.0006691408272727432,163,comp_ew,specific,1
202010,2,-0.006778551124425576,163,comp_ew,specific,1
202010,3,0.0007908152112356024,163,comp_ew,specific,1
202010,4,0.01469524280812625,163,comp_ew,specific,1
202010,5,0.009584627888751876,162,comp_ew,specific,1
202011,1,-0.009888711548784799,163,comp_ew,specific,1
202011,2,-0.0049725596180721,163,comp_ew,specific,1
202011,3,0.00022827209065994685,162,comp_ew,specific,1
202011,4,-0.0005588680562637792,163,comp_ew,specific,1
202011,5,0.0147261498405907,162,comp_ew,specific,1
202012,1,-0.016148219164819424,162,comp_ew,specific,1
202012,2,-0.0042502533506889005,162,comp_ew,specific,1
202012,3,0.0012791253384228198,162,comp_ew,specific,1
202012,4,0.008352215579050436,162,comp_ew,specific,1
202012,5,0.005200597297421971,161,comp_ew,specific,1
202101,1,-0.005502515305142879,163,comp_ew,specific,1
202101,2,0.004180598575941092,162,comp_ew,specific,1
202101,3,-0.007182745950151985,162,comp_ew,specific,1
202101,4,0.0019303829339614128,162,comp_ew,specific,1
202101,5,0.01046746620975073,162,comp_ew,specific,1
202102,1,-0.01601195546199255,162,comp_ew,specific,1
202102,2,-0.004412001826916941,161,comp_ew,specific,1
202102,3,0.00545658353889872,162,comp_ew,specific,1
202102,4,0.004615616457132884,161,comp_ew,specific,1
202102,5,0.0017687165844154711,161,comp_ew,specific,1
202103,1,-0.00719032098011606,162,comp_ew,specific,1
202103,2,-0.0004067265895257008,161,comp_ew,specific,1
202103,3,-0.0014080291846910544,161,comp_ew,specific,1
202103,4,0.0036922880801726083,161,comp_ew,specific,1
202103,5,0.005993546159600712,161,comp_ew,specific,1
202104,1,-0.006885144560069498,161,comp_ew,specific,1
202104,2,-0.009344120531150435,161,comp_ew,specific,1
202104,3,0.0032889801066975644,161,comp_ew,specific,1
202104,4,-0.005318297091743833,161,comp_ew,specific,1
202104,5,0.01471064143540575,161,comp_ew,specific,1
202105,1,-0.008176626003265465,161,comp_ew,specific,1
202105,2,-0.008054584115415885,161,comp_ew,specific,1
202105,3,-0.0029851248942396698,161,comp_ew,specific,1
202105,4,0.00036146888060923656,161,comp_ew,specific,1
202105,5,0.015649758400618212,160,comp_ew,specific,1
202106,1,-0.007522569828440444,161,comp_ew,specific,1
202106,2,0.0016164571065495426,161,comp_ew,specific,1
202106,3,0.0032225404180349524,161,comp_ew,specific,1
202106,4,0.008858598204783323,161,comp_ew,specific,1
202106,5,0.0070471141236900705,160,comp_ew,specific,1
202107,1,-0.011494258231211711,161,comp_ew,specific,1
202107,2,-0.00424607421939173,160,comp_ew,specific,1
202107,3,-0.010838509269387299,160,comp_ew,specific,1
202107,4,0.009782254903525736,160,comp_ew,specific,1
202107,5,0.00849907969376199,160,comp_ew,specific,1
202108,1,0.0059566574392079085,161,comp_ew,specific,1
202108,2,-0.0013497072525110987,160,comp_ew,specific,1
202108,3,0.0009586584182848634,161,comp_ew,specific,1
202108,4,-0.0030541565930206245,160,comp_ew,specific,1
202108,5,0.018589452509582088,160,comp_ew,specific,1
202109,1,-0.008504078373654923,161,comp_ew,specific,1
202109,2,-0.0033711614026981705,161,comp_ew,specific,1
202109,3,0.0003624786133814363,160,comp_ew,specific,1
202109,4,-0.00619937327760494,161,comp_ew,specific,1
202109,5,0.01317487121002903,160,comp_ew,specific,1
202110,1,-0.00889821953368646,161,comp_ew,specific,1
202110,2,-0.007684267999919116,160,comp_ew,specific,1
202110,3,0.0033623760016339996,161,comp_ew,specific,1
202110,4,0.01787403539608536,160,comp_ew,specific,1
202110,5,0.013064957797836535,160,comp_ew,specific,1
202111,1,-0.011116401184991145,161,comp_ew,specific,1
202111,2,-0.0080506384410599,161,comp_ew,specific,1
202111,3,0.0064382381532634685,160,comp_ew,specific,1
202111,4,-0.0029340369590502196,161,comp_ew,specific,1
202111,5,0.013746526063220937,160,comp_ew,specific,1
202112,1,-0.018230655286446015,161,comp_ew,specific,1
202112,2,0.00824736690072016,161,comp_ew,specific,1
202112,3,0.0009162640389280876,160,comp_ew,specific,1
202112,4,0.007215927102685161,161,comp_ew,specific,1
202112,5,-0.009972791436724509,160,comp_ew,specific,1
202201,1,-0.01687689912011836,161,comp_ew,specific,1
202201,2,-0.013702945384370538,160,comp_ew,specific,1
202201,3,-0.007232230467205653,160,comp_ew,specific,1
202201,4,-0.005153384552119175,160,comp_ew,specific,1
202201,5,0.010361013890689075,160,comp_ew,specific,1
202202,1,-0.003443704975463098,160,comp_ew,specific,1
202202,2,-0.0050235100680807365,160,comp_ew,specific,1
202202,3,0.0029149334930287816,160,comp_ew,specific,1
202202,4,0.00975584017123347,160,comp_ew,specific,1
202202,5,0.007034129745344936,160,comp_ew,specific,1
202203,1,-0.01427523633070843,160,comp_ew,specific,1
202203,2,-0.001970602519014306,159,comp_ew,specific,1
202203,3,-0.009504091268072614,160,comp_ew,specific,1
202203,4,0.0012952473907720807,159,comp_ew,specific,1
202203,5,0.019424829654991472,159,comp_ew,specific,1
202204,1,-0.009896484794047995,160,comp_ew,specific,1
202204,2,-0.0015433073094983276,160,comp_ew,specific,1
202204,3,0.004031050328775153,160,comp_ew,specific,1
202204,4,0.010557455810804268,160,comp_ew,specific,1
202204,5,0.014920904641160799,159,comp_ew,specific,1
202205,1,0.0009430003681550458,160,comp_ew,specific,1
202205,2,0.011088519589290231,159,comp_ew,specific,1
202205,3,0.005169882555866756,159,comp_ew,specific,1
202205,4,0.003931111589484389,159,comp_ew,specific,1
202205,5,-0.005526271443895486,159,comp_ew,specific,1
202206,1,-0.009058635157786965,159,comp_ew,specific,1
202206,2,-0.004868715498461115,159,comp_ew,specific,1
202206,3,0.0005234552877813144,159,comp_ew,specific,1
202206,4,0.0113338229343184,159,comp_ew,specific,1
202206,5,-0.0012566667223952842,158,comp_ew,specific,1
202207,1,-0.007961787400316871,160,comp_ew,specific,1
202207,2,-0.0011431310438034074,160,comp_ew,specific,1
202207,3,0.0027128533452058117,159,comp_ew,specific,1
202207,4,0.013514937995302605,160,comp_ew,specific,1
202207,5,0.012234712209062925,159,comp_ew,specific,1
202208,1,-0.00986375419689136,160,comp_ew,specific,1
202208,2,6.793230816844283e-05,159,comp_ew,specific,1
202208,3,-0.0014599280957091536,160,comp_ew,specific,1
202208,4,0.008187718979478101,159,comp_ew,specific,1
202208,5,-0.0019447424418587162,159,comp_ew,specific,1
202209,1,0.0006650604550156652,160,comp_ew,specific,1
202209,2,0.0027305486073276384,159,comp_ew,specific,1
202209,3,-0.007736588778198143,160,comp_ew,specific,1
202209,4,-0.0038555013358051358,159,comp_ew,specific,1
202209,5,0.002843258579987592,159,comp_ew,specific,1
202210,1,-0.010320937963245801,160,comp_ew,specific,1
202210,2,0.0059595096003167355,159,comp_ew,specific,1
202210,3,0.0012140613635950946,159,comp_ew,specific,1
202210,4,0.016868050896184674,159,comp_ew,specific,1
202210,5,-0.004353365042102548,159,comp_ew,specific,1
202211,1,-0.008936977421706578,159,comp_ew,specific,1
202211,2,-0.002955917322606968,159,comp_ew,specific,1
202211,3,-0.0021432760818539762,159,comp_ew,specific,1
202211,4,-0.0013688818638597621,159,comp_ew,specific,1
202211,5,0.029530594352583435,159,comp_ew,specific,1
202212,1,-0.010325854577328193,159,comp_ew,specific,1
202212,2,0.00449072392403733,159,comp_ew,specific,1
202212,3,0.005206307120722158,159,comp_ew,specific,1
202212,4,0.005087995375147217,159,comp_ew,specific,1
202212,5,0.001024273308681359,159,comp_ew,specific,1
202301,1,-0.014806894487122383,159,comp_ew,specific,1
202301,2,-0.0013156071629602775,159,comp_ew,specific,1
202301,3,-0.0025534875410904954,158,comp_ew,specific,1
202301,4,0.0058019539957033205,159,comp_ew,specific,1
202301,5,0.010689648020674217,158,comp_ew,specific,1
202302,1,-0.01793138415667693,159,comp_ew,specific,1
202302,2,-0.005026210242405547,158,comp_ew,specific,1
202302,3,0.003437450355301169,158,comp_ew,specific,1
202302,4,0.001792779959724008,158,comp_ew,specific,1
202302,5,0.00017862438290730838,158,comp_ew,specific,1
202303,1,0.0032427879508544312,159,comp_ew,specific,1
202303,2,-0.006292296931672268,159,comp_ew,specific,1
202303,3,-0.0031277198706626637,158,comp_ew,specific,1
202303,4,0.00186276423922654,159,comp_ew,specific,1
202303,5,0.017085253852372983,158,comp_ew,specific,1
202304,1,-0.01142623070584444,159,comp_ew,specific,1
202304,2,-0.004877270615816409,158,comp_ew,specific,1
202304,3,-0.0064702879769498595,159,comp_ew,specific,1
202304,4,0.007456733322146599,158,comp_ew,specific,1
202304,5,0.008742124535264167,158,comp_ew,specific,1
202305,1,-0.008248548463533326,159,comp_ew,specific,1
202305,2,-0.00843179363422492,159,comp_ew,specific,1
202305,3,0.0071416514413863786,159,comp_ew,specific,1
202305,4,0.014144530878510031,159,comp_ew,specific,1
202305,5,0.012242579482149149,158,comp_ew,specific,1
202306,1,-0.006794231565109564,158,comp_ew,specific,1
202306,2,-0.005923637911955881,158,comp_ew,specific,1
202306,3,-0.011947265445009878,158,comp_ew,specific,1
202306,4,0.009187261323903228,158,comp_ew,specific,1
202306,5,0.009392115836458973,158,comp_ew,specific,1
202307,1,-0.012460351972234445,159,comp_ew,specific,1
202307,2,-0.00995089517954129,159,comp_ew,specific,1
202307,3,-0.0004237779698942134,159,comp_ew,specific,1
202307,4,-0.0004184230452089328,159,comp_ew,specific,1
202307,5,0.002174954904965345,158,comp_ew,specific,1
202308,1,-0.0008716500576539697,159,comp_ew,specific,1
202308,2,-0.0138915856966773,158,comp_ew,specific,1
202308,3,0.010127284768871115,158,comp_ew,specific,1
202308,4,0.012614695186777387,158,comp_ew,specific,1
202308,5,0.005070114799356368,158,comp_ew,specific,1
202309,1,-0.009598626019959285,158,comp_ew,specific,1
202309,2,0.0006843521515144433,158,comp_ew,specific,1
202309,3,-0.003584105098441721,158,comp_ew,specific,1
202309,4,0.008152980888037434,158,comp_ew,specific,1
202309,5,-0.0005495329406935177,158,comp_ew,specific,1
202310,1,-0.01297725974309954,158,comp_ew,specific,1
202310,2,-0.007225277706005367,158,comp_ew,specific,1
202310,3,0.0018768639478725193,158,comp_ew,specific,1
202310,4,0.010297860573207028,158,comp_ew,specific,1
202310,5,0.010568540336558225,157,comp_ew,specific,1
202311,1,-0.006528203156930622,158,comp_ew,specific,1
202311,2,-0.005220186877225865,157,comp_ew,specific,1
202311,3,0.007330620833008896,158,comp_ew,specific,1
202311,4,-0.004427417359808471,157,comp_ew,specific,1
202311,5,0.0175595808817729,157,comp_ew,specific,1
202312,1,-0.001786787804337725,158,comp_ew,specific,1
202312,2,-0.0062232775183084935,158,comp_ew,specific,1
202312,3,0.006300455100413557,158,comp_ew,specific,1
202312,4,-0.008447265334363472,158,comp_ew,specific,1
202312,5,0.010221656636561266,157,comp_ew,specific,1
202401,1,0.006395749433074298,158,comp_ew,specific,1
202401,2,-0.015420290011442293,158,comp_ew,specific,1
202401,3,0.00540320743576899,158,comp_ew,specific,1
202401,4,-0.0012822793362364763,158,comp_ew,specific,1
202401,5,0.002969666221502082,157,comp_ew,specific,1
202402,1,-0.0014684001471909943,158,comp_ew,specific,1
202402,2,-0.014777380583780702,158,comp_ew,specific,1
202402,3,0.008569786374686871,157,comp_ew,specific,1
202402,4,0.002245998186140165,158,comp_ew,specific,1
202402,5,0.0048600684379003015,157,comp_ew,specific,1
202403,1,-0.014258458121355143,159,comp_ew,specific,1
202403,2,-0.0007201140283038319,158,comp_ew,specific,1
202403,3,0.005789874859643755,158,comp_ew,specific,1
202403,4,-0.0035907818827095065,158,comp_ew,specific,1
202403,5,-0.0033407085615583783,158,comp_ew,specific,1
202404,1,-0.0072060110418040516,158,comp_ew,specific,1
202404,2,-0.013686931295104916,158,comp_ew,specific,1
202404,3,0.0028371057111449233,157,comp_ew,specific,1
202404,4,0.0160228023470338,158,comp_ew,specific,1
202404,5,0.01624009923841849,157,comp_ew,specific,1
202405,1,-0.004106411072944656,157,comp_ew,specific,1
202405,2,-0.005661496579177344,157,comp_ew,specific,1
202405,3,0.0013082760840914217,157,comp_ew,specific,1
202405,4,0.001225562631865983,157,comp_ew,specific,1
202405,5,0.016629892785035297,157,comp_ew,specific,1
202406,1,-0.007366193822031463,157,comp_ew,specific,1
202406,2,-0.0026911722721774636,157,comp_ew,specific,1
202406,3,-0.010502869896027393,157,comp_ew,specific,1
202406,4,-0.012056742021880177,157,comp_ew,specific,1
202406,5,0.004124090568581851,157,comp_ew,specific,1
202407,1,-0.013154063866568666,158,comp_ew,specific,1
202407,2,0.0018673242776834796,157,comp_ew,specific,1
202407,3,0.002153826773871746,157,comp_ew,specific,1
202407,4,0.0054953585770971345,157,comp_ew,specific,1
202407,5,0.012720548367455294,157,comp_ew,specific,1
202408,1,-0.0032095709685766357,157,comp_ew,specific,1
202408,2,0.006945051393026482,157,comp_ew,specific,1
202408,3,0.007242429460573834,156,comp_ew,specific,1
202408,4,-0.0038653475826355465,157,comp_ew,specific,1
202408,5,0.006928849545813886,156,comp_ew,specific,1
202409,1,-0.0034686073363619555,157,comp_ew,specific,1
202409,2,0.002729430582000962,157,comp_ew,specific,1
202409,3,-0.0009363593067165421,156,comp_ew,specific,1
202409,4,0.005364356624584636,157,comp_ew,specific,1
202409,5,0.01424843291110931,156,comp_ew,specific,1
202410,1,-0.0037831013024278255,157,comp_ew,specific,1
202410,2,0.0011637263513382611,156,comp_ew,specific,1
202410,3,0.005405484821180008,156,comp_ew,specific,1
202410,4,0.00117947962886052,156,comp_ew,specific,1
202410,5,0.018601931542945104,156,comp_ew,specific,1
202411,1,-0.015781389072323918,157,comp_ew,specific,1
202411,2,0.0021267871465126295,156,comp_ew,specific,1
202411,3,0.008267538716491052,157,comp_ew,specific,1
202411,4,0.006068677871064454,156,comp_ew,specific,1
202411,5,0.00634758639614268,156,comp_ew,specific,1
202412,1,-0.007611576071416462,157,comp_ew,specific,1
202412,2,-0.0002718291496297224,156,comp_ew,specific,1
202412,3,0.009263733129386876,156,comp_ew,specific,1
202412,4,-0.0015817396683544722,156,comp_ew,specific,1
202412,5,0.0005433867415262241,156,comp_ew,specific,1
202501,1,-0.005535406567090916,156,comp_ew,specific,1
202501,2,-0.007408999175840229,156,comp_ew,specific,1
202501,3,0.006601383437254868,156,comp_ew,specific,1
202501,4,-0.003780309144308914,156,comp_ew,specific,1
202501,5,0.011475979196895754,155,comp_ew,specific,1
202502,1,-0.014756341849467095,156,comp_ew,specific,1
202502,2,-0.008501661029398075,155,comp_ew,specific,1
202502,3,-0.0021726781644879375,156,comp_ew,specific,1
202502,4,0.01698872940758391,155,comp_ew,specific,1
202502,5,0.0007065082738193568,155,comp_ew,specific,1
202503,1,-0.018920821737506567,155,comp_ew,specific,1
202503,2,-0.0010544480166210367,155,comp_ew,specific,1
202503,3,-0.005840079797819167,155,comp_ew,specific,1
202503,4,0.005776907352062179,155,comp_ew,specific,1
202503,5,0.017829707995505695,154,comp_ew,specific,1
202504,1,0.002535477071354475,155,comp_ew,specific,1
202504,2,0.0022415790828909793,154,comp_ew,specific,1
202504,3,-0.010270010054883982,154,comp_ew,specific,1
202504,4,-0.003462848960315906,154,comp_ew,specific,1
202504,5,-0.0005930657795048311,154,comp_ew,specific,1
202505,1,-0.0026561483091491174,155,comp_ew,specific,1
202505,2,-0.00573831191937529,155,comp_ew,specific,1
202505,3,0.0029085584430220443,154,comp_ew,specific,1
202505,4,-0.004759940436400255,155,comp_ew,specific,1
202505,5,0.0036124443934655534,154,comp_ew,specific,1
202506,1,-0.00949316213269413,155,comp_ew,specific,1
202506,2,-0.008912073102985252,155,comp_ew,specific,1
202506,3,0.011956417701112847,155,comp_ew,specific,1
202506,4,-0.003980859661819089,155,comp_ew,specific,1
202506,5,0.011032518240342848,154,comp_ew,specific,1
202507,1,-0.005137319054128418,155,comp_ew,specific,1
202507,2,0.00033223446830669035,155,comp_ew,specific,1
202507,3,-0.007575917805853224,154,comp_ew,specific,1
202507,4,-0.003955820548864052,155,comp_ew,specific,1
202507,5,0.005289623814433026,154,comp_ew,specific,1
202508,1,0.001305735494576344,155,comp_ew,specific,1
202508,2,0.009708346251403852,155,comp_ew,specific,1
202508,3,0.0074206765750857275,154,comp_ew,specific,1
202508,4,-0.00697865023397405,155,comp_ew,specific,1
202508,5,0.0018121735400616085,154,comp_ew,specific,1
202509,1,-0.0006475769688998017,155,comp_ew,specific,1
202509,2,-0.0011439891496686574,154,comp_ew,specific,1
202509,3,0.0006502526326362329,155,comp_ew,specific,1
202509,4,0.00926988532287446,154,comp_ew,specific,1
202509,5,0.007329956736936716,154,comp_ew,specific,1
202510,1,-0.013001933273826325,154,comp_ew,specific,1
202510,2,0.008027155753088128,154,comp_ew,specific,1
202510,3,0.005755824062921037,154,comp_ew,specific,1
202510,4,0.001706433958118574,154,comp_ew,specific,1
202510,5,0.008884412712597219,154,comp_ew,specific,1
202511,1,-0.018583554135866515,154,comp_ew,specific,1
202511,2,0.002912319981199651,154,comp_ew,specific,1
202511,3,-0.003919905920520007,154,comp_ew,specific,1
202511,4,0.00395779057873421,154,comp_ew,specific,1
202511,5,0.008115776666813608,154,comp_ew,specific,1
202512,1,0.0031536047992538827,154,comp_ew,specific,1
202512,2,0.00674889067018889,154,comp_ew,specific,1
202512,3,-0.0028381540448437284,154,comp_ew,specific,1
202512,4,-0.001712188024801853,154,comp_ew,specific,1
202512,5,0.019270647745738858,153,comp_ew,specific,1
202601,1,-0.003698563879444493,154,comp_ew,specific,1
202601,2,-0.006436524908894308,153,comp_ew,specific,1
202601,3,-0.0002624521941913976,154,comp_ew,specific,1
202601,4,-0.012181567221150652,153,comp_ew,specific,1
202601,5,0.007260900122328653,153,comp_ew,specific,1
202602,1,-0.008352812925983086,154,comp_ew,specific,1
202602,2,0.009464653611329435,153,comp_ew,specific,1
202602,3,0.0018950953869430497,154,comp_ew,specific,1
202602,4,0.008386734818801048,153,comp_ew,specific,1
202602,5,0.0001796320600245752,153,comp_ew,specific,1
202603,1,-0.005434430675407797,153,comp_ew,specific,1
202603,2,-0.005470048089946854,153,comp_ew,specific,1
202603,3,-0.00373078447010848,153,comp_ew,specific,1
202603,4,0.0063759578552066406,153,comp_ew,specific,1
202603,5,0.008520645076164467,152,comp_ew,specific,1
202604,1,-0.012400064097599651,154,comp_ew,specific,1
202604,2,-0.003102626912306071,153,comp_ew,specific,1
202604,3,-0.006732780511922667,153,comp_ew,specific,1
202604,4,0.005958208729543498,153,comp_ew,specific,1
202604,5,0.012075421253545382,153,comp_ew,specific,1
202605,1,-0.0058517964725587415,153,comp_ew,specific,1
202605,2,-0.005311840368049276,152,comp_ew,specific,1
202605,3,0.0064984585277080165,153,comp_ew,specific,1
202605,4,0.004446276727323836,152,comp_ew,specific,1
202605,5,0.00951328022980694,152,comp_ew,specific,1
202606,1,-0.010790115734087292,153,comp_ew,specific,1
202606,2,-0.0045730543332457825,153,comp_ew,specific,1
202606,3,0.0021050929057180733,153,comp_ew,specific,1
202606,4,-0.006007667610177252,153,comp_ew,specific,1
202606,5,0.00026262079335247034,153,comp_ew,specific,1
200801,1,-0.02597201660838803,143,comp_ew,specific,3
200801,2,-0.016651941327319758,142,comp_ew,specific,3
200801,3,-0.014362210516499151,142,comp_ew,specific,3
200801,4,0.024069858506461414,142,comp_ew,specific,3
200801,5,0.024080317272398385,142,comp_ew,specific,3
200802,1,-0.02304613163494667,142,comp_ew,specific,3
200802,2,-0.019764124565962226,142,comp_ew,specific,3
200802,3,4.5470816049622946e-05,142,comp_ew,specific,3
200802,4,-0.0006403712336570858,142,comp_ew,specific,3
200802,5,0.015983773842768553,142,comp_ew,specific,3
200803,1,-0.02123009069861094,144,comp_ew,specific,3
200803,2,-0.014964163289789754,143,comp_ew,specific,3
200803,3,0.015748136217266024,143,comp_ew,specific,3
200803,4,0.0014254000079075855,143,comp_ew,specific,3
200803,5,0.011096470211033408,143,comp_ew,specific,3
200804,1,-0.023356213337334043,144,comp_ew,specific,3
200804,2,-0.013958904247248414,143,comp_ew,specific,3
200804,3,-0.00261267310060152,144,comp_ew,specific,3
200804,4,0.005515074173192639,143,comp_ew,specific,3
200804,5,0.01105904721318903,143,comp_ew,specific,3
200805,1,-0.0014107110086427383,143,comp_ew,specific,3
200805,2,-0.028860358996889924,143,comp_ew,specific,3
200805,3,0.0013982664805633296,143,comp_ew,specific,3
200805,4,0.01791745834845922,143,comp_ew,specific,3
200805,5,0.026910933396779208,142,comp_ew,specific,3
200806,1,-0.0033237955503353797,145,comp_ew,specific,3
200806,2,-0.007771477186888299,144,comp_ew,specific,3
200806,3,0.00016255428704322448,145,comp_ew,specific,3
200806,4,0.012499849734157974,144,comp_ew,specific,3
200806,5,0.029569631543061234,144,comp_ew,specific,3
200807,1,0.00142316964616346,145,comp_ew,specific,3
200807,2,-0.003995908424257027,145,comp_ew,specific,3
200807,3,-0.0031977147878518375,145,comp_ew,specific,3
200807,4,0.01971254891451979,145,comp_ew,specific,3
200807,5,0.017088731717713433,145,comp_ew,specific,3
200808,1,0.01850094343386624,146,comp_ew,specific,3
200808,2,-0.011772608965839166,145,comp_ew,specific,3
200808,3,-0.015101105411256598,145,comp_ew,specific,3
200808,4,0.0041971347137342635,145,comp_ew,specific,3
200808,5,0.0072912801877682105,145,comp_ew,specific,3
200809,1,-0.007505737404743294,145,comp_ew,specific,3
200809,2,-0.01456636361178838,145,comp_ew,specific,3
200809,3,0.0050339624155316485,145,comp_ew,specific,3
200809,4,-0.027238869470438153,145,comp_ew,specific,3
200809,5,0.0032858018071494684,144,comp_ew,specific,3
200810,1,-0.03243427330497878,146,comp_ew,specific,3
200810,2,-0.021305534194731558,145,comp_ew,specific,3
200810,3,0.00022824918107511874,146,comp_ew,specific,3
200810,4,0.007870894283446865,145,comp_ew,specific,3
200810,5,0.01319076624266839,145,comp_ew,specific,3
200811,1,-0.035883766263945904,147,comp_ew,specific,3
200811,2,-0.03164179379156238,147,comp_ew,specific,3
200811,3,-0.013464972582712122,146,comp_ew,specific,3
200811,4,0.008855690937066776,147,comp_ew,specific,3
200811,5,0.023247839634118955,146,comp_ew,specific,3
200812,1,-0.018508021509968685,147,comp_ew,specific,3
200812,2,-0.004682642848384603,147,comp_ew,specific,3
200812,3,-0.008684767254053306,146,comp_ew,specific,3
200812,4,0.00012344574656977358,147,comp_ew,specific,3
200812,5,0.02397418938033737,146,comp_ew,specific,3
200901,1,-0.005683589859162551,147,comp_ew,specific,3
200901,2,-0.02469572172966595,147,comp_ew,specific,3
200901,3,0.01086335452407721,147,comp_ew,specific,3
200901,4,-0.010418525612857122,147,comp_ew,specific,3
200901,5,0.01714357121538399,147,comp_ew,specific,3
200902,1,-0.010530672631485176,148,comp_ew,specific,3
200902,2,-0.009050124059587845,148,comp_ew,specific,3
200902,3,0.011448047675092632,148,comp_ew,specific,3
200902,4,-3.180855509082722e-05,148,comp_ew,specific,3
200902,5,0.023713180183252164,148,comp_ew,specific,3
200903,1,-0.018337751151386014,148,comp_ew,specific,3
200903,2,0.0019759806003898737,148,comp_ew,specific,3
200903,3,-0.01995035141831452,148,comp_ew,specific,3
200903,4,0.0037257403763573177,148,comp_ew,specific,3
200903,5,0.017636361383092217,148,comp_ew,specific,3
200904,1,-0.0037422652364535593,150,comp_ew,specific,3
200904,2,-0.007064342039956346,149,comp_ew,specific,3
200904,3,-0.009875624725543188,149,comp_ew,specific,3
200904,4,-0.007848611179857612,149,comp_ew,specific,3
200904,5,0.03135393375603598,149,comp_ew,specific,3
200905,1,-0.001727769954948592,150,comp_ew,specific,3
200905,2,0.008633401697780926,149,comp_ew,specific,3
200905,3,0.011123067236857829,149,comp_ew,specific,3
200905,4,-0.002285670682572149,149,comp_ew,specific,3
200905,5,0.01583798607093878,149,comp_ew,specific,3
200906,1,0.00476383082448404,150,comp_ew,specific,3
200906,2,-0.013150871614607587,149,comp_ew,specific,3
200906,3,0.0021844237551498845,150,comp_ew,specific,3
200906,4,0.018047584028713686,149,comp_ew,specific,3
200906,5,0.024502987644906677,149,comp_ew,specific,3
200907,1,-0.02501292431931822,151,comp_ew,specific,3
200907,2,0.002645885835323614,150,comp_ew,specific,3
200907,3,0.002934377214355129,151,comp_ew,specific,3
200907,4,0.015939442243395583,150,comp_ew,specific,3
200907,5,0.013276122734355187,150,comp_ew,specific,3
200908,1,-0.023910874658872976,152,comp_ew,specific,3
200908,2,-0.008130722715852185,151,comp_ew,specific,3
200908,3,-0.011314442930704233,151,comp_ew,specific,3
200908,4,0.0032815153610291367,151,comp_ew,specific,3
200908,5,0.018270607235400808,151,comp_ew,specific,3
200909,1,-0.03740900993453616,152,comp_ew,specific,3
200909,2,-0.014585054337312348,151,comp_ew,specific,3
200909,3,-5.6169782573205325e-05,151,comp_ew,specific,3
200909,4,0.0007517266574639639,151,comp_ew,specific,3
200909,5,0.014933460543632971,151,comp_ew,specific,3
200910,1,-0.016118368927938418,152,comp_ew,specific,3
200910,2,-0.011610078634864237,152,comp_ew,specific,3
200910,3,-0.00396102415160962,151,comp_ew,specific,3
200910,4,0.022874303910149635,152,comp_ew,specific,3
200910,5,0.012788097741582061,151,comp_ew,specific,3
200911,1,-0.014548089646680681,152,comp_ew,specific,3
200911,2,-0.009123914045093722,152,comp_ew,specific,3
200911,3,-0.0016620752111145927,152,comp_ew,specific,3
200911,4,0.0012158301771708492,152,comp_ew,specific,3
200911,5,0.026580114860632043,152,comp_ew,specific,3
200912,1,-0.009799792982072062,153,comp_ew,specific,3
200912,2,-0.021272036960832894,152,comp_ew,specific,3
200912,3,0.01429011450804242,152,comp_ew,specific,3
200912,4,0.018385042373775556,152,comp_ew,specific,3
200912,5,0.010458841510377887,152,comp_ew,specific,3
201001,1,0.0026078341808507305,153,comp_ew,specific,3
201001,2,-0.008478030945274913,153,comp_ew,specific,3
201001,3,0.002899544354236136,152,comp_ew,specific,3
201001,4,-0.01082101261187402,153,comp_ew,specific,3
201001,5,0.00404154521533364,152,comp_ew,specific,3
201002,1,0.0054925727535009685,153,comp_ew,specific,3
201002,2,-0.008574075711967107,153,comp_ew,specific,3
201002,3,-0.014636088692016573,152,comp_ew,specific,3
201002,4,-0.0005387844095142424,153,comp_ew,specific,3
201002,5,0.013336560293817561,152,comp_ew,specific,3
201003,1,-0.005059498591559596,153,comp_ew,specific,3
201003,2,-0.015305806491539183,153,comp_ew,specific,3
201003,3,0.0014695526904263704,153,comp_ew,specific,3
201003,4,0.01035268801569048,153,comp_ew,specific,3
201003,5,0.01951501323427042,153,comp_ew,specific,3
201004,1,-0.00912140979710077,154,comp_ew,specific,3
201004,2,-0.012897312337095457,153,comp_ew,specific,3
201004,3,0.006921607110796223,153,comp_ew,specific,3
201004,4,0.0027759790858867457,153,comp_ew,specific,3
201004,5,0.017287871256743633,153,comp_ew,specific,3
201005,1,-0.007274208401133671,155,comp_ew,specific,3
201005,2,-0.02616507722235919,154,comp_ew,specific,3
201005,3,-0.011514604285721252,155,comp_ew,specific,3
201005,4,0.012480641089163738,154,comp_ew,specific,3
201005,5,0.01674002313224973,154,comp_ew,specific,3
201006,1,-0.013385082700992573,155,comp_ew,specific,3
201006,2,-0.04545576049803329,155,comp_ew,specific,3
201006,3,0.0010044191001343224,155,comp_ew,specific,3
201006,4,0.0021327361956389374,155,comp_ew,specific,3
201006,5,0.008284585536962557,155,comp_ew,specific,3
201007,1,-0.031002101994981636,156,comp_ew,specific,3
201007,2,-0.007550315461752129,155,comp_ew,specific,3
201007,3,0.0043279279095518345,156,comp_ew,specific,3
201007,4,0.00999251825961626,155,comp_ew,specific,3
201007,5,0.007385130603654146,155,comp_ew,specific,3
201008,1,-0.013753724337360822,155,comp_ew,specific,3
201008,2,-0.00011300876322052618,155,comp_ew,specific,3
201008,3,0.001098157921092103,155,comp_ew,specific,3
201008,4,0.003602480065832676,155,comp_ew,specific,3
201008,5,0.02178882165623253,155,comp_ew,specific,3
201009,1,-0.008046234109969463,156,comp_ew,specific,3
201009,2,-0.004075682021789893,156,comp_ew,specific,3
201009,3,-0.0065014120343168695,156,comp_ew,specific,3
201009,4,0.01669302935687637,156,comp_ew,specific,3
201009,5,0.02166100357744292,155,comp_ew,specific,3
201010,1,-0.017239776133385693,155,comp_ew,specific,3
201010,2,0.01356851168177019,155,comp_ew,specific,3
201010,3,-0.0009681320187690212,155,comp_ew,specific,3
201010,4,0.004246252327943758,155,comp_ew,specific,3
201010,5,0.01532314627110801,155,comp_ew,specific,3
201011,1,-0.015428206934714587,156,comp_ew,specific,3
201011,2,-0.010194496392509491,156,comp_ew,specific,3
201011,3,0.013941700039828898,155,comp_ew,specific,3
201011,4,0.010874086522377476,156,comp_ew,specific,3
201011,5,0.016316202152417306,155,comp_ew,specific,3
201012,1,-0.016300195851075033,157,comp_ew,specific,3
201012,2,0.009942116071440634,156,comp_ew,specific,3
201012,3,0.013730627771985322,157,comp_ew,specific,3
201012,4,0.009933537353175885,156,comp_ew,specific,3
201012,5,0.03423804621385933,156,comp_ew,specific,3
201101,1,-0.026593386217742834,157,comp_ew,specific,3
201101,2,-0.005824290810759863,156,comp_ew,specific,3
201101,3,0.014975986709027311,156,comp_ew,specific,3
201101,4,0.020366339137830324,156,comp_ew,specific,3
201101,5,0.029449678904351045,156,comp_ew,specific,3
201102,1,-0.019346094410303803,158,comp_ew,specific,3
201102,2,-0.007332636525597192,157,comp_ew,specific,3
201102,3,0.010098309001990102,158,comp_ew,specific,3
201102,4,0.016642379804287465,157,comp_ew,specific,3
201102,5,0.029231232672523838,157,comp_ew,specific,3
201103,1,-0.034665301499039965,158,comp_ew,specific,3
201103,2,-0.01445584922877787,158,comp_ew,specific,3
201103,3,-0.003088062351000967,158,comp_ew,specific,3
201103,4,0.015278738983633163,158,comp_ew,specific,3
201103,5,0.023254499994597447,157,comp_ew,specific,3
201104,1,-0.013914117732828468,159,comp_ew,specific,3
201104,2,-0.03200670622556392,159,comp_ew,specific,3
201104,3,0.012028082239344179,159,comp_ew,specific,3
201104,4,0.01469374365182593,159,comp_ew,specific,3
201104,5,0.028505370200268918,158,comp_ew,specific,3
201105,1,-0.01909764479930987,160,comp_ew,specific,3
201105,2,-0.00030355274851218,159,comp_ew,specific,3
201105,3,-0.004870794302060861,160,comp_ew,specific,3
201105,4,0.00796623398806714,159,comp_ew,specific,3
201105,5,0.01815054380201769,159,comp_ew,specific,3
201106,1,-0.014465075231369265,160,comp_ew,specific,3
201106,2,-0.003889796228980227,160,comp_ew,specific,3
201106,3,0.00750817878569271,160,comp_ew,specific,3
201106,4,-0.0003265006061377655,160,comp_ew,specific,3
201106,5,0.025971661732295283,159,comp_ew,specific,3
201107,1,-0.01836974249813025,161,comp_ew,specific,3
201107,2,-0.006318265462448206,161,comp_ew,specific,3
201107,3,-0.01146409787930969,160,comp_ew,specific,3
201107,4,0.004823062920966494,161,comp_ew,specific,3
201107,5,0.010909094480170061,160,comp_ew,specific,3
201108,1,-0.018643865732714163,161,comp_ew,specific,3
201108,2,-0.017182537267555024,161,comp_ew,specific,3
201108,3,-0.012723464393137393,160,comp_ew,specific,3
201108,4,-0.012729074592456209,161,comp_ew,specific,3
201108,5,0.022522341626711354,160,comp_ew,specific,3
201109,1,-0.0185544297373898,161,comp_ew,specific,3
201109,2,-0.02455308235455773,160,comp_ew,specific,3
201109,3,-0.013373702037193796,160,comp_ew,specific,3
201109,4,0.008554422537729223,160,comp_ew,specific,3
201109,5,0.0036206018948280677,160,comp_ew,specific,3
201110,1,-0.019014556383088067,161,comp_ew,specific,3
201110,2,-0.012362745492874161,161,comp_ew,specific,3
201110,3,-0.023489297256034863,161,comp_ew,specific,3
201110,4,0.026037063166768657,161,comp_ew,specific,3
201110,5,-0.0008366178636303182,160,comp_ew,specific,3
201111,1,-0.021804975745972368,161,comp_ew,specific,3
201111,2,-0.0016665372905240033,161,comp_ew,specific,3
201111,3,-0.01332516917942075,161,comp_ew,specific,3
201111,4,0.015141817069991214,161,comp_ew,specific,3
201111,5,0.019116064364785874,160,comp_ew,specific,3
201112,1,-0.012984634883176647,161,comp_ew,specific,3
201112,2,-0.006030551488411175,160,comp_ew,specific,3
201112,3,-0.00854661613557176,161,comp_ew,specific,3
201112,4,0.0190790224267283,160,comp_ew,specific,3
201112,5,0.028029353771597383,160,comp_ew,specific,3
201201,1,-0.02060193836013503,161,comp_ew,specific,3
201201,2,-0.01418408436413457,161,comp_ew,specific,3
201201,3,0.010641352478672723,161,comp_ew,specific,3
201201,4,0.0020778666374977744,161,comp_ew,specific,3
201201,5,0.011117002270823805,160,comp_ew,specific,3
201202,1,-0.021347087063494738,162,comp_ew,specific,3
201202,2,0.006941828823009434,162,comp_ew,specific,3
201202,3,-0.01341141428758036,161,comp_ew,specific,3
201202,4,0.009810041053790223,162,comp_ew,specific,3
201202,5,0.0012675087134251506,161,comp_ew,specific,3
201203,1,-0.02418109102236466,162,comp_ew,specific,3
201203,2,-0.011102524507613919,162,comp_ew,specific,3
201203,3,0.0010938748519361242,162,comp_ew,specific,3
201203,4,0.00198349037378646,162,comp_ew,specific,3
201203,5,0.008292597621437699,162,comp_ew,specific,3
201204,1,-0.014621743622714624,162,comp_ew,specific,3
201204,2,0.002717529126789669,162,comp_ew,specific,3
201204,3,-0.01234745067063962,162,comp_ew,specific,3
201204,4,-0.004336044462418597,162,comp_ew,specific,3
201204,5,0.007597560394816488,162,comp_ew,specific,3
201205,1,-0.02597911322045284,163,comp_ew,specific,3
201205,2,-0.011976769887436525,162,comp_ew,specific,3
201205,3,0.0016861496152681488,162,comp_ew,specific,3
201205,4,-0.0011987028550377115,162,comp_ew,specific,3
201205,5,0.000997735826988933,162,comp_ew,specific,3
201206,1,-0.03807348238148353,164,comp_ew,specific,3
201206,2,-0.014002013533570844,163,comp_ew,specific,3
201206,3,0.007522008379041131,163,comp_ew,specific,3
201206,4,-0.012744512261920216,163,comp_ew,specific,3
201206,5,0.021232885922366097,163,comp_ew,specific,3
201207,1,-0.04437934119953414,164,comp_ew,specific,3
201207,2,-0.006464690007348032,163,comp_ew,specific,3
201207,3,0.019449679771225355,163,comp_ew,specific,3
201207,4,0.009356914239985392,163,comp_ew,specific,3
201207,5,0.012863603649073118,163,comp_ew,specific,3
201208,1,-0.020020531968066396,164,comp_ew,specific,3
201208,2,0.004193620495793461,164,comp_ew,specific,3
201208,3,0.01879950888865232,164,comp_ew,specific,3
201208,4,0.01113613931496199,164,comp_ew,specific,3
201208,5,0.022143483401803735,163,comp_ew,specific,3
201209,1,-0.024552036109637902,164,comp_ew,specific,3
201209,2,0.006439971930127024,164,comp_ew,specific,3
201209,3,-0.0032368548143179975,164,comp_ew,specific,3
201209,4,0.017934244973309473,164,comp_ew,specific,3
201209,5,0.016500560854619466,163,comp_ew,specific,3
201210,1,-0.008299731725367918,165,comp_ew,specific,3
201210,2,0.0010829709190477374,164,comp_ew,specific,3
201210,3,0.002252766899138079,165,comp_ew,specific,3
201210,4,0.004539705379572252,164,comp_ew,specific,3
201210,5,0.019699614405432473,164,comp_ew,specific,3
201211,1,0.0022851770237203545,165,comp_ew,specific,3
201211,2,-0.010128127554975337,165,comp_ew,specific,3
201211,3,-0.00833069308769172,164,comp_ew,specific,3
201211,4,0.00945876244494703,165,comp_ew,specific,3
201211,5,0.018008279940363903,164,comp_ew,specific,3
201212,1,-8.382600582160277e-05,165,comp_ew,specific,3
201212,2,0.007624867329705694,165,comp_ew,specific,3
201212,3,-0.012524767506453151,165,comp_ew,specific,3
201212,4,0.0040245160272330575,165,comp_ew,specific,3
201212,5,0.018646062271511523,164,comp_ew,specific,3
201301,1,-0.012581855500624487,165,comp_ew,specific,3
201301,2,0.02300563090647569,164,comp_ew,specific,3
201301,3,-0.0015638393483303759,164,comp_ew,specific,3
201301,4,0.014423485429383064,164,comp_ew,specific,3
201301,5,0.004947199068068438,164,comp_ew,specific,3
201302,1,-0.005907678216701622,165,comp_ew,specific,3
201302,2,0.008898167349270243,164,comp_ew,specific,3
201302,3,-0.00376868350606562,164,comp_ew,specific,3
201302,4,0.002955937781531067,164,comp_ew,specific,3
201302,5,0.010003377157903566,164,comp_ew,specific,3
201303,1,-0.014137567699755039,164,comp_ew,specific,3
201303,2,0.011409607204635885,164,comp_ew,specific,3
201303,3,-0.007565524934759873,164,comp_ew,specific,3
201303,4,0.020820662359185862,164,comp_ew,specific,3
201303,5,0.008949967434183363,164,comp_ew,specific,3
201304,1,-0.016434737535534746,165,comp_ew,specific,3
201304,2,0.011867423280572954,165,comp_ew,specific,3
201304,3,-0.00045243547806454173,164,comp_ew,specific,3
201304,4,-0.00016039867340119686,165,comp_ew,specific,3
201304,5,0.013055844101320619,164,comp_ew,specific,3
201305,1,-0.03054492465145793,165,comp_ew,specific,3
201305,2,-0.009911632638970049,165,comp_ew,specific,3
201305,3,-0.0013374485795690871,165,comp_ew,specific,3
201305,4,0.0004940013618763839,165,comp_ew,specific,3
201305,5,0.02373261130268602,164,comp_ew,specific,3
201306,1,-0.023669952756345626,165,comp_ew,specific,3
201306,2,-0.012589245184520934,165,comp_ew,specific,3
201306,3,-0.008168494360016074,165,comp_ew,specific,3
201306,4,0.015580011688753604,165,comp_ew,specific,3
201306,5,0.009878149408590439,164,comp_ew,specific,3
201307,1,-0.012984988281776064,166,comp_ew,specific,3
201307,2,-0.024510196873803135,166,comp_ew,specific,3
201307,3,0.007851522567121188,166,comp_ew,specific,3
201307,4,0.012798571327389164,166,comp_ew,specific,3
201307,5,0.017021435338554096,165,comp_ew,specific,3
201308,1,-0.006651937251344023,166,comp_ew,specific,3
201308,2,-0.016835879447863588,165,comp_ew,specific,3
201308,3,0.004425023450195512,165,comp_ew,specific,3
201308,4,0.027290288672540818,165,comp_ew,specific,3
201308,5,0.04833250410302828,165,comp_ew,specific,3
201309,1,-0.0185481829131272,166,comp_ew,specific,3
201309,2,-0.0028079718640917775,166,comp_ew,specific,3
201309,3,0.027748308253435543,165,comp_ew,specific,3
201309,4,0.012183737661549093,166,comp_ew,specific,3
201309,5,0.034435815786657845,165,comp_ew,specific,3
201310,1,-0.00493027118943568,166,comp_ew,specific,3
201310,2,0.00949458398475239,165,comp_ew,specific,3
201310,3,0.0072925649223023695,166,comp_ew,specific,3
201310,4,0.030846816257324116,165,comp_ew,specific,3
201310,5,0.00943440430291666,165,comp_ew,specific,3
201311,1,-0.014655799767003616,166,comp_ew,specific,3
201311,2,-0.001581677451452151,166,comp_ew,specific,3
201311,3,0.010000416268457442,166,comp_ew,specific,3
201311,4,0.015279857087894432,166,comp_ew,specific,3
201311,5,0.00014755114858392392,165,comp_ew,specific,3
201312,1,-0.010353898042018155,167,comp_ew,specific,3
201312,2,-0.008294754847940384,166,comp_ew,specific,3
201312,3,-0.012982259904905544,166,comp_ew,specific,3
201312,4,0.012196331433049205,166,comp_ew,specific,3
201312,5,0.010404162375065064,166,comp_ew,specific,3
201401,1,-0.0240376100299039,167,comp_ew,specific,3
201401,2,-0.01787832276209157,167,comp_ew,specific,3
201401,3,-0.03178220658531748,167,comp_ew,specific,3
201401,4,0.0014819896948412288,167,comp_ew,specific,3
201401,5,0.03973372912048921,167,comp_ew,specific,3
201402,1,-0.018887429550789123,167,comp_ew,specific,3
201402,2,-0.013783880043294876,167,comp_ew,specific,3
201402,3,-0.011871068953666459,167,comp_ew,specific,3
201402,4,0.007971038968913472,167,comp_ew,specific,3
201402,5,0.020615457365987255,166,comp_ew,specific,3
201403,1,-0.01173991627359747,168,comp_ew,specific,3
201403,2,-0.01271507841945362,167,comp_ew,specific,3
201403,3,0.005603915290707673,168,comp_ew,specific,3
201403,4,0.012568499543169085,167,comp_ew,specific,3
201403,5,0.015978143728995062,167,comp_ew,specific,3
201404,1,-0.010130933190438321,168,comp_ew,specific,3
201404,2,-0.007863378996873265,168,comp_ew,specific,3
201404,3,0.012390780527651777,168,comp_ew,specific,3
201404,4,0.02543907390209211,168,comp_ew,specific,3
201404,5,-0.004437637456793672,168,comp_ew,specific,3
201405,1,-0.005934567920954426,169,comp_ew,specific,3
201405,2,0.00018813566781709766,169,comp_ew,specific,3
201405,3,-0.015383383607373131,169,comp_ew,specific,3
201405,4,0.014077493576938984,169,comp_ew,specific,3
201405,5,0.030103995225741826,168,comp_ew,specific,3
201406,1,-0.0116047234479784,169,comp_ew,specific,3
201406,2,0.013501834824425322,169,comp_ew,specific,3
201406,3,-0.0025530833181730654,169,comp_ew,specific,3
201406,4,0.019421520616465064,169,comp_ew,specific,3
201406,5,0.014499228830978109,168,comp_ew,specific,3
201407,1,-0.016979900762786812,170,comp_ew,specific,3
201407,2,-0.0126068586238706,169,comp_ew,specific,3
201407,3,0.019549235163471314,170,comp_ew,specific,3
201407,4,0.0043812953052155814,169,comp_ew,specific,3
201407,5,0.024014942744548608,169,comp_ew,specific,3
201408,1,-0.02164388505349222,170,comp_ew,specific,3
201408,2,0.006976041480069499,170,comp_ew,specific,3
201408,3,-0.0015982424510041936,170,comp_ew,specific,3
201408,4,0.014033485471250579,170,comp_ew,specific,3
201408,5,0.01699695462394343,170,comp_ew,specific,3
201409,1,-0.01538386134745034,171,comp_ew,specific,3
201409,2,-0.014470156424890485,170,comp_ew,specific,3
201409,3,0.013103541194846594,170,comp_ew,specific,3
201409,4,0.016284106172883905,170,comp_ew,specific,3
201409,5,-0.00800341586081073,170,comp_ew,specific,3
201410,1,-0.00866060875781843,170,comp_ew,specific,3
201410,2,-0.0057303584550172796,170,comp_ew,specific,3
201410,3,0.005868984472761286,169,comp_ew,specific,3
201410,4,0.012767349662299598,170,comp_ew,specific,3
201410,5,0.013781584134797844,169,comp_ew,specific,3
201411,1,-0.01088747581963847,171,comp_ew,specific,3
201411,2,-0.005080426446639387,170,comp_ew,specific,3
201411,3,0.02173399323124241,171,comp_ew,specific,3
201411,4,0.018463529275844433,170,comp_ew,specific,3
201411,5,0.010375959433577801,170,comp_ew,specific,3
201412,1,-0.0056450722753067124,171,comp_ew,specific,3
201412,2,-0.007933116194896674,170,comp_ew,specific,3
201412,3,0.023000725374340072,170,comp_ew,specific,3
201412,4,0.01413449299667563,170,comp_ew,specific,3
201412,5,0.01360436658878112,170,comp_ew,specific,3
201501,1,-0.0035927202655596517,170,comp_ew,specific,3
201501,2,0.0031294982717359325,169,comp_ew,specific,3
201501,3,0.00471619056865056,170,comp_ew,specific,3
201501,4,-0.01591558256784121,169,comp_ew,specific,3
201501,5,0.036218971804296785,169,comp_ew,specific,3
201502,1,-0.024043790503540587,171,comp_ew,specific,3
201502,2,-0.006729096045358403,170,comp_ew,specific,3
201502,3,0.0016318004742964358,170,comp_ew,specific,3
201502,4,0.0034175296458614514,170,comp_ew,specific,3
201502,5,0.03529265542816482,170,comp_ew,specific,3
201503,1,-0.00972245483535001,171,comp_ew,specific,3
201503,2,-0.0004789409968361517,170,comp_ew,specific,3
201503,3,0.007038139255371964,170,comp_ew,specific,3
201503,4,0.013688045602084115,170,comp_ew,specific,3
201503,5,0.02754705713728836,170,comp_ew,specific,3
201504,1,-0.011202393364642387,171,comp_ew,specific,3
201504,2,-0.009403051993309843,170,comp_ew,specific,3
201504,3,0.017376933031868755,170,comp_ew,specific,3
201504,4,0.0008964821105380197,170,comp_ew,specific,3
201504,5,0.022188863572775348,170,comp_ew,specific,3
201505,1,0.005934469403482691,170,comp_ew,specific,3
201505,2,0.009408876353271667,170,comp_ew,specific,3
201505,3,-0.01162319892911872,170,comp_ew,specific,3
201505,4,-0.01679904461342699,170,comp_ew,specific,3
201505,5,0.02378833378164383,170,comp_ew,specific,3
201506,1,-0.014537338002165136,170,comp_ew,specific,3
201506,2,-0.008595760789992789,169,comp_ew,specific,3
201506,3,0.0032430804974681,169,comp_ew,specific,3
201506,4,-0.021576052179620213,169,comp_ew,specific,3
201506,5,0.004566792361090779,169,comp_ew,specific,3
201507,1,-0.017400333920577313,170,comp_ew,specific,3
201507,2,-0.00607578376756571,169,comp_ew,specific,3
201507,3,-0.02431069893220164,169,comp_ew,specific,3
201507,4,-0.00203509309265827,169,comp_ew,specific,3
201507,5,0.0026537898575585807,169,comp_ew,specific,3
201508,1,-0.025913105495933654,170,comp_ew,specific,3
201508,2,-0.02561641596288912,170,comp_ew,specific,3
201508,3,-0.006489119107939664,170,comp_ew,specific,3
201508,4,0.00556316793782432,170,comp_ew,specific,3
201508,5,0.01260374236122077,169,comp_ew,specific,3
201509,1,-0.01447879436236644,169,comp_ew,specific,3
201509,2,-0.012437175270373548,169,comp_ew,specific,3
201509,3,0.0049678227730922935,169,comp_ew,specific,3
201509,4,-0.014664265639356307,169,comp_ew,specific,3
201509,5,0.014204754301822714,169,comp_ew,specific,3
201510,1,-0.018617473914663566,170,comp_ew,specific,3
201510,2,0.006976560755249942,169,comp_ew,specific,3
201510,3,-0.0002873947727576725,169,comp_ew,specific,3
201510,4,0.00589270623549247,169,comp_ew,specific,3
201510,5,0.010272735705542251,169,comp_ew,specific,3
201511,1,-0.02949027732229183,170,comp_ew,specific,3
201511,2,-0.0056492769467133535,170,comp_ew,specific,3
201511,3,0.00821211697702613,169,comp_ew,specific,3
201511,4,0.02085870613551781,170,comp_ew,specific,3
201511,5,0.025194061577445977,169,comp_ew,specific,3
201512,1,-0.004824119085288051,169,comp_ew,specific,3
201512,2,-0.011517183697514886,169,comp_ew,specific,3
201512,3,0.005262852323573747,169,comp_ew,specific,3
201512,4,0.009489493458926848,169,comp_ew,specific,3
201512,5,0.0020194560023705454,168,comp_ew,specific,3
201601,1,-0.0300001293996683,168,comp_ew,specific,3
201601,2,-0.0032982518519619787,168,comp_ew,specific,3
201601,3,-0.005246418774885963,168,comp_ew,specific,3
201601,4,0.00345771812647971,168,comp_ew,specific,3
201601,5,0.023592206563179605,168,comp_ew,specific,3
201602,1,-0.023971692388029753,168,comp_ew,specific,3
201602,2,-0.006688427977817814,168,comp_ew,specific,3
201602,3,0.00644365632341182,167,comp_ew,specific,3
201602,4,-0.0043955801706956135,168,comp_ew,specific,3
201602,5,0.017538193424416437,167,comp_ew,specific,3
201603,1,-0.011065647903319799,169,comp_ew,specific,3
201603,2,-0.02213459551079823,168,comp_ew,specific,3
201603,3,0.008836254270835276,169,comp_ew,specific,3
201603,4,-0.0052040080927065495,168,comp_ew,specific,3
201603,5,0.04111668141840108,168,comp_ew,specific,3
201604,1,-0.01653303540226094,168,comp_ew,specific,3
201604,2,-0.019373808852060456,168,comp_ew,specific,3
201604,3,0.007738535334585632,168,comp_ew,specific,3
201604,4,-0.003900628475554474,168,comp_ew,specific,3
201604,5,0.005431054203339784,167,comp_ew,specific,3
201605,1,-0.0218586878834815,169,comp_ew,specific,3
201605,2,-0.010928893077882628,168,comp_ew,specific,3
201605,3,-0.014380511790293178,168,comp_ew,specific,3
201605,4,-0.0229943040178682,168,comp_ew,specific,3
201605,5,0.020889327045177035,168,comp_ew,specific,3
201606,1,-0.01895487191685487,168,comp_ew,specific,3
201606,2,-0.021818311352988274,168,comp_ew,specific,3
201606,3,-0.014579267923409366,168,comp_ew,specific,3
201606,4,0.016993724278827775,168,comp_ew,specific,3
201606,5,0.016878996603489026,167,comp_ew,specific,3
201607,1,-0.010145435676258183,168,comp_ew,specific,3
201607,2,-0.008075231578720773,168,comp_ew,specific,3
201607,3,-0.009030940162957982,168,comp_ew,specific,3
201607,4,0.01707086776680758,168,comp_ew,specific,3
201607,5,0.03593571390990249,167,comp_ew,specific,3
201608,1,-0.026809886731738168,168,comp_ew,specific,3
201608,2,0.00463250149758114,167,comp_ew,specific,3
201608,3,0.014109138128823917,168,comp_ew,specific,3
201608,4,0.01226956454455142,167,comp_ew,specific,3
201608,5,0.03974603646263485,167,comp_ew,specific,3
201609,1,-0.02604859407445472,168,comp_ew,specific,3
201609,2,-0.008698406628567844,167,comp_ew,specific,3
201609,3,0.010950572787966592,167,comp_ew,specific,3
201609,4,0.014336675971522089,167,comp_ew,specific,3
201609,5,0.027992506246050014,167,comp_ew,specific,3
201610,1,-0.027038980135210895,168,comp_ew,specific,3
201610,2,-0.007572593501960405,167,comp_ew,specific,3
201610,3,-0.0025565858736150662,167,comp_ew,specific,3
201610,4,0.013856581191020234,167,comp_ew,specific,3
201610,5,0.015483295717732548,167,comp_ew,specific,3
201611,1,-0.026478153001455812,167,comp_ew,specific,3
201611,2,-0.01731411063730114,167,comp_ew,specific,3
201611,3,0.01972882862640989,166,comp_ew,specific,3
201611,4,-0.00046857161261231497,167,comp_ew,specific,3
201611,5,0.015733083979528856,166,comp_ew,specific,3
201612,1,-0.029152997850316907,167,comp_ew,specific,3
201612,2,-0.009193309017530224,167,comp_ew,specific,3
201612,3,-0.001138098499114892,167,comp_ew,specific,3
201612,4,0.011801872033121615,167,comp_ew,specific,3
201612,5,0.014021657405805035,166,comp_ew,specific,3
201701,1,-0.019614221568839924,167,comp_ew,specific,3
201701,2,-0.01107066484981307,167,comp_ew,specific,3
201701,3,-0.01873512899976924,166,comp_ew,specific,3
201701,4,0.02408694855522849,167,comp_ew,specific,3
201701,5,0.028974635914964134,166,comp_ew,specific,3
201702,1,-0.01876175647864458,167,comp_ew,specific,3
201702,2,-0.013810243247243382,166,comp_ew,specific,3
201702,3,-0.004999517819055493,166,comp_ew,specific,3
201702,4,0.01856032398072413,166,comp_ew,specific,3
201702,5,0.02704084491426201,166,comp_ew,specific,3
201703,1,-0.019369629763772187,167,comp_ew,specific,3
201703,2,-0.006548207193366708,166,comp_ew,specific,3
201703,3,-0.0035982787464481788,166,comp_ew,specific,3
201703,4,0.0016323546928423982,166,comp_ew,specific,3
201703,5,0.03244311697977062,166,comp_ew,specific,3
201704,1,-0.02312343578673056,167,comp_ew,specific,3
201704,2,-0.006667945370326279,166,comp_ew,specific,3
201704,3,0.004555070709677444,167,comp_ew,specific,3
201704,4,0.010899189125886373,166,comp_ew,specific,3
201704,5,0.019947410027321907,166,comp_ew,specific,3
201705,1,-0.014829503752107917,167,comp_ew,specific,3
201705,2,-0.009024766684730859,166,comp_ew,specific,3
201705,3,-0.0010396392380527721,166,comp_ew,specific,3
201705,4,0.003605881216571173,166,comp_ew,specific,3
201705,5,0.029414047975468507,166,comp_ew,specific,3
201706,1,-0.0037014659901803294,166,comp_ew,specific,3
201706,2,-0.017261842051040574,165,comp_ew,specific,3
201706,3,-0.0022818922139129045,166,comp_ew,specific,3
201706,4,0.016697190544754076,165,comp_ew,specific,3
201706,5,0.01163613187391635,165,comp_ew,specific,3
201707,1,-0.019470209010705543,167,comp_ew,specific,3
201707,2,-0.01233451755590789,166,comp_ew,specific,3
201707,3,-0.012396634014332076,166,comp_ew,specific,3
201707,4,0.003992626534591611,166,comp_ew,specific,3
201707,5,0.020972916908978213,166,comp_ew,specific,3
201708,1,-0.021413368434730032,167,comp_ew,specific,3
201708,2,-0.009395110059487989,166,comp_ew,specific,3
201708,3,-0.01706508214484853,167,comp_ew,specific,3
201708,4,-0.008669374827419692,166,comp_ew,specific,3
201708,5,0.004483932893210096,166,comp_ew,specific,3
201709,1,-0.01618891546437369,166,comp_ew,specific,3
201709,2,-0.014132751328809407,166,comp_ew,specific,3
201709,3,-0.006455487362938985,166,comp_ew,specific,3
201709,4,0.0019805626864708385,166,comp_ew,specific,3
201709,5,0.007251206417173165,165,comp_ew,specific,3
201710,1,-0.013067790669633556,167,comp_ew,specific,3
201710,2,-0.002320081727640429,167,comp_ew,specific,3
201710,3,0.0015947896660996467,166,comp_ew,specific,3
201710,4,-0.010252389311139268,167,comp_ew,specific,3
201710,5,0.010773964425404882,166,comp_ew,specific,3
201711,1,-0.007032499880244414,166,comp_ew,specific,3
201711,2,0.005898949629086225,165,comp_ew,specific,3
201711,3,0.007274515088504673,165,comp_ew,specific,3
201711,4,0.011538750060696573,165,comp_ew,specific,3
201711,5,0.013863057763755298,165,comp_ew,specific,3
201712,1,-0.010745262781120894,166,comp_ew,specific,3
201712,2,-0.0034249858427046385,166,comp_ew,specific,3
201712,3,0.006998496130442772,166,comp_ew,specific,3
201712,4,0.006774892030568402,166,comp_ew,specific,3
201712,5,0.0268121636558602,166,comp_ew,specific,3
201801,1,0.010523936971982265,167,comp_ew,specific,3
201801,2,-0.006563166904567688,166,comp_ew,specific,3
201801,3,0.018161220205315142,166,comp_ew,specific,3
201801,4,0.0009118330083925387,166,comp_ew,specific,3
201801,5,0.03709134065012252,166,comp_ew,specific,3
201802,1,-0.0073350818039217254,166,comp_ew,specific,3
201802,2,0.009377778744859667,165,comp_ew,specific,3
201802,3,0.00991382347064252,165,comp_ew,specific,3
201802,4,0.010428064240128447,165,comp_ew,specific,3
201802,5,0.016983507229840746,165,comp_ew,specific,3
201803,1,-0.00946685398352475,166,comp_ew,specific,3
201803,2,-0.02853745168341101,165,comp_ew,specific,3
201803,3,0.0014621158625766312,165,comp_ew,specific,3
201803,4,0.015159882853425557,165,comp_ew,specific,3
201803,5,0.036339563119148266,165,comp_ew,specific,3
201804,1,-0.028925458763934212,165,comp_ew,specific,3
201804,2,-0.01749897922406299,164,comp_ew,specific,3
201804,3,-0.003621667086569948,165,comp_ew,specific,3
201804,4,0.006644113051449711,164,comp_ew,specific,3
201804,5,0.022995521371787984,164,comp_ew,specific,3
201805,1,-0.03848796842905026,165,comp_ew,specific,3
201805,2,0.0010095728470197775,165,comp_ew,specific,3
201805,3,0.004814571579389374,164,comp_ew,specific,3
201805,4,0.02284220743827938,165,comp_ew,specific,3
201805,5,0.0304157712552256,164,comp_ew,specific,3
201806,1,-0.017075011911392154,166,comp_ew,specific,3
201806,2,-0.011234652145489268,165,comp_ew,specific,3
201806,3,0.00919231891452894,165,comp_ew,specific,3
201806,4,0.0017558254193321627,165,comp_ew,specific,3
201806,5,0.02569181193043621,165,comp_ew,specific,3
201807,1,-0.004857574368396106,165,comp_ew,specific,3
201807,2,-0.01167804046519807,164,comp_ew,specific,3
201807,3,0.005691427162915446,165,comp_ew,specific,3
201807,4,0.015586492507093357,164,comp_ew,specific,3
201807,5,0.030202680303511024,164,comp_ew,specific,3
201808,1,-0.010633911121906302,166,comp_ew,specific,3
201808,2,0.010474512982379936,165,comp_ew,specific,3
201808,3,-0.008209372669619961,165,comp_ew,specific,3
201808,4,-0.0017215261870055613,165,comp_ew,specific,3
201808,5,0.022456383741073803,165,comp_ew,specific,3
201809,1,0.007622178455098757,165,comp_ew,specific,3
201809,2,0.0022839834682103037,165,comp_ew,specific,3
201809,3,-0.006963682908407547,165,comp_ew,specific,3
201809,4,0.015864135336143066,165,comp_ew,specific,3
201809,5,0.02609980769479311,164,comp_ew,specific,3
201810,1,-0.017935115397407123,165,comp_ew,specific,3
201810,2,-0.0017745024096329292,165,comp_ew,specific,3
201810,3,0.003715997564659767,164,comp_ew,specific,3
201810,4,0.023903325392472596,165,comp_ew,specific,3
201810,5,0.014082935035562377,164,comp_ew,specific,3
201811,1,-0.0326554875913539,166,comp_ew,specific,3
201811,2,-0.006525360379717271,165,comp_ew,specific,3
201811,3,0.0016308412618518974,165,comp_ew,specific,3
201811,4,0.0031199998358239374,165,comp_ew,specific,3
201811,5,0.025086602568431652,165,comp_ew,specific,3
201812,1,-0.02998627670273799,165,comp_ew,specific,3
201812,2,0.016823618018989284,164,comp_ew,specific,3
201812,3,-0.010722584168240025,165,comp_ew,specific,3
201812,4,-0.009045559644910215,164,comp_ew,specific,3
201812,5,0.01583192819351062,164,comp_ew,specific,3
201901,1,-0.02292067101704841,165,comp_ew,specific,3
201901,2,-0.011458547050319432,164,comp_ew,specific,3
201901,3,0.01846385694729595,164,comp_ew,specific,3
201901,4,-0.0036492509401810707,164,comp_ew,specific,3
201901,5,0.006378118739229777,164,comp_ew,specific,3
201902,1,-0.01775441487953391,165,comp_ew,specific,3
201902,2,-0.002290541291612226,164,comp_ew,specific,3
201902,3,0.00797700312511254,165,comp_ew,specific,3
201902,4,-0.002544145287367357,164,comp_ew,specific,3
201902,5,0.025310039325759228,164,comp_ew,specific,3
201903,1,0.003199096367065151,165,comp_ew,specific,3
201903,2,-0.012045421322800244,164,comp_ew,specific,3
201903,3,0.0054821629321547,164,comp_ew,specific,3
201903,4,0.012383427423282115,164,comp_ew,specific,3
201903,5,-0.0002536776477308567,164,comp_ew,specific,3
201904,1,0.004657785414329449,164,comp_ew,specific,3
201904,2,-0.0021819271730580594,164,comp_ew,specific,3
201904,3,0.02132616869009155,164,comp_ew,specific,3
201904,4,-0.007921772612699798,164,comp_ew,specific,3
201904,5,0.017328067295683685,163,comp_ew,specific,3
201905,1,-0.027566577483856103,165,comp_ew,specific,3
201905,2,-0.005023686334041845,165,comp_ew,specific,3
201905,3,0.012555693821325183,165,comp_ew,specific,3
201905,4,0.009853064661968046,165,comp_ew,specific,3
201905,5,0.015222936487460053,164,comp_ew,specific,3
201906,1,-0.0186282762844526,165,comp_ew,specific,3
201906,2,0.0037628119926153124,165,comp_ew,specific,3
201906,3,-0.004830304337415961,165,comp_ew,specific,3
201906,4,0.013232525234306885,165,comp_ew,specific,3
201906,5,0.007199700578443117,164,comp_ew,specific,3
201907,1,-0.01726312408618084,165,comp_ew,specific,3
201907,2,-0.017712133039089424,165,comp_ew,specific,3
201907,3,0.0003407026314485285,164,comp_ew,specific,3
201907,4,-0.012627334302008499,165,comp_ew,specific,3
201907,5,0.0010609062686536563,164,comp_ew,specific,3
201908,1,-0.03183104007609482,165,comp_ew,specific,3
201908,2,-0.014211361422792137,164,comp_ew,specific,3
201908,3,3.5060130458297587e-05,165,comp_ew,specific,3
201908,4,0.005038882502681427,164,comp_ew,specific,3
201908,5,0.0054558146767421795,164,comp_ew,specific,3
201909,1,-0.03753460242529077,165,comp_ew,specific,3
201909,2,-0.0013266143932177054,164,comp_ew,specific,3
201909,3,-0.016982242658663223,165,comp_ew,specific,3
201909,4,0.007454697590125728,164,comp_ew,specific,3
201909,5,0.01742312362717858,164,comp_ew,specific,3
201910,1,-0.017734795605080414,165,comp_ew,specific,3
201910,2,-0.003147349140194451,164,comp_ew,specific,3
201910,3,-0.019334441850888326,164,comp_ew,specific,3
201910,4,0.00722322976395479,164,comp_ew,specific,3
201910,5,0.029676537401756433,164,comp_ew,specific,3
201911,1,-0.026112964815892356,165,comp_ew,specific,3
201911,2,-0.008730519256496646,164,comp_ew,specific,3
201911,3,-0.0035840618953023604,165,comp_ew,specific,3
201911,4,0.014294542529914958,164,comp_ew,specific,3
201911,5,0.010333435375215774,164,comp_ew,specific,3
201912,1,-0.027217996109844562,164,comp_ew,specific,3
201912,2,0.005210477411971895,164,comp_ew,specific,3
201912,3,-0.00207549704658905,163,comp_ew,specific,3
201912,4,-0.008527888059513608,164,comp_ew,specific,3
201912,5,0.021584509440871744,163,comp_ew,specific,3
202001,1,-0.01029511178223644,164,comp_ew,specific,3
202001,2,-0.007083052229859842,164,comp_ew,specific,3
202001,3,0.010777733110430204,164,comp_ew,specific,3
202001,4,-0.009961795956896039,164,comp_ew,specific,3
202001,5,0.006348385721520871,163,comp_ew,specific,3
202002,1,-0.011889540891789228,164,comp_ew,specific,3
202002,2,-0.006146252034733374,163,comp_ew,specific,3
202002,3,-0.003191393174485198,163,comp_ew,specific,3
202002,4,0.006881088570620537,163,comp_ew,specific,3
202002,5,0.015417839310150151,163,comp_ew,specific,3
202003,1,-0.007722526787255254,164,comp_ew,specific,3
202003,2,-0.014571518087367,164,comp_ew,specific,3
202003,3,0.008113562484573839,163,comp_ew,specific,3
202003,4,0.025020912859195235,164,comp_ew,specific,3
202003,5,0.0015718621244109985,163,comp_ew,specific,3
202004,1,-0.015549068861741913,164,comp_ew,specific,3
202004,2,-0.009086201247756068,163,comp_ew,specific,3
202004,3,0.0021387184060661438,164,comp_ew,specific,3
202004,4,0.029416332403232236,163,comp_ew,specific,3
202004,5,0.00030257424606586935,163,comp_ew,specific,3
202005,1,-0.0068160079914125924,164,comp_ew,specific,3
202005,2,-0.00023162501981968645,163,comp_ew,specific,3
202005,3,0.0029660269714877896,164,comp_ew,specific,3
202005,4,0.0018098079008862778,163,comp_ew,specific,3
202005,5,0.027287466434344338,163,comp_ew,specific,3
202006,1,-0.004892040495341098,164,comp_ew,specific,3
202006,2,0.027087093209328145,163,comp_ew,specific,3
202006,3,-0.009352011042400575,164,comp_ew,specific,3
202006,4,-0.005106108138192276,163,comp_ew,specific,3
202006,5,0.029345183821146068,163,comp_ew,specific,3
202007,1,-0.0035179289645260424,163,comp_ew,specific,3
202007,2,0.007804249420716481,163,comp_ew,specific,3
202007,3,-0.002436741052536067,163,comp_ew,specific,3
202007,4,0.010011324551356402,163,comp_ew,specific,3
202007,5,0.020121096482482278,162,comp_ew,specific,3
202008,1,0.003890758175969936,163,comp_ew,specific,3
202008,2,-0.0008380157263410051,163,comp_ew,specific,3
202008,3,0.006213350795995988,163,comp_ew,specific,3
202008,4,0.019239317183443377,163,comp_ew,specific,3
202008,5,0.005557391821325372,163,comp_ew,specific,3
202009,1,-0.005302400385459974,162,comp_ew,specific,3
202009,2,-0.024725575115542662,162,comp_ew,specific,3
202009,3,0.027873271852536328,162,comp_ew,specific,3
202009,4,0.0019012306231392993,162,comp_ew,specific,3
202009,5,0.010999307214107214,162,comp_ew,specific,3
202010,1,-0.004126001654738602,163,comp_ew,specific,3
202010,2,-0.012437790937221001,162,comp_ew,specific,3
202010,3,0.006400405738412031,162,comp_ew,specific,3
202010,4,0.005544669687311469,162,comp_ew,specific,3
202010,5,0.01906781740608199,162,comp_ew,specific,3
202011,1,-0.020281509111352652,163,comp_ew,specific,3
202011,2,-0.00580421793738316,162,comp_ew,specific,3
202011,3,-0.00022339226471329945,162,comp_ew,specific,3
202011,4,0.010775191546193167,162,comp_ew,specific,3
202011,5,0.015535205426964556,162,comp_ew,specific,3
202012,1,-0.01682234022042505,162,comp_ew,specific,3
202012,2,-0.008082259778310749,161,comp_ew,specific,3
202012,3,-0.015076640504871612,161,comp_ew,specific,3
202012,4,0.012028692884128988,161,comp_ew,specific,3
202012,5,0.01834475240976021,161,comp_ew,specific,3
202101,1,-0.004375627203130768,162,comp_ew,specific,3
202101,2,-0.011661374773018153,161,comp_ew,specific,3
202101,3,-0.006373445891538951,161,comp_ew,specific,3
202101,4,6.285385345161266e-05,161,comp_ew,specific,3
202101,5,0.016453292093252518,161,comp_ew,specific,3
202102,1,-0.0229062215270731,161,comp_ew,specific,3
202102,2,-0.012299419669700442,161,comp_ew,specific,3
202102,3,0.010284928453163584,161,comp_ew,specific,3
202102,4,0.01068874552815213,161,comp_ew,specific,3
202102,5,0.000507827943604363,160,comp_ew,specific,3
202103,1,-0.024577733998140932,162,comp_ew,specific,3
202103,2,-0.004944749975863957,161,comp_ew,specific,3
202103,3,0.0026484798885550304,161,comp_ew,specific,3
202103,4,0.012064780091667374,161,comp_ew,specific,3
202103,5,0.009242447129356271,161,comp_ew,specific,3
202104,1,-0.01373475388302428,161,comp_ew,specific,3
202104,2,-0.018882464268236848,161,comp_ew,specific,3
202104,3,-0.0009878504203172038,161,comp_ew,specific,3
202104,4,0.008803842209075468,161,comp_ew,specific,3
202104,5,0.0321796440901393,160,comp_ew,specific,3
202105,1,-0.02220332255547735,161,comp_ew,specific,3
202105,2,-0.013887774441642266,160,comp_ew,specific,3
202105,3,-0.022738810880336052,161,comp_ew,specific,3
202105,4,0.025704499803394603,160,comp_ew,specific,3
202105,5,0.03278435097335547,160,comp_ew,specific,3
202106,1,-0.003750395556270582,161,comp_ew,specific,3
202106,2,-0.0035273168123450827,160,comp_ew,specific,3
202106,3,0.003073279669904662,161,comp_ew,specific,3
202106,4,0.011274320507897622,160,comp_ew,specific,3
202106,5,0.019335175513560086,160,comp_ew,specific,3
202107,1,-0.021955150762993043,160,comp_ew,specific,3
202107,2,0.006891307784464745,160,comp_ew,specific,3
202107,3,0.008514336715093227,160,comp_ew,specific,3
202107,4,-0.007217580311735786,160,comp_ew,specific,3
202107,5,0.02180163766686843,160,comp_ew,specific,3
202108,1,0.01814516485635123,161,comp_ew,specific,3
202108,2,-0.008360094346391015,160,comp_ew,specific,3
202108,3,0.002767212207396287,161,comp_ew,specific,3
202108,4,0.008017743335624258,160,comp_ew,specific,3
202108,5,0.014406876837562643,160,comp_ew,specific,3
202109,1,0.007184020516831096,161,comp_ew,specific,3
202109,2,-0.009032068329174539,160,comp_ew,specific,3
202109,3,-0.006835393987811486,161,comp_ew,specific,3
202109,4,-0.0011060388172970915,160,comp_ew,specific,3
202109,5,0.02038100229815217,160,comp_ew,specific,3
202110,1,-0.019830699190071455,161,comp_ew,specific,3
202110,2,-0.01446550446106796,160,comp_ew,specific,3
202110,3,0.00784743675188894,160,comp_ew,specific,3
202110,4,0.017712832111685246,160,comp_ew,specific,3
202110,5,0.012250832820946444,160,comp_ew,specific,3
202111,1,-0.022415876189079337,161,comp_ew,specific,3
202111,2,-0.02208977450472329,160,comp_ew,specific,3
202111,3,0.011630632272098677,161,comp_ew,specific,3
202111,4,-0.014562852771996409,160,comp_ew,specific,3
202111,5,0.00119710277690265,160,comp_ew,specific,3
202112,1,-0.025567476076520917,161,comp_ew,specific,3
202112,2,0.012774369639413707,160,comp_ew,specific,3
202112,3,-0.007294582393902499,161,comp_ew,specific,3
202112,4,0.0040728595276801815,160,comp_ew,specific,3
202112,5,-0.015987374067259294,160,comp_ew,specific,3
202201,1,-0.012533510540695233,160,comp_ew,specific,3
202201,2,-0.02375248616419131,160,comp_ew,specific,3
202201,3,-0.0030712121548484286,160,comp_ew,specific,3
202201,4,0.0056411776220688286,160,comp_ew,specific,3
202201,5,0.0072879412040048165,160,comp_ew,specific,3
202202,1,-0.012381895178339927,160,comp_ew,specific,3
202202,2,-0.011313397439611367,160,comp_ew,specific,3
202202,3,0.00934910478346041,160,comp_ew,specific,3
202202,4,0.019798357757244346,160,comp_ew,specific,3
202202,5,0.01699925117136926,159,comp_ew,specific,3
202203,1,-0.014325514533825526,160,comp_ew,specific,3
202203,2,0.008462430362007252,159,comp_ew,specific,3
202203,3,-0.00363292071622829,159,comp_ew,specific,3
202203,4,0.013131176067030462,159,comp_ew,specific,3
202203,5,0.025009115085012544,159,comp_ew,specific,3
202204,1,-0.0009947885574428388,160,comp_ew,specific,3
202204,2,-0.011627224295220116,160,comp_ew,specific,3
202204,3,0.014226319796070294,159,comp_ew,specific,3
202204,4,0.01288222624035576,160,comp_ew,specific,3
202204,5,0.01785793012816176,159,comp_ew,specific,3
202205,1,0.005397763108466226,159,comp_ew,specific,3
202205,2,0.007750881524564918,159,comp_ew,specific,3
202205,3,0.007256683927695806,159,comp_ew,specific,3
202205,4,0.0059390168235051955,159,comp_ew,specific,3
202205,5,0.00603636394180547,159,comp_ew,specific,3
202206,1,-0.012464714544072707,159,comp_ew,specific,3
202206,2,-0.011503343102113933,158,comp_ew,specific,3
202206,3,0.00485816881523393,159,comp_ew,specific,3
202206,4,0.020110032696549138,158,comp_ew,specific,3
202206,5,0.012018951450025657,158,comp_ew,specific,3
202207,1,-0.010075249021641417,160,comp_ew,specific,3
202207,2,-0.01055080795237071,159,comp_ew,specific,3
202207,3,0.008423708820570482,160,comp_ew,specific,3
202207,4,0.00033363574611299895,159,comp_ew,specific,3
202207,5,0.02154942781254834,159,comp_ew,specific,3
202208,1,-0.0015567614192204518,160,comp_ew,specific,3
202208,2,0.0023663208825476967,159,comp_ew,specific,3
202208,3,-0.0013186330252991543,160,comp_ew,specific,3
202208,4,-0.0006327050709205547,159,comp_ew,specific,3
202208,5,-0.0011763814994397612,159,comp_ew,specific,3
202209,1,0.011761554829231882,160,comp_ew,specific,3
202209,2,0.0020695305408514135,159,comp_ew,specific,3
202209,3,-0.010914985899126692,159,comp_ew,specific,3
202209,4,0.007285534457455142,159,comp_ew,specific,3
202209,5,0.006552693822536252,159,comp_ew,specific,3
202210,1,-0.013311753791048916,159,comp_ew,specific,3
202210,2,9.71618146076424e-05,159,comp_ew,specific,3
202210,3,0.008579537520526016,159,comp_ew,specific,3
202210,4,0.02018706038200124,159,comp_ew,specific,3
202210,5,0.01390197981816695,159,comp_ew,specific,3
202211,1,-0.018183534985818425,159,comp_ew,specific,3
202211,2,-0.002236577498166256,159,comp_ew,specific,3
202211,3,-0.0018587141480028162,159,comp_ew,specific,3
202211,4,0.0109893074602634,159,comp_ew,specific,3
202211,5,0.028765406281928706,159,comp_ew,specific,3
202212,1,-0.03135386924858861,159,comp_ew,specific,3
202212,2,0.000739501251398949,159,comp_ew,specific,3
202212,3,-0.0026912544823213497,159,comp_ew,specific,3
202212,4,0.009910926967181198,159,comp_ew,specific,3
202212,5,0.005949460096915671,158,comp_ew,specific,3
202301,1,-0.02662456836842633,159,comp_ew,specific,3
202301,2,-0.009856680844957751,158,comp_ew,specific,3
202301,3,-0.0045288589375842275,158,comp_ew,specific,3
202301,4,0.01160412815983056,158,comp_ew,specific,3
202301,5,0.01978234972126176,158,comp_ew,specific,3
202302,1,-0.023791712619330278,158,comp_ew,specific,3
202302,2,-0.004360950797761341,158,comp_ew,specific,3
202302,3,0.013471461721991054,158,comp_ew,specific,3
202302,4,0.0034410968764307225,158,comp_ew,specific,3
202302,5,-0.003863224321366699,158,comp_ew,specific,3
202303,1,-0.009892289931121635,159,comp_ew,specific,3
202303,2,-0.008709016925026443,158,comp_ew,specific,3
202303,3,0.0007140819145895357,159,comp_ew,specific,3
202303,4,0.008557895762776215,158,comp_ew,specific,3
202303,5,0.032159397135845105,158,comp_ew,specific,3
202304,1,-0.017153333604108187,159,comp_ew,specific,3
202304,2,-0.022175190306625663,158,comp_ew,specific,3
202304,3,-0.0037080351107608555,158,comp_ew,specific,3
202304,4,0.01817999519115159,158,comp_ew,specific,3
202304,5,0.027956465894685045,158,comp_ew,specific,3
202305,1,-0.03269450434161888,159,comp_ew,specific,3
202305,2,-0.01872231509737094,159,comp_ew,specific,3
202305,3,0.009645988546810322,159,comp_ew,specific,3
202305,4,0.012852443281402712,159,comp_ew,specific,3
202305,5,0.016647275052072644,158,comp_ew,specific,3
202306,1,-0.029398127747827997,158,comp_ew,specific,3
202306,2,-0.013050390965753805,158,comp_ew,specific,3
202306,3,-0.012006539186266717,158,comp_ew,specific,3
202306,4,0.023582789548055122,158,comp_ew,specific,3
202306,5,0.015618885419907797,158,comp_ew,specific,3
202307,1,-0.010622558851971555,159,comp_ew,specific,3
202307,2,-0.01223694648404831,158,comp_ew,specific,3
202307,3,-0.018283951633204877,159,comp_ew,specific,3
202307,4,0.02062607111027366,158,comp_ew,specific,3
202307,5,0.008595391064167695,158,comp_ew,specific,3
202308,1,-0.015883293711513664,158,comp_ew,specific,3
202308,2,-0.008437344619451096,158,comp_ew,specific,3
202308,3,0.010401932387221391,158,comp_ew,specific,3
202308,4,0.01643402302605008,158,comp_ew,specific,3
202308,5,0.007059095446249836,157,comp_ew,specific,3
202309,1,-0.030499777154216975,158,comp_ew,specific,3
202309,2,0.004569249127884224,158,comp_ew,specific,3
202309,3,0.011236844951422695,158,comp_ew,specific,3
202309,4,0.009709759401239281,158,comp_ew,specific,3
202309,5,0.010586566734688146,157,comp_ew,specific,3
202310,1,-0.02500698578982821,158,comp_ew,specific,3
202310,2,-0.008724077548028378,158,comp_ew,specific,3
202310,3,0.012682747055345618,157,comp_ew,specific,3
202310,4,0.01141366591264843,158,comp_ew,specific,3
202310,5,0.019047010231325805,157,comp_ew,specific,3
202311,1,-0.015704253034600078,158,comp_ew,specific,3
202311,2,-0.004090293711647966,157,comp_ew,specific,3
202311,3,0.016485774446291162,158,comp_ew,specific,3
202311,4,-0.013383124667748315,157,comp_ew,specific,3
202311,5,0.023249642530030912,157,comp_ew,specific,3
202312,1,0.010017937233165727,158,comp_ew,specific,3
202312,2,-0.01790447591123193,158,comp_ew,specific,3
202312,3,-0.00546943037706117,158,comp_ew,specific,3
202312,4,-0.009518978454086191,158,comp_ew,specific,3
202312,5,0.019064848582201074,157,comp_ew,specific,3
202401,1,0.007127420444657166,158,comp_ew,specific,3
202401,2,-0.02609788394772496,158,comp_ew,specific,3
202401,3,0.005752123291074038,158,comp_ew,specific,3
202401,4,0.0007210390850072697,158,comp_ew,specific,3
202401,5,-0.007144248578364362,157,comp_ew,specific,3
202402,1,-0.0073370618811319285,158,comp_ew,specific,3
202402,2,-0.013854284015366985,157,comp_ew,specific,3
202402,3,0.03451688649970984,158,comp_ew,specific,3
202402,4,-0.003554242624924616,157,comp_ew,specific,3
202402,5,-0.011780234882421536,157,comp_ew,specific,3
202403,1,-0.019170072467349083,158,comp_ew,specific,3
202403,2,0.006388022159868594,158,comp_ew,specific,3
202403,3,0.01887092904723337,157,comp_ew,specific,3
202403,4,-0.006238397680722039,158,comp_ew,specific,3
202403,5,0.00838581993777706,157,comp_ew,specific,3
202404,1,-0.013287676389096045,157,comp_ew,specific,3
202404,2,-0.026474471488557024,157,comp_ew,specific,3
202404,3,-0.010538655360997334,157,comp_ew,specific,3
202404,4,0.015906990635433774,157,comp_ew,specific,3
202404,5,0.03167203284251822,157,comp_ew,specific,3
202405,1,-0.014690328801212547,157,comp_ew,specific,3
202405,2,-0.014269095111261926,157,comp_ew,specific,3
202405,3,0.007030374212733792,156,comp_ew,specific,3
202405,4,-0.00278660291659983,157,comp_ew,specific,3
202405,5,0.014131177772345639,156,comp_ew,specific,3
202406,1,-0.016769742527915996,157,comp_ew,specific,3
202406,2,-0.0017927877660741823,157,comp_ew,specific,3
202406,3,-0.009223302467114343,156,comp_ew,specific,3
202406,4,0.004260626387159927,157,comp_ew,specific,3
202406,5,0.0159397970978025,156,comp_ew,specific,3
202407,1,-0.013913554784983117,157,comp_ew,specific,3
202407,2,0.011590906911305703,157,comp_ew,specific,3
202407,3,0.0011521990224358121,157,comp_ew,specific,3
202407,4,0.014851846486321926,157,comp_ew,specific,3
202407,5,0.030129425496075373,157,comp_ew,specific,3
202408,1,0.010494533884516316,157,comp_ew,specific,3
202408,2,0.01523608966277671,156,comp_ew,specific,3
202408,3,0.019530575539575747,157,comp_ew,specific,3
202408,4,-0.009213133701946359,156,comp_ew,specific,3
202408,5,0.020466445896657387,156,comp_ew,specific,3
202409,1,-0.0043987986471795415,156,comp_ew,specific,3
202409,2,0.004727145579282091,156,comp_ew,specific,3
202409,3,0.0021505416890667504,156,comp_ew,specific,3
202409,4,0.02436055638329073,156,comp_ew,specific,3
202409,5,0.020518423369046863,156,comp_ew,specific,3
202410,1,-0.012061588523380424,156,comp_ew,specific,3
202410,2,0.0027610743351749577,156,comp_ew,specific,3
202410,3,-0.006262508074427604,156,comp_ew,specific,3
202410,4,0.01332527083801403,156,comp_ew,specific,3
202410,5,0.0310759346527152,155,comp_ew,specific,3
202411,1,-0.02067978378217716,156,comp_ew,specific,3
202411,2,-0.00678357614308316,156,comp_ew,specific,3
202411,3,0.0180167804071998,156,comp_ew,specific,3
202411,4,0.007444172576448929,156,comp_ew,specific,3
202411,5,0.008117509434489448,156,comp_ew,specific,3
202412,1,-0.007920075512130219,156,comp_ew,specific,3
202412,2,-0.006990395712317154,156,comp_ew,specific,3
202412,3,-0.002517358776632141,155,comp_ew,specific,3
202412,4,0.001921737926193075,156,comp_ew,specific,3
202412,5,0.007502827220996273,155,comp_ew,specific,3
202501,1,-0.013381498585947007,156,comp_ew,specific,3
202501,2,-0.011611098681853225,155,comp_ew,specific,3
202501,3,-0.0029509435768621606,155,comp_ew,specific,3
202501,4,0.002181060700581771,155,comp_ew,specific,3
202501,5,0.01767120436815952,155,comp_ew,specific,3
202502,1,-0.03322263915654579,155,comp_ew,specific,3
202502,2,-0.013306238260185716,155,comp_ew,specific,3
202502,3,0.005917218180476451,155,comp_ew,specific,3
202502,4,0.022055681748887217,155,comp_ew,specific,3
202502,5,-0.0013231719470551864,154,comp_ew,specific,3
202503,1,-0.027986206232293948,155,comp_ew,specific,3
202503,2,-0.01460046032942397,155,comp_ew,specific,3
202503,3,-0.004512310588937246,154,comp_ew,specific,3
202503,4,-0.005884663481150871,155,comp_ew,specific,3
202503,5,0.0344292863026241,154,comp_ew,specific,3
202504,1,-0.009171012852933666,155,comp_ew,specific,3
202504,2,0.005237924845407176,154,comp_ew,specific,3
202504,3,-0.018160011961163174,154,comp_ew,specific,3
202504,4,0.007268982581342754,154,comp_ew,specific,3
202504,5,-0.00035518043823288273,154,comp_ew,specific,3
202505,1,-0.006748156579411303,155,comp_ew,specific,3
202505,2,-0.007874924457996394,154,comp_ew,specific,3
202505,3,0.0024658319987080285,155,comp_ew,specific,3
202505,4,-0.012965369424872236,154,comp_ew,specific,3
202505,5,0.008069524980315733,154,comp_ew,specific,3
202506,1,-0.011419934949283235,155,comp_ew,specific,3
202506,2,-0.0035902056606959823,154,comp_ew,specific,3
202506,3,0.02221304106050421,155,comp_ew,specific,3
202506,4,-0.00419346940877701,154,comp_ew,specific,3
202506,5,0.0007765170428985173,154,comp_ew,specific,3
202507,1,-0.011575600531776859,155,comp_ew,specific,3
202507,2,0.019505102858586455,154,comp_ew,specific,3
202507,3,0.008048190517982702,155,comp_ew,specific,3
202507,4,-0.00453704307293268,154,comp_ew,specific,3
202507,5,0.005346359775803119,154,comp_ew,specific,3
202508,1,-0.008758851174504275,155,comp_ew,specific,3
202508,2,0.021491462286693717,154,comp_ew,specific,3
202508,3,0.01842176095386523,154,comp_ew,specific,3
202508,4,-0.0030404206757438748,154,comp_ew,specific,3
202508,5,0.012422558823357344,154,comp_ew,specific,3
202509,1,0.0027726836808738826,154,comp_ew,specific,3
202509,2,-0.01344700589552172,154,comp_ew,specific,3
202509,3,0.00281092768237487,154,comp_ew,specific,3
202509,4,0.004558821509480207,154,comp_ew,specific,3
202509,5,0.02144600659862486,154,comp_ew,specific,3
202510,1,-0.013451960053809229,154,comp_ew,specific,3
202510,2,0.007246302600119076,154,comp_ew,specific,3
202510,3,0.021134510690079704,153,comp_ew,specific,3
202510,4,1.956993699132543e-05,154,comp_ew,specific,3
202510,5,0.013352819213904759,153,comp_ew,specific,3
202511,1,-0.020599339904405836,154,comp_ew,specific,3
202511,2,-0.0036658378601845854,153,comp_ew,specific,3
202511,3,0.0013573053021975158,154,comp_ew,specific,3
202511,4,-0.0025038083313902236,153,comp_ew,specific,3
202511,5,0.02737697016511346,153,comp_ew,specific,3
202512,1,0.003949835621702115,154,comp_ew,specific,3
202512,2,0.006604986057101287,153,comp_ew,specific,3
202512,3,-0.008351861136474832,154,comp_ew,specific,3
202512,4,-0.004393410899397833,153,comp_ew,specific,3
202512,5,0.022519270896370815,153,comp_ew,specific,3
202601,1,-0.007764905277267725,153,comp_ew,specific,3
202601,2,-0.008497763883411513,153,comp_ew,specific,3
202601,3,0.006392740170132225,153,comp_ew,specific,3
202601,4,-0.013634318759970792,153,comp_ew,specific,3
202601,5,0.01988159361745424,153,comp_ew,specific,3
202602,1,-0.02296949792268589,153,comp_ew,specific,3
202602,2,0.008041151309375643,153,comp_ew,specific,3
202602,3,0.00924511764622358,153,comp_ew,specific,3
202602,4,0.01349534985144499,153,comp_ew,specific,3
202602,5,0.0014554265181228774,153,comp_ew,specific,3
202603,1,-0.017942416721744157,153,comp_ew,specific,3
202603,2,-0.003785612322245456,152,comp_ew,specific,3
202603,3,0.006526600426646939,153,comp_ew,specific,3
202603,4,0.010362778920465247,152,comp_ew,specific,3
202603,5,0.011387820054597509,152,comp_ew,specific,3
202604,1,-0.00915825259550821,153,comp_ew,specific,3
202604,2,-0.016187175127715288,153,comp_ew,specific,3
202604,3,-0.008189202352173549,153,comp_ew,specific,3
202604,4,0.008885363009024552,153,comp_ew,specific,3
202604,5,0.01199175495395576,153,comp_ew,specific,3
200801,1,-0.026903423697017013,142,comp_ew,specific,6
200801,2,-0.03124393673340467,142,comp_ew,specific,6
200801,3,-0.04424120689767357,142,comp_ew,specific,6
200801,4,0.03618530003409519,142,comp_ew,specific,6
200801,5,0.03145640457772372,142,comp_ew,specific,6
200802,1,-0.01667335809434863,142,comp_ew,specific,6
200802,2,-0.03222093137380697,142,comp_ew,specific,6
200802,3,0.016214946399377723,142,comp_ew,specific,6
200802,4,-0.004697521951958595,142,comp_ew,specific,6
200802,5,0.022854990236955763,142,comp_ew,specific,6
200803,1,-0.02457518010504868,144,comp_ew,specific,6
200803,2,-0.006302930042656266,143,comp_ew,specific,6
200803,3,0.03500308222134751,143,comp_ew,specific,6
200803,4,0.006211039221481632,143,comp_ew,specific,6
200803,5,0.013220990384243222,143,comp_ew,specific,6
200804,1,-0.025832421477683484,144,comp_ew,specific,6
200804,2,-0.015544737868029701,143,comp_ew,specific,6
200804,3,0.019709079454716963,144,comp_ew,specific,6
200804,4,0.007378781429112881,143,comp_ew,specific,6
200804,5,0.022184762189891925,143,comp_ew,specific,6
200805,1,-0.005242159253040209,143,comp_ew,specific,6
200805,2,-0.028188883103968082,143,comp_ew,specific,6
200805,3,0.0018195771382391865,143,comp_ew,specific,6
200805,4,0.017403947608463765,143,comp_ew,specific,6
200805,5,0.030238207631693655,142,comp_ew,specific,6
200806,1,-0.003693877364658648,145,comp_ew,specific,6
200806,2,-0.03468129901208624,144,comp_ew,specific,6
200806,3,-0.00016021729350568418,145,comp_ew,specific,6
200806,4,-0.00046572310652429186,144,comp_ew,specific,6
200806,5,0.029932114714563078,144,comp_ew,specific,6
200807,1,-0.01495244488446244,145,comp_ew,specific,6
200807,2,-0.004782093138177277,145,comp_ew,specific,6
200807,3,-0.016227890643543585,145,comp_ew,specific,6
200807,4,0.015429392550259418,145,comp_ew,specific,6
200807,5,0.019215870890474315,144,comp_ew,specific,6
200808,1,0.0058892562768556745,145,comp_ew,specific,6
200808,2,-0.017703301712260155,145,comp_ew,specific,6
200808,3,-0.02216854809486978,145,comp_ew,specific,6
200808,4,-0.0028805110375498756,145,comp_ew,specific,6
200808,5,-0.006726659346969709,144,comp_ew,specific,6
200809,1,-0.016122628379836957,145,comp_ew,specific,6
200809,2,-0.0359018872312928,144,comp_ew,specific,6
200809,3,0.03229639114623718,145,comp_ew,specific,6
200809,4,-0.015471106074093787,144,comp_ew,specific,6
200809,5,-0.014314697665875361,144,comp_ew,specific,6
200810,1,-0.02970840245117829,146,comp_ew,specific,6
200810,2,-0.032907520473890624,145,comp_ew,specific,6
200810,3,-0.0036355042072955634,145,comp_ew,specific,6
200810,4,0.03005154903756456,145,comp_ew,specific,6
200810,5,-0.014219460003391485,145,comp_ew,specific,6
200811,1,-0.024078741756696862,147,comp_ew,specific,6
200811,2,-0.031122035209579343,147,comp_ew,specific,6
200811,3,-0.020890782782065433,146,comp_ew,specific,6
200811,4,0.0006293592034595302,147,comp_ew,specific,6
200811,5,0.04348439667620347,146,comp_ew,specific,6
200812,1,-0.01443668551056907,147,comp_ew,specific,6
200812,2,-0.01972803411268044,147,comp_ew,specific,6
200812,3,-0.022916672128280347,146,comp_ew,specific,6
200812,4,0.009248361601979971,147,comp_ew,specific,6
200812,5,0.027391293237483686,146,comp_ew,specific,6
200901,1,-0.026222757036712646,147,comp_ew,specific,6
200901,2,-0.013986836132956254,147,comp_ew,specific,6
200901,3,0.006014204488982052,147,comp_ew,specific,6
200901,4,-0.004135034488370551,147,comp_ew,specific,6
200901,5,0.02473419039088668,147,comp_ew,specific,6
200902,1,-0.006438321812792,148,comp_ew,specific,6
200902,2,-0.006894083397039833,148,comp_ew,specific,6
200902,3,0.008733004436505626,148,comp_ew,specific,6
200902,4,0.004196511421327181,148,comp_ew,specific,6
200902,5,0.047341119153273735,148,comp_ew,specific,6
200903,1,-0.018591244712761613,148,comp_ew,specific,6
200903,2,0.018122459962320186,148,comp_ew,specific,6
200903,3,-0.014970028427850335,148,comp_ew,specific,6
200903,4,0.01560510336331547,148,comp_ew,specific,6
200903,5,0.02675714898703617,148,comp_ew,specific,6
200904,1,0.001200115266732642,150,comp_ew,specific,6
200904,2,-0.009802997223807043,149,comp_ew,specific,6
200904,3,-1.0787997058455171e-05,149,comp_ew,specific,6
200904,4,-0.014889296958289172,149,comp_ew,specific,6
200904,5,0.03944745813093874,149,comp_ew,specific,6
200905,1,-0.025115223847917686,150,comp_ew,specific,6
200905,2,0.0023480681664113322,149,comp_ew,specific,6
200905,3,0.014948119825099885,149,comp_ew,specific,6
200905,4,-0.0015067669783302181,149,comp_ew,specific,6
200905,5,0.023382598461165607,149,comp_ew,specific,6
200906,1,-0.010931468264049497,149,comp_ew,specific,6
200906,2,-0.04794775894604076,149,comp_ew,specific,6
200906,3,0.015618201933577379,149,comp_ew,specific,6
200906,4,0.017586610365547317,149,comp_ew,specific,6
200906,5,0.02620900766109704,149,comp_ew,specific,6
200907,1,-0.039368604019535555,150,comp_ew,specific,6
200907,2,-0.007841063073906649,150,comp_ew,specific,6
200907,3,-0.015576206355247054,150,comp_ew,specific,6
200907,4,0.039340302197540644,150,comp_ew,specific,6
200907,5,0.031818010597178786,150,comp_ew,specific,6
200908,1,-0.04111635651914,151,comp_ew,specific,6
200908,2,-0.0012844319693896418,151,comp_ew,specific,6
200908,3,-0.01567218399771125,151,comp_ew,specific,6
200908,4,-0.008615263450170213,151,comp_ew,specific,6
200908,5,0.04570375415919897,150,comp_ew,specific,6
200909,1,-0.038336714264977256,152,comp_ew,specific,6
200909,2,-0.022125334195079668,151,comp_ew,specific,6
200909,3,0.006504909732347061,151,comp_ew,specific,6
200909,4,0.008115238084964957,151,comp_ew,specific,6
200909,5,0.026592613530909203,151,comp_ew,specific,6
200910,1,0.0019022053137156638,152,comp_ew,specific,6
200910,2,-0.021926553585266684,152,comp_ew,specific,6
200910,3,-0.025247816670431678,151,comp_ew,specific,6
200910,4,0.012571395390156986,152,comp_ew,specific,6
200910,5,0.02664780101216762,151,comp_ew,specific,6
200911,1,0.0030849750049952375,152,comp_ew,specific,6
200911,2,-0.019262150241305433,152,comp_ew,specific,6
200911,3,-0.004424496422304268,152,comp_ew,specific,6
200911,4,-0.004726119124784343,152,comp_ew,specific,6
200911,5,0.02028780963837719,152,comp_ew,specific,6
200912,1,9.331259889689267e-05,153,comp_ew,specific,6
200912,2,-0.038784204977083986,152,comp_ew,specific,6
200912,3,0.015714202838463132,152,comp_ew,specific,6
200912,4,0.03233270147897518,152,comp_ew,specific,6
200912,5,0.011603126612284596,152,comp_ew,specific,6
201001,1,1.0416771706859654e-05,153,comp_ew,specific,6
201001,2,-0.0033626865845176324,153,comp_ew,specific,6
201001,3,0.004026650996347805,152,comp_ew,specific,6
201001,4,-0.024467527137967956,153,comp_ew,specific,6
201001,5,0.013301760742579511,152,comp_ew,specific,6
201002,1,-0.013327821648055255,153,comp_ew,specific,6
201002,2,-0.008161473620385275,153,comp_ew,specific,6
201002,3,-0.012562333959511169,152,comp_ew,specific,6
201002,4,0.0007606684518057513,153,comp_ew,specific,6
201002,5,0.011160394112701219,152,comp_ew,specific,6
201003,1,-0.008066047300199074,153,comp_ew,specific,6
201003,2,-0.018836184961899382,153,comp_ew,specific,6
201003,3,-0.02594792574085941,153,comp_ew,specific,6
201003,4,0.006273186367052841,153,comp_ew,specific,6
201003,5,0.013742616229705809,153,comp_ew,specific,6
201004,1,-0.01841581714515926,153,comp_ew,specific,6
201004,2,-0.008020145692660715,153,comp_ew,specific,6
201004,3,-0.004530293140054262,153,comp_ew,specific,6
201004,4,-0.0031146216351574806,153,comp_ew,specific,6
201004,5,0.02857374030034703,153,comp_ew,specific,6
201005,1,-0.023412568353625506,154,comp_ew,specific,6
201005,2,-0.02738489249551869,154,comp_ew,specific,6
201005,3,0.0055383287954522825,154,comp_ew,specific,6
201005,4,0.006729734611731176,154,comp_ew,specific,6
201005,5,0.033459719444177596,153,comp_ew,specific,6
201006,1,-0.017086187367761185,155,comp_ew,specific,6
201006,2,-0.043602954345282254,154,comp_ew,specific,6
201006,3,0.013721071168694933,155,comp_ew,specific,6
201006,4,0.02219928573873786,154,comp_ew,specific,6
201006,5,0.0010329562665230077,154,comp_ew,specific,6
201007,1,-0.024283391905740245,155,comp_ew,specific,6
201007,2,-0.005402384086364782,155,comp_ew,specific,6
201007,3,0.01752472037424394,155,comp_ew,specific,6
201007,4,0.015055245255389562,155,comp_ew,specific,6
201007,5,-7.465423692292458e-05,154,comp_ew,specific,6
201008,1,-0.004620662611907833,155,comp_ew,specific,6
201008,2,0.0005746153171236372,155,comp_ew,specific,6
201008,3,0.02351891575758587,155,comp_ew,specific,6
201008,4,0.004817628323911763,155,comp_ew,specific,6
201008,5,0.00709850896250684,154,comp_ew,specific,6
201009,1,0.012220298388150194,156,comp_ew,specific,6
201009,2,-0.0003605551517726232,155,comp_ew,specific,6
201009,3,0.015373833158222338,156,comp_ew,specific,6
201009,4,0.007448975056023043,155,comp_ew,specific,6
201009,5,0.035845360392367784,155,comp_ew,specific,6
201010,1,-0.0046772542247130785,155,comp_ew,specific,6
201010,2,0.02450742411404033,155,comp_ew,specific,6
201010,3,-0.008337243201596164,155,comp_ew,specific,6
201010,4,0.021229520966737723,155,comp_ew,specific,6
201010,5,0.021992536484904252,154,comp_ew,specific,6
201011,1,-0.013574541470923131,156,comp_ew,specific,6
201011,2,-0.0038229530718405028,155,comp_ew,specific,6
201011,3,0.020895361237813635,156,comp_ew,specific,6
201011,4,0.014169881655794504,155,comp_ew,specific,6
201011,5,0.034079093094825756,155,comp_ew,specific,6
201012,1,-0.021729189023303567,157,comp_ew,specific,6
201012,2,0.010477296792886993,156,comp_ew,specific,6
201012,3,0.0006108666248231391,157,comp_ew,specific,6
201012,4,0.01097255728547963,156,comp_ew,specific,6
201012,5,0.045410099195842046,156,comp_ew,specific,6
201101,1,-0.022785722886952922,157,comp_ew,specific,6
201101,2,-0.001169588660520674,156,comp_ew,specific,6
201101,3,0.004188152581086397,156,comp_ew,specific,6
201101,4,0.02783904908406578,156,comp_ew,specific,6
201101,5,0.037639364478001966,156,comp_ew,specific,6
201102,1,-0.02481201142660881,158,comp_ew,specific,6
201102,2,-0.009322454126669391,157,comp_ew,specific,6
201102,3,0.01099573169145091,158,comp_ew,specific,6
201102,4,0.007739274333971791,157,comp_ew,specific,6
201102,5,0.04918301610036981,157,comp_ew,specific,6
201103,1,-0.03294653037285549,158,comp_ew,specific,6
201103,2,-0.01312568656009869,158,comp_ew,specific,6
201103,3,0.008521595416605895,158,comp_ew,specific,6
201103,4,0.007630640239626504,158,comp_ew,specific,6
201103,5,0.027970503738876478,157,comp_ew,specific,6
201104,1,-0.02192423384658491,159,comp_ew,specific,6
201104,2,-0.042034516455041304,159,comp_ew,specific,6
201104,3,0.011936087357797148,159,comp_ew,specific,6
201104,4,0.021021899482215146,159,comp_ew,specific,6
201104,5,0.021316716347808476,158,comp_ew,specific,6
201105,1,-0.03577925001308089,160,comp_ew,specific,6
201105,2,-0.017771801859934957,159,comp_ew,specific,6
201105,3,-0.0010532987814926508,160,comp_ew,specific,6
201105,4,-0.004453585321120726,159,comp_ew,specific,6
201105,5,0.020874399436896438,159,comp_ew,specific,6
201106,1,-0.032402715450827756,160,comp_ew,specific,6
201106,2,0.004111282858056148,160,comp_ew,specific,6
201106,3,-0.010844307022704723,159,comp_ew,specific,6
201106,4,-0.008613542779560068,160,comp_ew,specific,6
201106,5,0.018024306360268964,159,comp_ew,specific,6
201107,1,-0.02677523555932237,161,comp_ew,specific,6
201107,2,-0.00819834057441032,160,comp_ew,specific,6
201107,3,-0.03263422991123442,161,comp_ew,specific,6
201107,4,-0.002066359705875974,160,comp_ew,specific,6
201107,5,0.020307902016501102,160,comp_ew,specific,6
201108,1,-0.028071140342720336,160,comp_ew,specific,6
201108,2,-0.01934906826529643,160,comp_ew,specific,6
201108,3,-0.015283879216601844,160,comp_ew,specific,6
201108,4,0.003940046018210552,160,comp_ew,specific,6
201108,5,0.0215124139879695,160,comp_ew,specific,6
201109,1,-0.025793831406409527,160,comp_ew,specific,6
201109,2,-0.02919372718804696,160,comp_ew,specific,6
201109,3,-0.029539693470392665,160,comp_ew,specific,6
201109,4,0.03773623254394434,160,comp_ew,specific,6
201109,5,0.02676161541822522,159,comp_ew,specific,6
201110,1,-0.04269460340527689,161,comp_ew,specific,6
201110,2,-0.00833089302450822,160,comp_ew,specific,6
201110,3,-0.02334516474348199,161,comp_ew,specific,6
201110,4,0.0289742792009653,160,comp_ew,specific,6
201110,5,0.006276560791772606,160,comp_ew,specific,6
201111,1,-0.05150477664702981,161,comp_ew,specific,6
201111,2,0.006661279080294547,161,comp_ew,specific,6
201111,3,-0.013837200043007484,161,comp_ew,specific,6
201111,4,0.011240710939765254,161,comp_ew,specific,6
201111,5,0.027973746256833115,160,comp_ew,specific,6
201112,1,-0.01521047478424827,161,comp_ew,specific,6
201112,2,-0.012174936098846739,160,comp_ew,specific,6
201112,3,-0.017112223658754623,161,comp_ew,specific,6
201112,4,0.023799190819936727,160,comp_ew,specific,6
201112,5,0.018484167185434344,160,comp_ew,specific,6
201201,1,-0.04014996885583305,161,comp_ew,specific,6
201201,2,-0.015507169533866863,161,comp_ew,specific,6
201201,3,0.019404950754629075,161,comp_ew,specific,6
201201,4,0.002345795688638789,161,comp_ew,specific,6
201201,5,0.0037018043963470497,160,comp_ew,specific,6
201202,1,-0.03935003723298375,162,comp_ew,specific,6
201202,2,-0.0016043315727430842,162,comp_ew,specific,6
201202,3,-0.010934253267537303,161,comp_ew,specific,6
201202,4,-0.008409298751562733,162,comp_ew,specific,6
201202,5,0.004673651740774485,161,comp_ew,specific,6
201203,1,-0.045700021701301656,162,comp_ew,specific,6
201203,2,-0.01844797621482943,162,comp_ew,specific,6
201203,3,0.010958032549964981,162,comp_ew,specific,6
201203,4,-0.018355454262700105,162,comp_ew,specific,6
201203,5,0.011254275137801653,162,comp_ew,specific,6
201204,1,-0.056258748298155845,162,comp_ew,specific,6
201204,2,0.028114047621371263,162,comp_ew,specific,6
201204,3,-0.0066263509097865755,162,comp_ew,specific,6
201204,4,-0.0010928737502045737,162,comp_ew,specific,6
201204,5,0.006462532793636223,162,comp_ew,specific,6
201205,1,-0.03303826830954769,163,comp_ew,specific,6
201205,2,-0.016655730580181955,162,comp_ew,specific,6
201205,3,0.013470205156073644,162,comp_ew,specific,6
201205,4,0.022047535943690053,162,comp_ew,specific,6
201205,5,0.013496234216256233,162,comp_ew,specific,6
201206,1,-0.03423006897288323,164,comp_ew,specific,6
201206,2,-0.01515631013633015,163,comp_ew,specific,6
201206,3,0.00631947248604097,163,comp_ew,specific,6
201206,4,-0.0017370194010131656,163,comp_ew,specific,6
201206,5,0.022701632379356004,163,comp_ew,specific,6
201207,1,-0.04599227915628925,163,comp_ew,specific,6
201207,2,-0.00917224340798602,163,comp_ew,specific,6
201207,3,0.03325039035831629,163,comp_ew,specific,6
201207,4,0.010144464264681931,163,comp_ew,specific,6
201207,5,0.020047092160640934,163,comp_ew,specific,6
201208,1,-0.024722149325936492,164,comp_ew,specific,6
201208,2,0.005212208039154397,164,comp_ew,specific,6
201208,3,0.033196866339721194,163,comp_ew,specific,6
201208,4,0.012576690782706523,164,comp_ew,specific,6
201208,5,0.022228957910655336,163,comp_ew,specific,6
201209,1,-0.023326707904588892,164,comp_ew,specific,6
201209,2,0.0019366765474632423,164,comp_ew,specific,6
201209,3,0.01195698733767216,163,comp_ew,specific,6
201209,4,0.02908524577346385,164,comp_ew,specific,6
201209,5,0.009214993655285435,163,comp_ew,specific,6
201210,1,0.003458751229061517,165,comp_ew,specific,6
201210,2,0.0066840783993799896,164,comp_ew,specific,6
201210,3,0.0034128566777693195,164,comp_ew,specific,6
201210,4,0.0025447765205743856,164,comp_ew,specific,6
201210,5,0.03332169299366519,164,comp_ew,specific,6
201211,1,-0.006273061490190177,165,comp_ew,specific,6
201211,2,-0.02079678336399767,164,comp_ew,specific,6
201211,3,0.0030528281789820337,165,comp_ew,specific,6
201211,4,0.02303255038333343,164,comp_ew,specific,6
201211,5,0.024097384831501752,164,comp_ew,specific,6
201212,1,-0.013362447833983734,165,comp_ew,specific,6
201212,2,0.01332544578394118,164,comp_ew,specific,6
201212,3,-0.014952643705959796,165,comp_ew,specific,6
201212,4,0.032944153801918646,164,comp_ew,specific,6
201212,5,0.024710615030334133,164,comp_ew,specific,6
201301,1,-0.012496414881714988,164,comp_ew,specific,6
201301,2,0.02022400219891071,164,comp_ew,specific,6
201301,3,0.0043938242256654865,164,comp_ew,specific,6
201301,4,0.0036324391004388364,164,comp_ew,specific,6
201301,5,0.020808554345443927,164,comp_ew,specific,6
201302,1,-0.009893281152561492,164,comp_ew,specific,6
201302,2,-0.008296205771889713,164,comp_ew,specific,6
201302,3,0.001841832198712721,163,comp_ew,specific,6
201302,4,0.005851033719699369,164,comp_ew,specific,6
201302,5,0.0009802160933203388,163,comp_ew,specific,6
201303,1,-0.02032033116646815,164,comp_ew,specific,6
201303,2,-0.011250049331576176,164,comp_ew,specific,6
201303,3,-0.002371254977507708,163,comp_ew,specific,6
201303,4,0.005696858876494896,164,comp_ew,specific,6
201303,5,0.02291194698814406,163,comp_ew,specific,6
201304,1,-0.033618451463748214,164,comp_ew,specific,6
201304,2,0.0056891192334934575,164,comp_ew,specific,6
201304,3,-0.01379360266299105,164,comp_ew,specific,6
201304,4,0.01773728688086645,164,comp_ew,specific,6
201304,5,0.02768416447731105,164,comp_ew,specific,6
201305,1,-0.03098079015575276,165,comp_ew,specific,6
201305,2,-0.00877431005610699,165,comp_ew,specific,6
201305,3,0.02128025118925405,164,comp_ew,specific,6
201305,4,0.011998782225929507,165,comp_ew,specific,6
201305,5,0.046303772951164925,164,comp_ew,specific,6
201306,1,-0.005337485369313369,165,comp_ew,specific,6
201306,2,-0.015051214636367792,165,comp_ew,specific,6
201306,3,-0.008851221716752443,164,comp_ew,specific,6
201306,4,0.03545323934213827,165,comp_ew,specific,6
201306,5,0.026276077345732906,164,comp_ew,specific,6
201307,1,-0.004699989047589158,166,comp_ew,specific,6
201307,2,-0.02828731481059277,166,comp_ew,specific,6
201307,3,0.02063507310339076,165,comp_ew,specific,6
201307,4,0.03311315745094472,166,comp_ew,specific,6
201307,5,0.030710230060527137,165,comp_ew,specific,6
201308,1,-0.018619556226003715,165,comp_ew,specific,6
201308,2,-0.009244302602039968,165,comp_ew,specific,6
201308,3,0.011753449507335511,165,comp_ew,specific,6
201308,4,0.03798103646472567,165,comp_ew,specific,6
201308,5,0.04384199521509166,165,comp_ew,specific,6
201309,1,-0.03087258529299812,166,comp_ew,specific,6
201309,2,0.0038741149254777783,165,comp_ew,specific,6
201309,3,0.02954606353670423,166,comp_ew,specific,6
201309,4,0.01713905949789162,165,comp_ew,specific,6
201309,5,0.019391855924227007,165,comp_ew,specific,6
201310,1,-0.02095018170683736,166,comp_ew,specific,6
201310,2,-0.0044048027840421205,165,comp_ew,specific,6
201310,3,0.004372616654843487,166,comp_ew,specific,6
201310,4,0.0419308910616308,165,comp_ew,specific,6
201310,5,-0.0027842670977786207,165,comp_ew,specific,6
201311,1,-0.020652216595179084,166,comp_ew,specific,6
201311,2,-0.005247217883108217,166,comp_ew,specific,6
201311,3,-0.0032050046323903367,166,comp_ew,specific,6
201311,4,0.015294691144524043,166,comp_ew,specific,6
201311,5,0.005954788756817006,165,comp_ew,specific,6
201312,1,-0.021818157979516715,167,comp_ew,specific,6
201312,2,-0.025016619092742196,166,comp_ew,specific,6
201312,3,0.0003162587253472226,166,comp_ew,specific,6
201312,4,0.012106331384453325,166,comp_ew,specific,6
201312,5,0.03649755445829589,166,comp_ew,specific,6
201401,1,-0.004736147700368514,167,comp_ew,specific,6
201401,2,-0.026491554512978917,167,comp_ew,specific,6
201401,3,-0.027140565253660084,167,comp_ew,specific,6
201401,4,-0.008329511029333391,167,comp_ew,specific,6
201401,5,0.05129731527605293,167,comp_ew,specific,6
201402,1,-0.019246744305824126,167,comp_ew,specific,6
201402,2,-0.0030861613030664227,167,comp_ew,specific,6
201402,3,-0.010346891802347068,167,comp_ew,specific,6
201402,4,0.01637878943065724,167,comp_ew,specific,6
201402,5,0.022122658116651466,166,comp_ew,specific,6
201403,1,-0.012230508539757651,168,comp_ew,specific,6
201403,2,0.0006158288116104173,167,comp_ew,specific,6
201403,3,0.015595263643891242,167,comp_ew,specific,6
201403,4,0.025580515221041083,167,comp_ew,specific,6
201403,5,0.014201222316439024,167,comp_ew,specific,6
201404,1,-0.005035250166975829,168,comp_ew,specific,6
201404,2,-0.004804266928239738,168,comp_ew,specific,6
201404,3,0.017302376732543208,168,comp_ew,specific,6
201404,4,0.034277501012600554,168,comp_ew,specific,6
201404,5,-0.010222656891237348,167,comp_ew,specific,6
201405,1,-0.008231191960725847,169,comp_ew,specific,6
201405,2,-0.010410326386054077,168,comp_ew,specific,6
201405,3,0.003513913017186886,169,comp_ew,specific,6
201405,4,0.02604771051453841,168,comp_ew,specific,6
201405,5,0.025458859985719912,168,comp_ew,specific,6
201406,1,0.0009227118115329792,169,comp_ew,specific,6
201406,2,0.025326324295969333,169,comp_ew,specific,6
201406,3,-0.0016510108858807206,168,comp_ew,specific,6
201406,4,-0.0013700017373816811,169,comp_ew,specific,6
201406,5,0.005200402829750095,168,comp_ew,specific,6
201407,1,-0.013832829751021973,170,comp_ew,specific,6
201407,2,0.001453346182107784,169,comp_ew,specific,6
201407,3,0.028963811339179524,169,comp_ew,specific,6
201407,4,0.00937126733840005,169,comp_ew,specific,6
201407,5,0.013529460153161452,169,comp_ew,specific,6
201408,1,-0.017745900007867715,170,comp_ew,specific,6
201408,2,0.01915137651509652,170,comp_ew,specific,6
201408,3,0.010969615400539357,170,comp_ew,specific,6
201408,4,0.025610436370684497,170,comp_ew,specific,6
201408,5,0.013503130331596724,169,comp_ew,specific,6
201409,1,-0.013860267319059637,170,comp_ew,specific,6
201409,2,4.432380558978511e-05,170,comp_ew,specific,6
201409,3,0.03364079400958587,170,comp_ew,specific,6
201409,4,0.017216222790285424,170,comp_ew,specific,6
201409,5,-0.010471111723975942,170,comp_ew,specific,6
201410,1,-0.007024852835904274,170,comp_ew,specific,6
201410,2,0.00315805878719072,169,comp_ew,specific,6
201410,3,0.01903352908801218,170,comp_ew,specific,6
201410,4,0.009891902484458459,169,comp_ew,specific,6
201410,5,0.020633718723906732,169,comp_ew,specific,6
201411,1,-0.009654625034331607,171,comp_ew,specific,6
201411,2,0.015671161749682458,170,comp_ew,specific,6
201411,3,0.004202221433803516,171,comp_ew,specific,6
201411,4,0.014728448496655304,170,comp_ew,specific,6
201411,5,0.018775667858124036,170,comp_ew,specific,6
201412,1,-0.0004677937853709673,171,comp_ew,specific,6
201412,2,-0.007458586926720902,170,comp_ew,specific,6
201412,3,0.028063638668555362,170,comp_ew,specific,6
201412,4,0.029543739232732152,170,comp_ew,specific,6
201412,5,0.02504397801379401,170,comp_ew,specific,6
201501,1,0.009793916455469912,170,comp_ew,specific,6
201501,2,-0.004651844580562267,169,comp_ew,specific,6
201501,3,0.014349755983045241,170,comp_ew,specific,6
201501,4,-0.013698032030022582,169,comp_ew,specific,6
201501,5,0.03919999204054446,169,comp_ew,specific,6
201502,1,-0.02109512645560029,171,comp_ew,specific,6
201502,2,0.012007257517920278,170,comp_ew,specific,6
201502,3,8.479295582549738e-06,170,comp_ew,specific,6
201502,4,0.0009679679542034176,170,comp_ew,specific,6
201502,5,0.029635476437579515,170,comp_ew,specific,6
201503,1,-0.018990349498524777,170,comp_ew,specific,6
201503,2,0.0008647878338793386,170,comp_ew,specific,6
201503,3,-0.007764484693331814,170,comp_ew,specific,6
201503,4,-0.0025316753195786163,170,comp_ew,specific,6
201503,5,0.02789197780753147,170,comp_ew,specific,6
201504,1,-0.01878118359728923,170,comp_ew,specific,6
201504,2,-0.006192124150999838,170,comp_ew,specific,6
201504,3,-0.0035850282508586326,170,comp_ew,specific,6
201504,4,-0.004403432436115676,170,comp_ew,specific,6
201504,5,0.0072824676022603,170,comp_ew,specific,6
201505,1,-0.006091030773645929,170,comp_ew,specific,6
201505,2,0.004991790727581047,170,comp_ew,specific,6
201505,3,-0.013421952795467342,169,comp_ew,specific,6
201505,4,-0.03091161458523518,170,comp_ew,specific,6
201505,5,0.016517358196174434,169,comp_ew,specific,6
201506,1,0.0021293354403565043,169,comp_ew,specific,6
201506,2,-0.03314798747910037,169,comp_ew,specific,6
201506,3,0.00199534469406613,169,comp_ew,specific,6
201506,4,-0.015002981138038137,169,comp_ew,specific,6
201506,5,-0.006853781909554343,169,comp_ew,specific,6
201507,1,-0.018234797027821034,169,comp_ew,specific,6
201507,2,-0.009061560099206372,169,comp_ew,specific,6
201507,3,-0.03359422703391457,169,comp_ew,specific,6
201507,4,0.0012703279532255733,169,comp_ew,specific,6
201507,5,0.02004779216200092,168,comp_ew,specific,6
201508,1,-0.021314174823048943,170,comp_ew,specific,6
201508,2,-0.019345382868602844,169,comp_ew,specific,6
201508,3,-0.0077280501796671485,170,comp_ew,specific,6
201508,4,0.008284954984373111,169,comp_ew,specific,6
201508,5,0.020806411477395103,169,comp_ew,specific,6
201509,1,-0.016125867116945147,168,comp_ew,specific,6
201509,2,0.008673597829056474,168,comp_ew,specific,6
201509,3,0.0008228526786227651,168,comp_ew,specific,6
201509,4,-0.005978948192035813,168,comp_ew,specific,6
201509,5,-0.008665914895001995,168,comp_ew,specific,6
201510,1,-0.021260116857767457,168,comp_ew,specific,6
201510,2,-0.0007144882289984155,168,comp_ew,specific,6
201510,3,-0.0029830002352137105,168,comp_ew,specific,6
201510,4,0.00414557222632274,168,comp_ew,specific,6
201510,5,0.019662009018481297,168,comp_ew,specific,6
201511,1,-0.029962955612009675,169,comp_ew,specific,6
201511,2,-0.014798283302209891,169,comp_ew,specific,6
201511,3,-0.018976486063422657,168,comp_ew,specific,6
201511,4,0.03119578866539607,169,comp_ew,specific,6
201511,5,0.042347830123527365,168,comp_ew,specific,6
201512,1,-0.0020330509190981034,169,comp_ew,specific,6
201512,2,-0.025720081688241237,168,comp_ew,specific,6
201512,3,0.018562407063195358,169,comp_ew,specific,6
201512,4,-0.005618775312554697,168,comp_ew,specific,6
201512,5,0.025770956978590893,168,comp_ew,specific,6
201601,1,-0.03881558918012823,168,comp_ew,specific,6
201601,2,-0.018985590572251142,168,comp_ew,specific,6
201601,3,-0.0008691901456748553,168,comp_ew,specific,6
201601,4,-0.012598976411576387,168,comp_ew,specific,6
201601,5,0.03265398378160089,168,comp_ew,specific,6
201602,1,-0.04555486668887735,168,comp_ew,specific,6
201602,2,-0.02534113982485691,168,comp_ew,specific,6
201602,3,0.002538384270186841,167,comp_ew,specific,6
201602,4,-0.02347929686938844,168,comp_ew,specific,6
201602,5,0.028701083851691605,167,comp_ew,specific,6
201603,1,-0.022581916537207435,168,comp_ew,specific,6
201603,2,-0.03175689274124883,168,comp_ew,specific,6
201603,3,0.003122318376564863,168,comp_ew,specific,6
201603,4,-0.004842974964851339,168,comp_ew,specific,6
201603,5,0.04466156285784617,168,comp_ew,specific,6
201604,1,-0.002995282909991633,168,comp_ew,specific,6
201604,2,-0.02868342256722601,167,comp_ew,specific,6
201604,3,0.021911223929888587,168,comp_ew,specific,6
201604,4,0.0008009372083128273,167,comp_ew,specific,6
201604,5,0.011363493698810572,167,comp_ew,specific,6
201605,1,-0.011802398937146966,168,comp_ew,specific,6
201605,2,-0.002685116324558089,168,comp_ew,specific,6
201605,3,0.004839647031591653,167,comp_ew,specific,6
201605,4,-0.025052736946608468,168,comp_ew,specific,6
201605,5,0.03195745915950282,167,comp_ew,specific,6
201606,1,-0.025354663618496892,168,comp_ew,specific,6
201606,2,-0.012620866629898293,167,comp_ew,specific,6
201606,3,-0.007188844894692435,167,comp_ew,specific,6
201606,4,0.02289940471116207,167,comp_ew,specific,6
201606,5,0.018521886595796063,167,comp_ew,specific,6
201607,1,-0.0024628052482306615,167,comp_ew,specific,6
201607,2,-0.008429586549451447,167,comp_ew,specific,6
201607,3,-0.021604022744181963,167,comp_ew,specific,6
201607,4,0.022476451771897485,167,comp_ew,specific,6
201607,5,0.02976524327419429,167,comp_ew,specific,6
201608,1,-0.034072615105024566,167,comp_ew,specific,6
201608,2,0.0013262992927980867,167,comp_ew,specific,6
201608,3,0.007766174293498609,167,comp_ew,specific,6
201608,4,0.018673706613844772,167,comp_ew,specific,6
201608,5,0.038381510567791335,166,comp_ew,specific,6
201609,1,-0.042321353428341695,167,comp_ew,specific,6
201609,2,-0.021309702815132357,167,comp_ew,specific,6
201609,3,0.0001851556371806183,167,comp_ew,specific,6
201609,4,0.028081436748056705,167,comp_ew,specific,6
201609,5,0.04137350412759435,167,comp_ew,specific,6
201610,1,-0.04260339490721777,168,comp_ew,specific,6
201610,2,-0.011874769109836024,167,comp_ew,specific,6
201610,3,-0.008968826267096155,167,comp_ew,specific,6
201610,4,0.02136666826510902,167,comp_ew,specific,6
201610,5,0.03806997468276994,167,comp_ew,specific,6
201611,1,-0.02368969544968104,167,comp_ew,specific,6
201611,2,-0.0100486143480464,166,comp_ew,specific,6
201611,3,-0.0022315366118639012,166,comp_ew,specific,6
201611,4,0.011439920249654564,166,comp_ew,specific,6
201611,5,0.026125228425046228,166,comp_ew,specific,6
201612,1,-0.03683998701569165,167,comp_ew,specific,6
201612,2,-0.021245061521463517,166,comp_ew,specific,6
201612,3,0.01859361740936888,166,comp_ew,specific,6
201612,4,0.01760065202462188,166,comp_ew,specific,6
201612,5,0.013900412833912608,166,comp_ew,specific,6
201701,1,-0.03519975942201333,166,comp_ew,specific,6
201701,2,-0.001140831927390547,166,comp_ew,specific,6
201701,3,-0.008964246162009448,166,comp_ew,specific,6
201701,4,0.014134884447318502,166,comp_ew,specific,6
201701,5,0.037013377806863486,166,comp_ew,specific,6
201702,1,-0.022494239658686962,166,comp_ew,specific,6
201702,2,-0.026709296010402454,166,comp_ew,specific,6
201702,3,0.012492109283246877,166,comp_ew,specific,6
201702,4,0.011426682328084286,166,comp_ew,specific,6
201702,5,0.040851936368758175,165,comp_ew,specific,6
201703,1,-0.03260896794214611,166,comp_ew,specific,6
201703,2,-0.014812367315675324,166,comp_ew,specific,6
201703,3,0.0049801755393043936,166,comp_ew,specific,6
201703,4,0.013869989087735624,166,comp_ew,specific,6
201703,5,0.039684883825087794,166,comp_ew,specific,6
201704,1,-0.030419135575004433,167,comp_ew,specific,6
201704,2,-0.033463125555312154,166,comp_ew,specific,6
201704,3,-0.005954425415549753,166,comp_ew,specific,6
201704,4,0.0355188028019912,166,comp_ew,specific,6
201704,5,0.02306630065624263,166,comp_ew,specific,6
201705,1,-0.028880293792705278,167,comp_ew,specific,6
201705,2,-0.029712770705966018,166,comp_ew,specific,6
201705,3,-0.008183197235233076,166,comp_ew,specific,6
201705,4,-0.009306477399608645,166,comp_ew,specific,6
201705,5,0.03209034731276191,166,comp_ew,specific,6
201706,1,-0.0024617751044201993,166,comp_ew,specific,6
201706,2,-0.04567132161633787,165,comp_ew,specific,6
201706,3,-0.004269569787157592,166,comp_ew,specific,6
201706,4,-0.002979770745974831,165,comp_ew,specific,6
201706,5,0.03078729717345307,165,comp_ew,specific,6
201707,1,-0.01915981519440493,167,comp_ew,specific,6
201707,2,-0.008908967566290832,166,comp_ew,specific,6
201707,3,-0.021282437485843207,166,comp_ew,specific,6
201707,4,-0.006510320927840896,166,comp_ew,specific,6
201707,5,0.023509331765887452,166,comp_ew,specific,6
201708,1,-0.018454107859033043,167,comp_ew,specific,6
201708,2,-0.0038409770570279477,166,comp_ew,specific,6
201708,3,-0.016662565870516288,166,comp_ew,specific,6
201708,4,0.005060543698825256,166,comp_ew,specific,6
201708,5,0.010570786298074774,166,comp_ew,specific,6
201709,1,-0.005942881049534796,166,comp_ew,specific,6
201709,2,-0.011672505647047728,166,comp_ew,specific,6
201709,3,-0.0037433860946300443,165,comp_ew,specific,6
201709,4,0.0054558409261123856,166,comp_ew,specific,6
201709,5,0.014572396826167532,165,comp_ew,specific,6
201710,1,-0.01701333749601844,167,comp_ew,specific,6
201710,2,0.020009898728388202,166,comp_ew,specific,6
201710,3,0.014432528860286592,166,comp_ew,specific,6
201710,4,0.008057756543471418,166,comp_ew,specific,6
201710,5,0.022299214966836838,166,comp_ew,specific,6
201711,1,0.0037534539852407045,165,comp_ew,specific,6
201711,2,0.014291538232925031,165,comp_ew,specific,6
201711,3,0.007808272291367754,165,comp_ew,specific,6
201711,4,0.008950395124786662,165,comp_ew,specific,6
201711,5,0.03553196098050704,165,comp_ew,specific,6
201712,1,-0.007829249859497903,166,comp_ew,specific,6
201712,2,0.006989268338909375,165,comp_ew,specific,6
201712,3,-0.0009997829043901234,166,comp_ew,specific,6
201712,4,-0.004486146100304317,165,comp_ew,specific,6
201712,5,0.04618800789129017,165,comp_ew,specific,6
201801,1,0.011656013720658854,166,comp_ew,specific,6
201801,2,-0.026691357579609706,166,comp_ew,specific,6
201801,3,0.004850834840206347,165,comp_ew,specific,6
201801,4,0.008535606713177239,166,comp_ew,specific,6
201801,5,0.0364278612548418,165,comp_ew,specific,6
201802,1,-0.016623830346465064,165,comp_ew,specific,6
201802,2,0.021044387500462686,165,comp_ew,specific,6
201802,3,0.014899262349191854,164,comp_ew,specific,6
201802,4,0.011111819788656307,165,comp_ew,specific,6
201802,5,0.030143158974154604,164,comp_ew,specific,6
201803,1,-0.010442419656683148,165,comp_ew,specific,6
201803,2,-0.030375420547214205,165,comp_ew,specific,6
201803,3,0.0031365052809283426,165,comp_ew,specific,6
201803,4,0.022816759070867082,165,comp_ew,specific,6
201803,5,0.040070993407273846,165,comp_ew,specific,6
201804,1,-0.016077897171557054,165,comp_ew,specific,6
201804,2,-0.025633147340284764,164,comp_ew,specific,6
201804,3,-0.01216774041893491,164,comp_ew,specific,6
201804,4,0.029833209868590792,164,comp_ew,specific,6
201804,5,0.04388102685566737,164,comp_ew,specific,6
201805,1,-0.04740421414086721,165,comp_ew,specific,6
201805,2,-0.011694945077870148,164,comp_ew,specific,6
201805,3,0.026476924344813045,165,comp_ew,specific,6
201805,4,0.021243589276376408,164,comp_ew,specific,6
201805,5,0.046312036100720363,164,comp_ew,specific,6
201806,1,-0.00573927092022309,165,comp_ew,specific,6
201806,2,0.004549370957993382,165,comp_ew,specific,6
201806,3,0.01568347895320387,165,comp_ew,specific,6
201806,4,0.00040769679521326956,165,comp_ew,specific,6
201806,5,0.03967381408947222,165,comp_ew,specific,6
201807,1,0.0020720465401383313,165,comp_ew,specific,6
201807,2,-0.0075695658083293985,164,comp_ew,specific,6
201807,3,0.010247615157713403,165,comp_ew,specific,6
201807,4,0.026743865881076502,164,comp_ew,specific,6
201807,5,0.02397630568958728,164,comp_ew,specific,6
201808,1,-0.010450967271468105,165,comp_ew,specific,6
201808,2,0.014396647968276107,165,comp_ew,specific,6
201808,3,-0.01444338741466714,165,comp_ew,specific,6
201808,4,0.009244035460571063,165,comp_ew,specific,6
201808,5,0.005117608328097844,165,comp_ew,specific,6
201809,1,-0.00018953763861282745,165,comp_ew,specific,6
201809,2,0.005366060405360315,165,comp_ew,specific,6
201809,3,-0.015030528713441947,164,comp_ew,specific,6
201809,4,0.012712564415085583,165,comp_ew,specific,6
201809,5,0.024104584503282615,164,comp_ew,specific,6
201810,1,-0.02617303535238457,165,comp_ew,specific,6
201810,2,0.0048241019976808155,164,comp_ew,specific,6
201810,3,-0.008663418328605434,164,comp_ew,specific,6
201810,4,0.008927957818813594,164,comp_ew,specific,6
201810,5,0.029865458087044456,164,comp_ew,specific,6
201811,1,-0.04086236468252013,165,comp_ew,specific,6
201811,2,-0.006692343233194863,165,comp_ew,specific,6
201811,3,-0.00010285061756040374,165,comp_ew,specific,6
201811,4,0.019007709468461764,165,comp_ew,specific,6
201811,5,0.031294526930377986,165,comp_ew,specific,6
201812,1,-0.04075357122680761,164,comp_ew,specific,6
201812,2,0.0169710539812903,164,comp_ew,specific,6
201812,3,0.006527162450344227,164,comp_ew,specific,6
201812,4,-0.0068341828015796744,164,comp_ew,specific,6
201812,5,0.01704622555674544,164,comp_ew,specific,6
201901,1,-0.01561554220623488,164,comp_ew,specific,6
201901,2,-0.003941159734882768,164,comp_ew,specific,6
201901,3,0.025828456371143553,164,comp_ew,specific,6
201901,4,-0.0021762052099890353,164,comp_ew,specific,6
201901,5,0.016022850566304765,164,comp_ew,specific,6
201902,1,-0.012176066678757994,165,comp_ew,specific,6
201902,2,-0.008750144874976022,164,comp_ew,specific,6
201902,3,0.0030342153907792144,164,comp_ew,specific,6
201902,4,-0.005376537612059642,164,comp_ew,specific,6
201902,5,0.035225263831591046,164,comp_ew,specific,6
201903,1,0.0038630405892939746,165,comp_ew,specific,6
201903,2,-0.019493048662478345,164,comp_ew,specific,6
201903,3,0.0018730440600225986,164,comp_ew,specific,6
201903,4,0.025716986370861034,164,comp_ew,specific,6
201903,5,-0.0031254366568637623,164,comp_ew,specific,6
201904,1,0.006974255330499111,164,comp_ew,specific,6
201904,2,-0.015457612034152059,164,comp_ew,specific,6
201904,3,0.011634013255997616,164,comp_ew,specific,6
201904,4,-0.027632298983042803,164,comp_ew,specific,6
201904,5,0.008744442205220849,163,comp_ew,specific,6
201905,1,-0.04161872167856123,165,comp_ew,specific,6
201905,2,-0.0019337529535460808,165,comp_ew,specific,6
201905,3,0.00971531232453644,165,comp_ew,specific,6
201905,4,-0.017347741971035637,165,comp_ew,specific,6
201905,5,0.0225678469960753,164,comp_ew,specific,6
201906,1,-0.021759605699583063,165,comp_ew,specific,6
201906,2,-0.0033786177962946843,165,comp_ew,specific,6
201906,3,-0.01862761604831145,165,comp_ew,specific,6
201906,4,0.007140607010986376,165,comp_ew,specific,6
201906,5,0.006180009221532919,164,comp_ew,specific,6
201907,1,-0.0313755769585257,165,comp_ew,specific,6
201907,2,-0.025369934577228685,164,comp_ew,specific,6
201907,3,0.00011903148081650572,165,comp_ew,specific,6
201907,4,-0.007326099848945597,164,comp_ew,specific,6
201907,5,0.011844066346992097,164,comp_ew,specific,6
201908,1,-0.04007933147530676,165,comp_ew,specific,6
201908,2,-0.0327201388589962,164,comp_ew,specific,6
201908,3,-0.0133144900116695,164,comp_ew,specific,6
201908,4,0.009245018331220897,164,comp_ew,specific,6
201908,5,0.027078376888623946,164,comp_ew,specific,6
201909,1,-0.0527404655055293,164,comp_ew,specific,6
201909,2,0.005907204222602705,164,comp_ew,specific,6
201909,3,-0.02468515754881455,164,comp_ew,specific,6
201909,4,0.0017026735762185334,164,comp_ew,specific,6
201909,5,0.026790215043178807,164,comp_ew,specific,6
201910,1,-0.03955418602165571,164,comp_ew,specific,6
201910,2,0.005626919396513511,164,comp_ew,specific,6
201910,3,-0.013791790474349159,164,comp_ew,specific,6
201910,4,0.007411926269103438,164,comp_ew,specific,6
201910,5,0.02484802444085932,163,comp_ew,specific,6
201911,1,-0.03362728844053958,164,comp_ew,specific,6
201911,2,-0.01902639873439919,164,comp_ew,specific,6
201911,3,-0.014596418284567127,163,comp_ew,specific,6
201911,4,0.025803631941305374,164,comp_ew,specific,6
201911,5,0.031085116642382626,163,comp_ew,specific,6
201912,1,-0.02798536220849459,163,comp_ew,specific,6
201912,2,0.018210949230678886,163,comp_ew,specific,6
201912,3,0.018491048455659728,163,comp_ew,specific,6
201912,4,0.0003376770914410082,163,comp_ew,specific,6
201912,5,-0.00536212684962641,162,comp_ew,specific,6
202001,1,-0.0027029947843986535,164,comp_ew,specific,6
202001,2,-0.004719713746398595,163,comp_ew,specific,6
202001,3,0.0029861843123346623,163,comp_ew,specific,6
202001,4,-0.0007824551438805407,163,comp_ew,specific,6
202001,5,0.007760182275557158,163,comp_ew,specific,6
202002,1,-0.009770237595923405,163,comp_ew,specific,6
202002,2,0.009692087654282618,163,comp_ew,specific,6
202002,3,0.0010551533372879938,163,comp_ew,specific,6
202002,4,0.015040110674250977,163,comp_ew,specific,6
202002,5,0.010245256914544153,162,comp_ew,specific,6
202003,1,0.011113795172626213,164,comp_ew,specific,6
202003,2,-0.0023198162557183898,163,comp_ew,specific,6
202003,3,0.006817517211233118,164,comp_ew,specific,6
202003,4,0.03895210607145309,163,comp_ew,specific,6
202003,5,-0.004987046873151719,163,comp_ew,specific,6
202004,1,-0.002463219310510825,163,comp_ew,specific,6
202004,2,-0.004192069097857142,163,comp_ew,specific,6
202004,3,0.01916956115859664,163,comp_ew,specific,6
202004,4,0.021878567462093244,163,comp_ew,specific,6
202004,5,0.006441283907365326,163,comp_ew,specific,6
202005,1,0.013173238892646858,164,comp_ew,specific,6
202005,2,0.010538518902862594,163,comp_ew,specific,6
202005,3,0.0019208403024410844,163,comp_ew,specific,6
202005,4,0.009024553565361217,163,comp_ew,specific,6
202005,5,0.025656630211483414,163,comp_ew,specific,6
202006,1,-0.021633675089263126,163,comp_ew,specific,6
202006,2,0.050707356463866586,163,comp_ew,specific,6
202006,3,-0.013547090755184753,163,comp_ew,specific,6
202006,4,0.00787139861998265,163,comp_ew,specific,6
202006,5,0.02675784168385578,162,comp_ew,specific,6
202007,1,0.002105398734541026,163,comp_ew,specific,6
202007,2,0.00260169531494523,162,comp_ew,specific,6
202007,3,0.011119894791456928,162,comp_ew,specific,6
202007,4,0.00971771978695836,162,comp_ew,specific,6
202007,5,0.01899022214891607,162,comp_ew,specific,6
202008,1,0.006094139466286588,163,comp_ew,specific,6
202008,2,0.01692548885096245,162,comp_ew,specific,6
202008,3,-0.008286781030719517,162,comp_ew,specific,6
202008,4,0.020751226744701486,162,comp_ew,specific,6
202008,5,-0.0008566900449475871,162,comp_ew,specific,6
202009,1,-0.010652501507408315,162,comp_ew,specific,6
202009,2,-0.025073880324733618,161,comp_ew,specific,6
202009,3,0.011270638175274877,161,comp_ew,specific,6
202009,4,0.001936322132022191,161,comp_ew,specific,6
202009,5,0.0228761358603647,161,comp_ew,specific,6
202010,1,-0.011329985442368368,161,comp_ew,specific,6
202010,2,-0.015331124366663668,161,comp_ew,specific,6
202010,3,0.006642833975423882,161,comp_ew,specific,6
202010,4,0.011393824478317818,161,comp_ew,specific,6
202010,5,0.014949908250261094,161,comp_ew,specific,6
202011,1,0.004961396644893647,162,comp_ew,specific,6
202011,2,-0.01598375585184913,161,comp_ew,specific,6
202011,3,-0.019931975735424275,161,comp_ew,specific,6
202011,4,-0.0035536334445039532,161,comp_ew,specific,6
202011,5,0.01857334189357034,161,comp_ew,specific,6
202012,1,-0.018123235014318548,161,comp_ew,specific,6
202012,2,-0.01712967929159044,161,comp_ew,specific,6
202012,3,-0.02554671785910024,160,comp_ew,specific,6
202012,4,0.009787270755847958,161,comp_ew,specific,6
202012,5,0.03172592747768657,160,comp_ew,specific,6
202101,1,-0.007739598219130988,161,comp_ew,specific,6
202101,2,-0.008398041339929307,161,comp_ew,specific,6
202101,3,-0.007245481046311984,161,comp_ew,specific,6
202101,4,0.009017362056819132,161,comp_ew,specific,6
202101,5,0.01815188763155258,161,comp_ew,specific,6
202102,1,-0.025341984850787758,161,comp_ew,specific,6
202102,2,-0.005507750773769324,160,comp_ew,specific,6
202102,3,0.010827390625048821,161,comp_ew,specific,6
202102,4,-0.003018010605465974,160,comp_ew,specific,6
202102,5,0.008788225586953165,160,comp_ew,specific,6
202103,1,-0.014099190234931128,161,comp_ew,specific,6
202103,2,-0.0030352404942568696,161,comp_ew,specific,6
202103,3,0.003816924835070401,160,comp_ew,specific,6
202103,4,0.020789905925972584,161,comp_ew,specific,6
202103,5,0.013486140480035871,160,comp_ew,specific,6
202104,1,-0.008991235885541984,161,comp_ew,specific,6
202104,2,-0.006025801606535041,160,comp_ew,specific,6
202104,3,-0.005529724928613725,161,comp_ew,specific,6
202104,4,-0.0031689887950877406,160,comp_ew,specific,6
202104,5,0.03768694036414539,160,comp_ew,specific,6
202105,1,-0.02280665127463495,161,comp_ew,specific,6
202105,2,-0.004996357729423971,160,comp_ew,specific,6
202105,3,-0.004866182576561956,160,comp_ew,specific,6
202105,4,0.030743863298727758,160,comp_ew,specific,6
202105,5,0.037296156272882484,160,comp_ew,specific,6
202106,1,0.021595266975520406,161,comp_ew,specific,6
202106,2,-0.026344295751881047,160,comp_ew,specific,6
202106,3,-0.00861010268319083,160,comp_ew,specific,6
202106,4,0.0159145333052524,160,comp_ew,specific,6
202106,5,0.03397522853298288,160,comp_ew,specific,6
202107,1,-0.014353403857418979,160,comp_ew,specific,6
202107,2,-0.00040952659985382287,160,comp_ew,specific,6
202107,3,0.006897612896441871,160,comp_ew,specific,6
202107,4,-0.0011196849380931593,160,comp_ew,specific,6
202107,5,0.022436889249498153,159,comp_ew,specific,6
202108,1,0.01182980577639363,160,comp_ew,specific,6
202108,2,-0.02368035984530081,160,comp_ew,specific,6
202108,3,-0.0023334814374446505,160,comp_ew,specific,6
202108,4,-0.008863764380566132,160,comp_ew,specific,6
202108,5,0.00930102126418594,160,comp_ew,specific,6
202109,1,-0.012347129848189269,161,comp_ew,specific,6
202109,2,-0.001824827087794022,160,comp_ew,specific,6
202109,3,-0.011720531211358434,160,comp_ew,specific,6
202109,4,0.0004329308387725714,160,comp_ew,specific,6
202109,5,0.0021173963568366394,160,comp_ew,specific,6
202110,1,-0.0026731843440062674,160,comp_ew,specific,6
202110,2,-0.03818865839193995,160,comp_ew,specific,6
202110,3,-0.015665623037238948,160,comp_ew,specific,6
202110,4,0.027017574142256702,160,comp_ew,specific,6
202110,5,0.0051444225807001235,159,comp_ew,specific,6
202111,1,0.008196761939783307,161,comp_ew,specific,6
202111,2,-0.03749187838766458,160,comp_ew,specific,6
202111,3,0.01730189036433049,160,comp_ew,specific,6
202111,4,-0.007308809195927854,160,comp_ew,specific,6
202111,5,-0.0025081146159803367,160,comp_ew,specific,6
202112,1,-0.026571514211167536,160,comp_ew,specific,6
202112,2,0.028636938412987763,160,comp_ew,specific,6
202112,3,-0.013322132644000877,160,comp_ew,specific,6
202112,4,0.028135049254230365,160,comp_ew,specific,6
202112,5,-0.02030263888141346,160,comp_ew,specific,6
202201,1,-0.020843555987842974,160,comp_ew,specific,6
202201,2,-0.015332147301738746,160,comp_ew,specific,6
202201,3,-0.00469844251416251,160,comp_ew,specific,6
202201,4,0.029090937409106433,160,comp_ew,specific,6
202201,5,0.017509580504852233,159,comp_ew,specific,6
202202,1,0.00487878381289307,160,comp_ew,specific,6
202202,2,0.0013407575782908752,159,comp_ew,specific,6
202202,3,0.008444022279426141,160,comp_ew,specific,6
202202,4,0.023342080846182146,159,comp_ew,specific,6
202202,5,0.01830281698379212,159,comp_ew,specific,6
202203,1,0.0010436171929943886,159,comp_ew,specific,6
202203,2,-0.008021940786387047,159,comp_ew,specific,6
202203,3,0.0005375579393823962,159,comp_ew,specific,6
202203,4,0.007433885426105148,159,comp_ew,specific,6
202203,5,0.04051807642467813,158,comp_ew,specific,6
202204,1,-0.005134145833861574,160,comp_ew,specific,6
202204,2,-0.008834321939421044,159,comp_ew,specific,6
202204,3,0.007497476781973654,159,comp_ew,specific,6
202204,4,0.027671980059820203,159,comp_ew,specific,6
202204,5,0.021197355639865564,159,comp_ew,specific,6
202205,1,0.0009877548730573566,159,comp_ew,specific,6
202205,2,-0.0035978497884649446,159,comp_ew,specific,6
202205,3,0.0006755093909628177,159,comp_ew,specific,6
202205,4,0.011594420042558003,159,comp_ew,specific,6
202205,5,0.022236069869115728,158,comp_ew,specific,6
202206,1,-0.0029077457479621187,159,comp_ew,specific,6
202206,2,-0.017643259938490533,158,comp_ew,specific,6
202206,3,0.011924316242894877,158,comp_ew,specific,6
202206,4,0.024698659399243098,158,comp_ew,specific,6
202206,5,0.014615113510109724,158,comp_ew,specific,6
202207,1,0.013461808504555051,160,comp_ew,specific,6
202207,2,-0.008987288358946464,159,comp_ew,specific,6
202207,3,0.013171711312669695,159,comp_ew,specific,6
202207,4,0.0018383007461154482,159,comp_ew,specific,6
202207,5,0.017404667412786706,159,comp_ew,specific,6
202208,1,-0.0019394784937854545,160,comp_ew,specific,6
202208,2,0.0016430425064190128,159,comp_ew,specific,6
202208,3,-0.0034633757311201743,159,comp_ew,specific,6
202208,4,0.025239452634899573,159,comp_ew,specific,6
202208,5,-0.00916184041526386,159,comp_ew,specific,6
202209,1,-0.001822222396416793,159,comp_ew,specific,6
202209,2,0.014460142667741201,159,comp_ew,specific,6
202209,3,-0.04271053796644967,159,comp_ew,specific,6
202209,4,0.0034076076296823406,159,comp_ew,specific,6
202209,5,0.02636992761388115,159,comp_ew,specific,6
202210,1,-0.04012520172615976,159,comp_ew,specific,6
202210,2,-0.001640354593764377,159,comp_ew,specific,6
202210,3,0.013497737577117913,158,comp_ew,specific,6
202210,4,0.020854542402675477,159,comp_ew,specific,6
202210,5,0.025799606563986686,158,comp_ew,specific,6
202211,1,-0.043453263468917765,159,comp_ew,specific,6
202211,2,0.0029468551267280243,159,comp_ew,specific,6
202211,3,0.015382398239583069,158,comp_ew,specific,6
202211,4,0.005977124398514194,159,comp_ew,specific,6
202211,5,0.01964973138401384,158,comp_ew,specific,6
202212,1,-0.025648482967405642,159,comp_ew,specific,6
202212,2,0.018251492794470272,158,comp_ew,specific,6
202212,3,0.014227350284960178,159,comp_ew,specific,6
202212,4,0.007982158964059068,158,comp_ew,specific,6
202212,5,-0.0097802228058873,158,comp_ew,specific,6
202301,1,-0.017407578302604698,158,comp_ew,specific,6
202301,2,5.314285300556918e-05,158,comp_ew,specific,6
202301,3,-0.008310207521734425,158,comp_ew,specific,6
202301,4,-0.000687940775086657,158,comp_ew,specific,6
202301,5,0.015797484778032476,158,comp_ew,specific,6
202302,1,-0.014238543683368843,158,comp_ew,specific,6
202302,2,-0.01766598587457242,158,comp_ew,specific,6
202302,3,0.0035135050668275293,158,comp_ew,specific,6
202302,4,0.010830795225552628,158,comp_ew,specific,6
202302,5,-0.009085661760962562,157,comp_ew,specific,6
202303,1,-0.02497823918000604,159,comp_ew,specific,6
202303,2,-0.005754075672622134,158,comp_ew,specific,6
202303,3,-0.007704409537635091,159,comp_ew,specific,6
202303,4,0.0313036829631229,158,comp_ew,specific,6
202303,5,0.01628165888167174,158,comp_ew,specific,6
202304,1,-0.029838653356531138,158,comp_ew,specific,6
202304,2,-0.021383600541547452,158,comp_ew,specific,6
202304,3,0.0019648947280176085,158,comp_ew,specific,6
202304,4,0.008580062863910476,158,comp_ew,specific,6
202304,5,0.03231946106743946,157,comp_ew,specific,6
202305,1,-0.03221382267977682,159,comp_ew,specific,6
202305,2,-0.02988048338271817,158,comp_ew,specific,6
202305,3,0.019451610479556115,159,comp_ew,specific,6
202305,4,0.023867006287670554,158,comp_ew,specific,6
202305,5,0.016443309538168006,158,comp_ew,specific,6
202306,1,-0.0208310061032852,158,comp_ew,specific,6
202306,2,-0.0032874775965378547,157,comp_ew,specific,6
202306,3,-0.024134152771902357,158,comp_ew,specific,6
202306,4,0.020862603116848427,157,comp_ew,specific,6
202306,5,0.0190194859286722,157,comp_ew,specific,6
202307,1,-0.012808355520297807,159,comp_ew,specific,6
202307,2,0.00038849796011896634,158,comp_ew,specific,6
202307,3,-0.009873697976712743,158,comp_ew,specific,6
202307,4,0.01027130305187814,158,comp_ew,specific,6
202307,5,0.009373635497081718,158,comp_ew,specific,6
202308,1,-0.021655872553499225,158,comp_ew,specific,6
202308,2,0.00693358689861579,158,comp_ew,specific,6
202308,3,0.01438875292796994,157,comp_ew,specific,6
202308,4,-0.0033091737246988924,158,comp_ew,specific,6
202308,5,0.01920652916978002,157,comp_ew,specific,6
202309,1,-0.053153721823543436,158,comp_ew,specific,6
202309,2,0.011162149853123034,158,comp_ew,specific,6
202309,3,0.021591119654679452,158,comp_ew,specific,6
202309,4,0.015625780554614003,158,comp_ew,specific,6
202309,5,0.004886705385336928,157,comp_ew,specific,6
202310,1,-0.03463684306175014,158,comp_ew,specific,6
202310,2,0.0008662044563252966,158,comp_ew,specific,6
202310,3,0.008918800768053388,157,comp_ew,specific,6
202310,4,-0.0007884551804093955,158,comp_ew,specific,6
202310,5,0.012193328284160072,157,comp_ew,specific,6
202311,1,-0.0178015304458617,158,comp_ew,specific,6
202311,2,0.00495866658035337,157,comp_ew,specific,6
202311,3,0.02224465422523549,157,comp_ew,specific,6
202311,4,-0.02272121878366137,157,comp_ew,specific,6
202311,5,0.01743793107013097,157,comp_ew,specific,6
202312,1,0.007510273936919727,158,comp_ew,specific,6
202312,2,-0.011192506202606188,157,comp_ew,specific,6
202312,3,0.00920337463810066,157,comp_ew,specific,6
202312,4,-0.016576689101149907,157,comp_ew,specific,6
202312,5,0.015035500674914621,157,comp_ew,specific,6
202401,1,0.008776941813863237,157,comp_ew,specific,6
202401,2,-0.029203472615537247,157,comp_ew,specific,6
202401,3,0.007068624975096766,157,comp_ew,specific,6
202401,4,-0.003149978018598246,157,comp_ew,specific,6
202401,5,-0.009199672589349317,157,comp_ew,specific,6
202402,1,-0.012793189510955946,157,comp_ew,specific,6
202402,2,-0.020132277044129825,157,comp_ew,specific,6
202402,3,0.01776173541265588,156,comp_ew,specific,6
202402,4,0.01785710099393963,157,comp_ew,specific,6
202402,5,-0.010029555627116283,156,comp_ew,specific,6
202403,1,-0.03874068781283404,157,comp_ew,specific,6
202403,2,-0.004006758448264474,157,comp_ew,specific,6
202403,3,0.02577704848923696,157,comp_ew,specific,6
202403,4,-0.005972577848578832,157,comp_ew,specific,6
202403,5,0.02672643465349527,157,comp_ew,specific,6
202404,1,-0.018564547754465647,157,comp_ew,specific,6
202404,2,-0.012375190534897176,157,comp_ew,specific,6
202404,3,-0.011533441564142783,156,comp_ew,specific,6
202404,4,0.028079386741796858,157,comp_ew,specific,6
202404,5,0.05603379315246185,156,comp_ew,specific,6
202405,1,-0.00486615677068382,157,comp_ew,specific,6
202405,2,0.001585948619175686,156,comp_ew,specific,6
202405,3,0.013145674315356725,156,comp_ew,specific,6
202405,4,0.008853200125056648,156,comp_ew,specific,6
202405,5,0.02562816937633686,156,comp_ew,specific,6
202406,1,-0.0013078987866568946,156,comp_ew,specific,6
202406,2,0.004419760121500935,156,comp_ew,specific,6
202406,3,-0.004295478381577389,156,comp_ew,specific,6
202406,4,0.016942998572198123,156,comp_ew,specific,6
202406,5,0.02396833531762656,156,comp_ew,specific,6
202407,1,-0.003114879683026611,157,comp_ew,specific,6
202407,2,-0.004033836717458807,156,comp_ew,specific,6
202407,3,0.020493581669044324,157,comp_ew,specific,6
202407,4,0.03703811412285312,156,comp_ew,specific,6
202407,5,0.018409193708223994,156,comp_ew,specific,6
202408,1,0.02460330803054837,156,comp_ew,specific,6
202408,2,0.0003956594654741588,156,comp_ew,specific,6
202408,3,0.012025659028541922,155,comp_ew,specific,6
202408,4,0.007853201704747622,156,comp_ew,specific,6
202408,5,0.020084726632642443,155,comp_ew,specific,6
202409,1,-0.0028401118098572717,156,comp_ew,specific,6
202409,2,0.008935185916134252,155,comp_ew,specific,6
202409,3,-0.0005195166949290389,156,comp_ew,specific,6
202409,4,0.025077885842077395,155,comp_ew,specific,6
202409,5,0.010374324708930722,155,comp_ew,specific,6
202410,1,-0.015296051745214648,155,comp_ew,specific,6
202410,2,0.01911133329595587,155,comp_ew,specific,6
202410,3,-0.01784947902320751,155,comp_ew,specific,6
202410,4,0.003990731002339816,155,comp_ew,specific,6
202410,5,0.031788030874652665,154,comp_ew,specific,6
202411,1,-0.01784130089306288,156,comp_ew,specific,6
202411,2,-0.021207506021019472,155,comp_ew,specific,6
202411,3,0.018162555180581935,155,comp_ew,specific,6
202411,4,0.005840201822804,155,comp_ew,specific,6
202411,5,0.00029969103101656116,155,comp_ew,specific,6
202412,1,-0.0011471746232049108,155,comp_ew,specific,6
202412,2,-0.02691453849808604,155,comp_ew,specific,6
202412,3,-0.0010076182487639854,155,comp_ew,specific,6
202412,4,0.00518694613834565,155,comp_ew,specific,6
202412,5,-0.002229628650315929,155,comp_ew,specific,6
202501,1,-0.028039038140413797,155,comp_ew,specific,6
202501,2,-0.007739893229160027,155,comp_ew,specific,6
202501,3,0.00857253716516389,155,comp_ew,specific,6
202501,4,-0.000610642241806271,155,comp_ew,specific,6
202501,5,0.0040674401648899796,155,comp_ew,specific,6
202502,1,-0.045351068412145944,155,comp_ew,specific,6
202502,2,-0.0234294796064876,155,comp_ew,specific,6
202502,3,0.027212031887707287,154,comp_ew,specific,6
202502,4,0.01721970890647548,155,comp_ew,specific,6
202502,5,-0.011982528812103047,154,comp_ew,specific,6
202503,1,-0.03383798230655517,155,comp_ew,specific,6
202503,2,0.0025999589612255404,154,comp_ew,specific,6
202503,3,-0.0032144501817341206,154,comp_ew,specific,6
202503,4,-0.00822108478513751,154,comp_ew,specific,6
202503,5,0.03282824518613712,154,comp_ew,specific,6
202504,1,0.006957522058732634,154,comp_ew,specific,6
202504,2,0.023595036250505696,154,comp_ew,specific,6
202504,3,-0.013814721713753477,154,comp_ew,specific,6
202504,4,-0.011101188582832823,154,comp_ew,specific,6
202504,5,-3.131465251142105e-05,153,comp_ew,specific,6
202505,1,0.002439058750328561,154,comp_ew,specific,6
202505,2,-0.002696837894654148,154,comp_ew,specific,6
202505,3,0.025414391921581948,154,comp_ew,specific,6
202505,4,0.0013814542247102188,154,comp_ew,specific,6
202505,5,-0.004228092545629152,153,comp_ew,specific,6
202506,1,0.004998277487627074,154,comp_ew,specific,6
202506,2,-0.000836572236396028,154,comp_ew,specific,6
202506,3,0.02032115754497622,154,comp_ew,specific,6
202506,4,0.004893423781449641,154,comp_ew,specific,6
202506,5,-0.008566001680918983,154,comp_ew,specific,6
202507,1,-0.02235434860001065,154,comp_ew,specific,6
202507,2,0.031355815681371926,154,comp_ew,specific,6
202507,3,0.003194503022555305,153,comp_ew,specific,6
202507,4,0.01468996565664021,154,comp_ew,specific,6
202507,5,0.01918147653764604,153,comp_ew,specific,6
202508,1,-0.015701693471922556,154,comp_ew,specific,6
202508,2,0.009132045753145544,154,comp_ew,specific,6
202508,3,0.019145905667424724,153,comp_ew,specific,6
202508,4,0.01329925063111746,154,comp_ew,specific,6
202508,5,0.018036362853836325,153,comp_ew,specific,6
202509,1,-0.00029548599688441747,154,comp_ew,specific,6
202509,2,-0.017404158774388046,153,comp_ew,specific,6
202509,3,0.009800645370997306,153,comp_ew,specific,6
202509,4,0.017892724914354764,153,comp_ew,specific,6
202509,5,0.03214127004474811,153,comp_ew,specific,6
202510,1,-0.02305555017039059,153,comp_ew,specific,6
202510,2,0.008809528712755373,153,comp_ew,specific,6
202510,3,0.006936636268209191,153,comp_ew,specific,6
202510,4,0.0036191189192921426,153,comp_ew,specific,6
202510,5,0.0296647176048533,153,comp_ew,specific,6
202511,1,-0.009360551652888054,153,comp_ew,specific,6
202511,2,-0.004235649622052632,153,comp_ew,specific,6
202511,3,0.004968635032325785,153,comp_ew,specific,6
202511,4,0.00964518497740522,153,comp_ew,specific,6
202511,5,0.010831827160751794,152,comp_ew,specific,6
202512,1,0.018399437489856476,153,comp_ew,specific,6
202512,2,-0.00942925361667418,153,comp_ew,specific,6
202512,3,-0.01564992152040081,153,comp_ew,specific,6
202512,4,0.0028086428422361663,153,comp_ew,specific,6
202512,5,0.03192165620285316,152,comp_ew,specific,6
202601,1,-0.00035866621923927327,153,comp_ew,specific,6
202601,2,-0.009983487903123742,153,comp_ew,specific,6
202601,3,-0.011033618842058054,152,comp_ew,specific,6
202601,4,-0.008725491658356382,153,comp_ew,specific,6
202601,5,0.012330560458124617,152,comp_ew,specific,6
200801,1,-0.03261789523813209,142,comp_ew,specific,12
200801,2,-0.024725010953734285,142,comp_ew,specific,12
200801,3,-0.0498078715914835,142,comp_ew,specific,12
200801,4,0.06654282967415678,142,comp_ew,specific,12
200801,5,0.005337844746412739,141,comp_ew,specific,12
200802,1,-0.03157963851399744,142,comp_ew,specific,12
200802,2,-0.027061099185527987,142,comp_ew,specific,12
200802,3,-0.010971914500267728,141,comp_ew,specific,12
200802,4,-0.011656377923624037,142,comp_ew,specific,12
200802,5,0.02592067805151679,141,comp_ew,specific,12
200803,1,-0.04135786581872235,143,comp_ew,specific,12
200803,2,-0.020110875250354883,143,comp_ew,specific,12
200803,3,0.021679876767646284,143,comp_ew,specific,12
200803,4,0.01869136779267439,143,comp_ew,specific,12
200803,5,-0.0037171305110023293,142,comp_ew,specific,12
200804,1,-0.048680702478001776,143,comp_ew,specific,12
200804,2,-0.02152496824589458,143,comp_ew,specific,12
200804,3,0.03592831040971658,143,comp_ew,specific,12
200804,4,-0.0028700858155235143,143,comp_ew,specific,12
200804,5,-0.004203414863471206,143,comp_ew,specific,12
200805,1,-0.04965848115210225,143,comp_ew,specific,12
200805,2,-0.01569022726410396,142,comp_ew,specific,12
200805,3,-0.008969772469211476,143,comp_ew,specific,12
200805,4,0.02435634422791597,142,comp_ew,specific,12
200805,5,0.030720301295402905,142,comp_ew,specific,12
200806,1,0.003235450474594692,144,comp_ew,specific,12
200806,2,-0.05711110468795782,144,comp_ew,specific,12
200806,3,-0.00017696553387519057,144,comp_ew,specific,12
200806,4,0.004594758836194289,144,comp_ew,specific,12
200806,5,0.019443410923889924,144,comp_ew,specific,12
200807,1,-0.03954570885110827,145,comp_ew,specific,12
200807,2,-0.014951351525503045,145,comp_ew,specific,12
200807,3,0.002664931549491976,144,comp_ew,specific,12
200807,4,0.007584966386603516,145,comp_ew,specific,12
200807,5,0.03119284066198776,144,comp_ew,specific,12
200808,1,0.008665189506620988,145,comp_ew,specific,12
200808,2,-0.0008537080682789895,145,comp_ew,specific,12
200808,3,-0.0030706297903591953,145,comp_ew,specific,12
200808,4,-0.0023514658857241594,145,comp_ew,specific,12
200808,5,0.002013026852053348,144,comp_ew,specific,12
200809,1,-0.048010774467097936,145,comp_ew,specific,12
200809,2,-0.006162562369429907,144,comp_ew,specific,12
200809,3,0.02684120818684434,145,comp_ew,specific,12
200809,4,0.008807638061936098,144,comp_ew,specific,12
200809,5,-0.0004245632783426249,144,comp_ew,specific,12
200810,1,-0.04208640064676828,146,comp_ew,specific,12
200810,2,-0.051699269254056726,145,comp_ew,specific,12
200810,3,0.012284556797707225,145,comp_ew,specific,12
200810,4,0.05151856826641153,145,comp_ew,specific,12
200810,5,-0.005635084901776967,145,comp_ew,specific,12
200811,1,-0.047798844825583074,147,comp_ew,specific,12
200811,2,-0.040629682738422955,147,comp_ew,specific,12
200811,3,-0.012363123228783636,146,comp_ew,specific,12
200811,4,0.008126775982891339,147,comp_ew,specific,12
200811,5,0.07303267520803093,146,comp_ew,specific,12
200812,1,-0.02031300036457933,147,comp_ew,specific,12
200812,2,-0.046714820271290515,146,comp_ew,specific,12
200812,3,-0.01144789606628537,146,comp_ew,specific,12
200812,4,0.018488904574522264,146,comp_ew,specific,12
200812,5,0.04390544678173995,146,comp_ew,specific,12
200901,1,-0.030072792902146196,147,comp_ew,specific,12
200901,2,-0.015390153425226451,147,comp_ew,specific,12
200901,3,0.015756200519739506,146,comp_ew,specific,12
200901,4,-0.0039032302098933255,147,comp_ew,specific,12
200901,5,0.04158028639152018,146,comp_ew,specific,12
200902,1,-0.02126419152420007,148,comp_ew,specific,12
200902,2,-0.010927665085890421,148,comp_ew,specific,12
200902,3,0.0023924009842407976,147,comp_ew,specific,12
200902,4,0.007281974846840733,148,comp_ew,specific,12
200902,5,0.05845564828982078,147,comp_ew,specific,12
200903,1,-0.03309727564332801,148,comp_ew,specific,12
200903,2,0.02913419344505946,148,comp_ew,specific,12
200903,3,-0.020853901681640242,147,comp_ew,specific,12
200903,4,0.0037498786666480583,148,comp_ew,specific,12
200903,5,0.026620644410503595,147,comp_ew,specific,12
200904,1,-0.0037840675811493148,149,comp_ew,specific,12
200904,2,-0.00966462045916241,149,comp_ew,specific,12
200904,3,-0.010490346235175639,149,comp_ew,specific,12
200904,4,0.010179957207203062,149,comp_ew,specific,12
200904,5,0.024715865012086457,148,comp_ew,specific,12
200905,1,-0.029662348739522688,149,comp_ew,specific,12
200905,2,-0.03215856895210481,149,comp_ew,specific,12
200905,3,0.023304772207019868,149,comp_ew,specific,12
200905,4,0.013738771137683547,149,comp_ew,specific,12
200905,5,0.02971892689838889,148,comp_ew,specific,12
200906,1,-0.009361478537080303,149,comp_ew,specific,12
200906,2,-0.05859835675594577,149,comp_ew,specific,12
200906,3,0.019409751327739384,149,comp_ew,specific,12
200906,4,0.03980111735508819,149,comp_ew,specific,12
200906,5,0.02764936214911963,149,comp_ew,specific,12
200907,1,-0.04851841226723226,150,comp_ew,specific,12
200907,2,-0.017439934396634063,150,comp_ew,specific,12
200907,3,-0.022829385016613243,150,comp_ew,specific,12
200907,4,0.062208704863023,150,comp_ew,specific,12
200907,5,0.020813920808438493,150,comp_ew,specific,12
200908,1,-0.05942810417780246,151,comp_ew,specific,12
200908,2,0.01580420702851598,151,comp_ew,specific,12
200908,3,-0.02314324382792323,151,comp_ew,specific,12
200908,4,-0.007495242876941532,151,comp_ew,specific,12
200908,5,0.028570612713070414,150,comp_ew,specific,12
200909,1,-0.050713054711680874,152,comp_ew,specific,12
200909,2,-0.027055057017053994,151,comp_ew,specific,12
200909,3,-0.002382529204815592,151,comp_ew,specific,12
200909,4,0.001749851265825234,151,comp_ew,specific,12
200909,5,0.027258023075329173,151,comp_ew,specific,12
200910,1,-0.015624577140245467,152,comp_ew,specific,12
200910,2,-0.0009940522317202702,151,comp_ew,specific,12
200910,3,-0.026356093300575482,152,comp_ew,specific,12
200910,4,0.010391403934675638,151,comp_ew,specific,12
200910,5,0.009777356663706159,151,comp_ew,specific,12
200911,1,0.007191069537808409,152,comp_ew,specific,12
200911,2,-0.015326306367727274,151,comp_ew,specific,12
200911,3,-0.023627041081587596,152,comp_ew,specific,12
200911,4,-0.012307814234392629,151,comp_ew,specific,12
200911,5,0.030704285083198307,151,comp_ew,specific,12
200912,1,0.009787066720747362,152,comp_ew,specific,12
200912,2,-0.06383527037060513,152,comp_ew,specific,12
200912,3,0.0034419949788498877,151,comp_ew,specific,12
200912,4,0.05143906773159666,152,comp_ew,specific,12
200912,5,-0.002075531719172905,151,comp_ew,specific,12
201001,1,-0.0014069121780861144,152,comp_ew,specific,12
201001,2,0.004809570042138697,152,comp_ew,specific,12
201001,3,-0.005376741169152543,152,comp_ew,specific,12
201001,4,-0.019616251643561462,152,comp_ew,specific,12
201001,5,0.010146956754950434,151,comp_ew,specific,12
201002,1,0.010357307700552286,152,comp_ew,specific,12
201002,2,0.006195285822736434,152,comp_ew,specific,12
201002,3,-0.03374082060451906,152,comp_ew,specific,12
201002,4,0.010183810828252654,152,comp_ew,specific,12
201002,5,0.018521782592108422,151,comp_ew,specific,12
201003,1,0.027119397978785778,152,comp_ew,specific,12
201003,2,-0.017952454972793897,152,comp_ew,specific,12
201003,3,-0.03345421554003816,152,comp_ew,specific,12
201003,4,0.04611248913230453,152,comp_ew,specific,12
201003,5,0.01492199281412589,152,comp_ew,specific,12
201004,1,-0.008608061108522745,153,comp_ew,specific,12
201004,2,0.014393897281399743,152,comp_ew,specific,12
201004,3,0.017502551747964473,152,comp_ew,specific,12
201004,4,0.00035283669995331697,152,comp_ew,specific,12
201004,5,0.029569843269886344,152,comp_ew,specific,12
201005,1,-0.019074786284365625,154,comp_ew,specific,12
201005,2,0.004993708904596523,153,comp_ew,specific,12
201005,3,0.01637869130992738,154,comp_ew,specific,12
201005,4,0.006997486834771425,153,comp_ew,specific,12
201005,5,0.04031504114777835,153,comp_ew,specific,12
201006,1,-0.0026698192627949034,154,comp_ew,specific,12
201006,2,-0.031482452563600716,154,comp_ew,specific,12
201006,3,0.027564208494526392,154,comp_ew,specific,12
201006,4,0.02169961909029547,154,comp_ew,specific,12
201006,5,0.004950341734284848,154,comp_ew,specific,12
201007,1,-0.03225292556808427,155,comp_ew,specific,12
201007,2,0.04197557772856172,155,comp_ew,specific,12
201007,3,0.00832421927172494,154,comp_ew,specific,12
201007,4,0.021999856524630244,155,comp_ew,specific,12
201007,5,0.015619672128994054,154,comp_ew,specific,12
201008,1,-0.021415460910400388,155,comp_ew,specific,12
201008,2,0.0015962331375140846,155,comp_ew,specific,12
201008,3,0.04158171431631981,154,comp_ew,specific,12
201008,4,0.04538146222786432,155,comp_ew,specific,12
201008,5,-0.00019038269290390519,154,comp_ew,specific,12
201009,1,0.014289902025552954,156,comp_ew,specific,12
201009,2,0.010059250125606205,155,comp_ew,specific,12
201009,3,0.027945352388999874,156,comp_ew,specific,12
201009,4,-0.012636807931480693,155,comp_ew,specific,12
201009,5,0.03653247546052616,155,comp_ew,specific,12
201010,1,-0.030600840084009165,155,comp_ew,specific,12
201010,2,0.043128051121312315,155,comp_ew,specific,12
201010,3,-0.0007467866806544221,155,comp_ew,specific,12
201010,4,0.02321480568011659,155,comp_ew,specific,12
201010,5,0.014317686126197946,154,comp_ew,specific,12
201011,1,-0.02915791057111474,156,comp_ew,specific,12
201011,2,-0.03085129485507807,155,comp_ew,specific,12
201011,3,0.02531541900756574,156,comp_ew,specific,12
201011,4,0.02738269386201649,155,comp_ew,specific,12
201011,5,0.02345895399526608,155,comp_ew,specific,12
201012,1,-0.04316714193689122,157,comp_ew,specific,12
201012,2,0.010031048593766747,156,comp_ew,specific,12
201012,3,0.0012233956576226323,156,comp_ew,specific,12
201012,4,0.002992529266725872,156,comp_ew,specific,12
201012,5,0.0412403093440405,156,comp_ew,specific,12
201101,1,-0.03463542369539993,156,comp_ew,specific,12
201101,2,-0.005154896445234718,156,comp_ew,specific,12
201101,3,0.0015032750736414268,156,comp_ew,specific,12
201101,4,0.010153727050295805,156,comp_ew,specific,12
201101,5,0.023045932650764083,156,comp_ew,specific,12
201102,1,-0.029723799747924953,157,comp_ew,specific,12
201102,2,-0.005631892079518217,157,comp_ew,specific,12
201102,3,-0.006565897442405612,157,comp_ew,specific,12
201102,4,-0.009857471819403926,157,comp_ew,specific,12
201102,5,0.03991196018827578,156,comp_ew,specific,12
201103,1,0.0024618894579148316,158,comp_ew,specific,12
201103,2,-0.005961358520576173,157,comp_ew,specific,12
201103,3,-0.015583078180431701,157,comp_ew,specific,12
201103,4,-0.033491331692571576,157,comp_ew,specific,12
201103,5,0.024522308820515613,157,comp_ew,specific,12
201104,1,-0.030831769488316053,159,comp_ew,specific,12
201104,2,-0.01335407273376465,158,comp_ew,specific,12
201104,3,0.003428123020962051,158,comp_ew,specific,12
201104,4,0.0033780465366330245,158,comp_ew,specific,12
201104,5,-0.008114128385151223,158,comp_ew,specific,12
201105,1,-0.02228410904759721,159,comp_ew,specific,12
201105,2,-0.02467972381702144,159,comp_ew,specific,12
201105,3,0.003063268577134948,159,comp_ew,specific,12
201105,4,-0.025863179462875377,159,comp_ew,specific,12
201105,5,0.01767515492966218,158,comp_ew,specific,12
201106,1,-0.038576191741596,160,comp_ew,specific,12
201106,2,0.006819574573838157,159,comp_ew,specific,12
201106,3,-0.017948863634068318,159,comp_ew,specific,12
201106,4,-0.023601298759678032,159,comp_ew,specific,12
201106,5,0.04223711878138419,159,comp_ew,specific,12
201107,1,-0.061465212083649225,160,comp_ew,specific,12
201107,2,0.0028860198002753764,160,comp_ew,specific,12
201107,3,-0.03326075675760255,160,comp_ew,specific,12
201107,4,0.004595305655015603,160,comp_ew,specific,12
201107,5,0.006148460731693178,160,comp_ew,specific,12
201108,1,-0.06430003641699339,160,comp_ew,specific,12
201108,2,-0.023728680186092782,160,comp_ew,specific,12
201108,3,-0.03667822749786156,160,comp_ew,specific,12
201108,4,-0.005174471495720512,160,comp_ew,specific,12
201108,5,0.035180260053439806,160,comp_ew,specific,12
201109,1,-0.05104719265912724,160,comp_ew,specific,12
201109,2,-0.05623301287006862,160,comp_ew,specific,12
201109,3,-0.01630317182891134,160,comp_ew,specific,12
201109,4,0.013471886124004448,160,comp_ew,specific,12
201109,5,0.0283793073079019,159,comp_ew,specific,12
201110,1,-0.05160612857626773,161,comp_ew,specific,12
201110,2,-0.008871086966252485,160,comp_ew,specific,12
201110,3,-0.02947688660776126,161,comp_ew,specific,12
201110,4,0.025570917732859754,160,comp_ew,specific,12
201110,5,-0.007048446472486135,160,comp_ew,specific,12
201111,1,-0.05279374772606487,161,comp_ew,specific,12
201111,2,0.0013255656466765364,161,comp_ew,specific,12
201111,3,-0.02866341024391051,161,comp_ew,specific,12
201111,4,0.015795636755439355,161,comp_ew,specific,12
201111,5,0.0362261166870924,160,comp_ew,specific,12
201112,1,-0.023625320374269513,161,comp_ew,specific,12
201112,2,-0.030292572883764145,160,comp_ew,specific,12
201112,3,-0.013694329353781447,161,comp_ew,specific,12
201112,4,0.03591051255229322,160,comp_ew,specific,12
201112,5,0.005573385999661108,160,comp_ew,specific,12
201201,1,-0.04409014486973963,161,comp_ew,specific,12
201201,2,-0.015175229761632781,161,comp_ew,specific,12
201201,3,0.022149518011689996,160,comp_ew,specific,12
201201,4,0.002463336098191187,161,comp_ew,specific,12
201201,5,0.008297619396164562,160,comp_ew,specific,12
201202,1,-0.016546748451621077,162,comp_ew,specific,12
201202,2,0.0014026916801769985,161,comp_ew,specific,12
201202,3,0.0073527483432246216,162,comp_ew,specific,12
201202,4,0.0029067192651404173,161,comp_ew,specific,12
201202,5,-0.006225223679054687,161,comp_ew,specific,12
201203,1,-0.025624779909095088,162,comp_ew,specific,12
201203,2,-0.014370598582799902,162,comp_ew,specific,12
201203,3,0.021027867981565543,162,comp_ew,specific,12
201203,4,-0.01632564581239612,162,comp_ew,specific,12
201203,5,-0.0012353289817790796,161,comp_ew,specific,12
201204,1,-0.06278051520908268,162,comp_ew,specific,12
201204,2,0.06001412668059715,162,comp_ew,specific,12
201204,3,-0.006429572160822323,161,comp_ew,specific,12
201204,4,-0.009149143155810275,162,comp_ew,specific,12
201204,5,0.0344329295387611,161,comp_ew,specific,12
201205,1,-0.026398280608092416,162,comp_ew,specific,12
201205,2,-0.012314900523667023,162,comp_ew,specific,12
201205,3,0.01886459714091355,162,comp_ew,specific,12
201205,4,0.009500429050648148,162,comp_ew,specific,12
201205,5,0.03502035956180024,161,comp_ew,specific,12
201206,1,-0.023214439404599087,163,comp_ew,specific,12
201206,2,-0.01140536584286763,163,comp_ew,specific,12
201206,3,-0.022585281846799064,162,comp_ew,specific,12
201206,4,0.022190866350473112,163,comp_ew,specific,12
201206,5,0.05157567694453327,162,comp_ew,specific,12
201207,1,-0.039330062083193264,163,comp_ew,specific,12
201207,2,-0.015919192115656917,163,comp_ew,specific,12
201207,3,0.027238621758855722,162,comp_ew,specific,12
201207,4,0.03357118437048431,163,comp_ew,specific,12
201207,5,0.04167640475875107,162,comp_ew,specific,12
201208,1,-0.03741549004803946,163,comp_ew,specific,12
201208,2,-0.008947911692111872,163,comp_ew,specific,12
201208,3,0.024794716350681683,163,comp_ew,specific,12
201208,4,0.02294402052077675,163,comp_ew,specific,12
201208,5,0.03458515869968296,162,comp_ew,specific,12
201209,1,-0.03975749267417416,163,comp_ew,specific,12
201209,2,0.00928064874561077,163,comp_ew,specific,12
201209,3,0.002897169546366015,163,comp_ew,specific,12
201209,4,0.0185309627086152,163,comp_ew,specific,12
201209,5,0.033120849134461526,162,comp_ew,specific,12
201210,1,0.0011130373398969533,164,comp_ew,specific,12
201210,2,0.003471805621948669,163,comp_ew,specific,12
201210,3,-0.015909232774004158,164,comp_ew,specific,12
201210,4,0.0024924526685105113,163,comp_ew,specific,12
201210,5,0.054262830255569626,163,comp_ew,specific,12
201211,1,-0.006837241108472896,164,comp_ew,specific,12
201211,2,-0.034620968167800165,164,comp_ew,specific,12
201211,3,0.006102195319954227,163,comp_ew,specific,12
201211,4,0.044716761469891037,164,comp_ew,specific,12
201211,5,0.04480712060200104,163,comp_ew,specific,12
201212,1,-0.018112306920611172,164,comp_ew,specific,12
201212,2,0.016311516993666248,164,comp_ew,specific,12
201212,3,-0.010860372721776866,164,comp_ew,specific,12
201212,4,0.03463227395929583,164,comp_ew,specific,12
201212,5,0.04763707918139547,163,comp_ew,specific,12
201301,1,-0.001754646630413686,164,comp_ew,specific,12
201301,2,0.0391336876733095,163,comp_ew,specific,12
201301,3,0.01561089729943857,163,comp_ew,specific,12
201301,4,0.01483315042398703,163,comp_ew,specific,12
201301,5,0.012655270775177965,163,comp_ew,specific,12
201302,1,0.013648715806184384,164,comp_ew,specific,12
201302,2,0.02153682870885614,163,comp_ew,specific,12
201302,3,-0.014882345841858442,163,comp_ew,specific,12
201302,4,0.01891567300654425,163,comp_ew,specific,12
201302,5,0.012887253929942047,163,comp_ew,specific,12
201303,1,-0.01719548971448485,164,comp_ew,specific,12
201303,2,0.011253186009784893,163,comp_ew,specific,12
201303,3,-0.02161950000433373,163,comp_ew,specific,12
201303,4,0.02125113337099268,163,comp_ew,specific,12
201303,5,0.038439783613909484,163,comp_ew,specific,12
201304,1,-0.030838061867155472,164,comp_ew,specific,12
201304,2,0.01328764847519741,164,comp_ew,specific,12
201304,3,-0.00977660802284433,164,comp_ew,specific,12
201304,4,0.016179435729532534,164,comp_ew,specific,12
201304,5,0.033350359780568876,163,comp_ew,specific,12
201305,1,-0.04207758040315569,165,comp_ew,specific,12
201305,2,-0.012060821928885879,164,comp_ew,specific,12
201305,3,0.028825777621349587,165,comp_ew,specific,12
201305,4,-0.00014843688158125762,164,comp_ew,specific,12
201305,5,0.06288124011946332,164,comp_ew,specific,12
201306,1,-0.04036345148748682,165,comp_ew,specific,12
201306,2,-0.028143485988240423,164,comp_ew,specific,12
201306,3,0.006302460717734283,165,comp_ew,specific,12
201306,4,0.028175044142493222,164,comp_ew,specific,12
201306,5,0.06330529309530475,164,comp_ew,specific,12
201307,1,-0.03766901460683116,166,comp_ew,specific,12
201307,2,-0.0418878589283548,166,comp_ew,specific,12
201307,3,0.015533192762819907,165,comp_ew,specific,12
201307,4,0.0342246423515666,166,comp_ew,specific,12
201307,5,0.06195746698029456,165,comp_ew,specific,12
201308,1,-0.023257629044218023,165,comp_ew,specific,12
201308,2,-0.01799219537058755,165,comp_ew,specific,12
201308,3,0.013841186886589868,165,comp_ew,specific,12
201308,4,0.023551419654736214,165,comp_ew,specific,12
201308,5,0.07354125316548532,165,comp_ew,specific,12
201309,1,-0.037901049753617376,166,comp_ew,specific,12
201309,2,0.00892157370050852,165,comp_ew,specific,12
201309,3,0.03515266188980457,165,comp_ew,specific,12
201309,4,0.015345177425889513,165,comp_ew,specific,12
201309,5,0.05900876107035969,165,comp_ew,specific,12
201310,1,0.009201063249660826,166,comp_ew,specific,12
201310,2,-0.017469380244789105,165,comp_ew,specific,12
201310,3,-0.0009947610697406553,165,comp_ew,specific,12
201310,4,0.03914517460147061,165,comp_ew,specific,12
201310,5,0.01651079238149754,165,comp_ew,specific,12
201311,1,0.003801429132138414,166,comp_ew,specific,12
201311,2,0.00036583430777788526,165,comp_ew,specific,12
201311,3,-0.003081885144107482,166,comp_ew,specific,12
201311,4,0.024988463745886803,165,comp_ew,specific,12
201311,5,0.0039117815305892275,165,comp_ew,specific,12
201312,1,-0.01373720652948697,166,comp_ew,specific,12
201312,2,0.020928548539844893,166,comp_ew,specific,12
201312,3,-0.014537181456591122,166,comp_ew,specific,12
201312,4,0.006399194816272925,166,comp_ew,specific,12
201312,5,0.024798875144579444,165,comp_ew,specific,12
201401,1,0.03554413048274334,167,comp_ew,specific,12
201401,2,-0.0007255698574350748,167,comp_ew,specific,12
201401,3,-0.035619171538384876,166,comp_ew,specific,12
201401,4,0.008218156898456709,167,comp_ew,specific,12
201401,5,0.016079362332695732,166,comp_ew,specific,12
201402,1,-0.00938400802224414,167,comp_ew,specific,12
201402,2,0.0132420977858393,166,comp_ew,specific,12
201402,3,0.02238870860650064,167,comp_ew,specific,12
201402,4,0.02849615081134211,166,comp_ew,specific,12
201402,5,-0.006652461468585202,166,comp_ew,specific,12
201403,1,-0.005441416515764902,167,comp_ew,specific,12
201403,2,0.015194980673975157,167,comp_ew,specific,12
201403,3,0.03002440644722425,167,comp_ew,specific,12
201403,4,0.02171370726030282,167,comp_ew,specific,12
201403,5,0.013078866414606738,166,comp_ew,specific,12
201404,1,0.009107919794636982,168,comp_ew,specific,12
201404,2,0.0005693045125602916,167,comp_ew,specific,12
201404,3,0.0313198612402502,168,comp_ew,specific,12
201404,4,0.05272817130758974,167,comp_ew,specific,12
201404,5,-0.011625047910335834,167,comp_ew,specific,12
201405,1,0.019471026012362707,169,comp_ew,specific,12
201405,2,-0.007035769326383509,168,comp_ew,specific,12
201405,3,0.003582345457781311,168,comp_ew,specific,12
201405,4,0.034109221878356806,168,comp_ew,specific,12
201405,5,0.03274761685783502,168,comp_ew,specific,12
201406,1,0.0129279139264874,169,comp_ew,specific,12
201406,2,0.040938393242030816,168,comp_ew,specific,12
201406,3,0.015949703496786413,169,comp_ew,specific,12
201406,4,0.011003310058350929,168,comp_ew,specific,12
201406,5,0.029458905414752882,168,comp_ew,specific,12
201407,1,0.004682890478530251,169,comp_ew,specific,12
201407,2,0.005957038871942557,169,comp_ew,specific,12
201407,3,0.04305004710450811,169,comp_ew,specific,12
201407,4,0.015927664304877444,169,comp_ew,specific,12
201407,5,0.018581418998167957,169,comp_ew,specific,12
201408,1,-0.012203815087476243,170,comp_ew,specific,12
201408,2,0.03421875613668131,170,comp_ew,specific,12
201408,3,0.022550619951729023,170,comp_ew,specific,12
201408,4,0.036870789663603104,170,comp_ew,specific,12
201408,5,-0.00864058658403794,169,comp_ew,specific,12
201409,1,-0.0022710444362625407,170,comp_ew,specific,12
201409,2,0.010069971458657331,170,comp_ew,specific,12
201409,3,0.00720816368913046,170,comp_ew,specific,12
201409,4,0.037284738980478654,170,comp_ew,specific,12
201409,5,-0.02384373655943449,169,comp_ew,specific,12
201410,1,0.027776753851058968,170,comp_ew,specific,12
201410,2,0.002966697741316355,169,comp_ew,specific,12
201410,3,-0.012100934120192908,169,comp_ew,specific,12
201410,4,-0.00262977219268035,169,comp_ew,specific,12
201410,5,0.005576184137411132,169,comp_ew,specific,12
201411,1,-0.0035290127263424235,170,comp_ew,specific,12
201411,2,0.019721489518829047,170,comp_ew,specific,12
201411,3,0.018402208444718585,170,comp_ew,specific,12
201411,4,-0.0028370626911997546,170,comp_ew,specific,12
201411,5,-0.019625988713620028,170,comp_ew,specific,12
201412,1,0.0017000499406550301,170,comp_ew,specific,12
201412,2,-0.020320382776811724,170,comp_ew,specific,12
201412,3,0.01798618162063378,170,comp_ew,specific,12
201412,4,0.009392102135712775,170,comp_ew,specific,12
201412,5,0.00998914788082454,169,comp_ew,specific,12
201501,1,0.012983532777186594,169,comp_ew,specific,12
201501,2,0.001856895344327293,169,comp_ew,specific,12
201501,3,-0.012679682172587515,169,comp_ew,specific,12
201501,4,0.001912488162197844,169,comp_ew,specific,12
201501,5,-0.000379646714307319,168,comp_ew,specific,12
201502,1,-0.0371504102432128,170,comp_ew,specific,12
201502,2,0.00922607374975884,169,comp_ew,specific,12
201502,3,0.00778977504704653,170,comp_ew,specific,12
201502,4,0.0065613141066811894,169,comp_ew,specific,12
201502,5,0.013828407520812162,169,comp_ew,specific,12
201503,1,-0.038537426672132384,169,comp_ew,specific,12
201503,2,0.013641482000681347,169,comp_ew,specific,12
201503,3,-0.006893242654071198,169,comp_ew,specific,12
201503,4,-0.025529698756302684,169,comp_ew,specific,12
201503,5,0.036672035042825214,168,comp_ew,specific,12
201504,1,0.0016317125458601115,169,comp_ew,specific,12
201504,2,-0.03239705416973503,168,comp_ew,specific,12
201504,3,-0.008904927255092393,169,comp_ew,specific,12
201504,4,0.009111431159710444,168,comp_ew,specific,12
201504,5,0.006204937535666291,168,comp_ew,specific,12
201505,1,0.007657143940149115,169,comp_ew,specific,12
201505,2,0.0011280204238133002,168,comp_ew,specific,12
201505,3,0.0030567048382930634,168,comp_ew,specific,12
201505,4,-0.046001904751930625,168,comp_ew,specific,12
201505,5,0.020093705028739507,168,comp_ew,specific,12
201506,1,-0.0001099178585407706,168,comp_ew,specific,12
201506,2,-0.003656014732952019,168,comp_ew,specific,12
201506,3,-0.009566638993291658,167,comp_ew,specific,12
201506,4,-0.019124806197734247,168,comp_ew,specific,12
201506,5,-0.0021771541443629,167,comp_ew,specific,12
201507,1,-0.041297281192995444,168,comp_ew,specific,12
201507,2,0.002514158647127388,168,comp_ew,specific,12
201507,3,-0.04446727523603357,167,comp_ew,specific,12
201507,4,-0.00488140483440324,168,comp_ew,specific,12
201507,5,0.011837614706734828,167,comp_ew,specific,12
201508,1,-0.019844453760445333,169,comp_ew,specific,12
201508,2,-0.037958795949458855,168,comp_ew,specific,12
201508,3,-0.01697559085888082,169,comp_ew,specific,12
201508,4,-0.0018445989482580361,168,comp_ew,specific,12
201508,5,-0.002451060604564769,168,comp_ew,specific,12
201509,1,-0.014606016859691014,168,comp_ew,specific,12
201509,2,-0.003980636846797133,167,comp_ew,specific,12
201509,3,-0.01746317941561897,167,comp_ew,specific,12
201509,4,0.00591568738193706,167,comp_ew,specific,12
201509,5,-0.0016829814881918492,167,comp_ew,specific,12
201510,1,-0.024840815411778818,168,comp_ew,specific,12
201510,2,0.014490171080861152,168,comp_ew,specific,12
201510,3,0.005279965500618246,167,comp_ew,specific,12
201510,4,-0.017991874091660656,168,comp_ew,specific,12
201510,5,0.028557608897556454,167,comp_ew,specific,12
201511,1,-0.036051517873279294,168,comp_ew,specific,12
201511,2,-0.004038537828405012,168,comp_ew,specific,12
201511,3,-0.022770219769284554,168,comp_ew,specific,12
201511,4,0.03481487586264068,168,comp_ew,specific,12
201511,5,0.031936022646179944,168,comp_ew,specific,12
201512,1,0.010408802436892316,168,comp_ew,specific,12
201512,2,-0.04185984121048141,167,comp_ew,specific,12
201512,3,0.02482050100732544,168,comp_ew,specific,12
201512,4,-0.00527983671688803,167,comp_ew,specific,12
201512,5,0.017936078704924877,167,comp_ew,specific,12
201601,1,-0.014370586255669698,167,comp_ew,specific,12
201601,2,-0.03130279060163832,167,comp_ew,specific,12
201601,3,0.021096611603491116,167,comp_ew,specific,12
201601,4,-0.0007330593439154585,167,comp_ew,specific,12
201601,5,0.011125818829582282,166,comp_ew,specific,12
201602,1,-0.040441291478534674,167,comp_ew,specific,12
201602,2,0.0016743002441097893,166,comp_ew,specific,12
201602,3,-0.0005130704227884797,167,comp_ew,specific,12
201602,4,-0.019609808306898242,166,comp_ew,specific,12
201602,5,0.03305626436249179,166,comp_ew,specific,12
201603,1,-0.019672694991086852,168,comp_ew,specific,12
201603,2,-0.049222052641428794,167,comp_ew,specific,12
201603,3,0.008274638079267723,167,comp_ew,specific,12
201603,4,8.570566194863758e-05,167,comp_ew,specific,12
201603,5,0.0526220614447274,167,comp_ew,specific,12
201604,1,-0.011889657424604376,167,comp_ew,specific,12
201604,2,-0.02169252985555498,167,comp_ew,specific,12
201604,3,0.017602054642490268,166,comp_ew,specific,12
201604,4,0.004071992231955527,167,comp_ew,specific,12
201604,5,0.01337637552023039,166,comp_ew,specific,12
201605,1,0.014341821720715218,167,comp_ew,specific,12
201605,2,-0.0011578869954750664,167,comp_ew,specific,12
201605,3,0.0020261369682124095,166,comp_ew,specific,12
201605,4,-0.055961811478314805,167,comp_ew,specific,12
201605,5,0.03837906750303971,166,comp_ew,specific,12
201606,1,-0.01934441280977442,167,comp_ew,specific,12
201606,2,-0.0192694467715335,166,comp_ew,specific,12
201606,3,-0.013066553191407013,167,comp_ew,specific,12
201606,4,0.013180377535512043,166,comp_ew,specific,12
201606,5,0.025561134126240337,166,comp_ew,specific,12
201607,1,-0.011605495862472302,167,comp_ew,specific,12
201607,2,-0.030136120313316035,166,comp_ew,specific,12
201607,3,0.023466600377478414,167,comp_ew,specific,12
201607,4,0.015510724289242673,166,comp_ew,specific,12
201607,5,0.02771173662114444,166,comp_ew,specific,12
201608,1,-0.04778415322908525,166,comp_ew,specific,12
201608,2,0.004065726171988443,166,comp_ew,specific,12
201608,3,0.011387383225302153,166,comp_ew,specific,12
201608,4,0.0401575327759806,166,comp_ew,specific,12
201608,5,0.039794236754828134,166,comp_ew,specific,12
201609,1,-0.04470258330108619,167,comp_ew,specific,12
201609,2,-0.012084746367463801,166,comp_ew,specific,12
201609,3,-0.014661201905024231,166,comp_ew,specific,12
201609,4,0.03594778449030226,166,comp_ew,specific,12
201609,5,0.054315444257571475,166,comp_ew,specific,12
201610,1,-0.055524485117649146,167,comp_ew,specific,12
201610,2,-0.013074627823195172,166,comp_ew,specific,12
201610,3,-0.011818141527153268,167,comp_ew,specific,12
201610,4,0.020907922742550523,166,comp_ew,specific,12
201610,5,0.043047582727190684,166,comp_ew,specific,12
201611,1,-0.04997534252738346,166,comp_ew,specific,12
201611,2,-0.016925705335124653,166,comp_ew,specific,12
201611,3,0.00020802829104035799,166,comp_ew,specific,12
201611,4,0.011434083468484022,166,comp_ew,specific,12
201611,5,0.01474050351809014,165,comp_ew,specific,12
201612,1,-0.07179288166261968,166,comp_ew,specific,12
201612,2,-0.02038538756639556,166,comp_ew,specific,12
201612,3,0.029446201965129978,166,comp_ew,specific,12
201612,4,0.01819008847507034,166,comp_ew,specific,12
201612,5,0.01638818287886429,166,comp_ew,specific,12
201701,1,-0.05617416806381599,166,comp_ew,specific,12
201701,2,0.010513978664810755,166,comp_ew,specific,12
201701,3,-0.015448190098707118,166,comp_ew,specific,12
201701,4,-0.004257389406536228,166,comp_ew,specific,12
201701,5,0.042108512054145376,165,comp_ew,specific,12
201702,1,-0.05076739992263872,166,comp_ew,specific,12
201702,2,-0.03946720720330461,166,comp_ew,specific,12
201702,3,0.010661291926874364,165,comp_ew,specific,12
201702,4,0.014419734193472353,166,comp_ew,specific,12
201702,5,0.05584053055158256,165,comp_ew,specific,12
201703,1,-0.04898862924319312,166,comp_ew,specific,12
201703,2,-0.021656945371837228,166,comp_ew,specific,12
201703,3,0.008699449656232646,166,comp_ew,specific,12
201703,4,0.008959210827683972,166,comp_ew,specific,12
201703,5,0.06475513867120085,165,comp_ew,specific,12
201704,1,-0.04658464809205048,166,comp_ew,specific,12
201704,2,-0.027987775755397917,166,comp_ew,specific,12
201704,3,0.022428912208090082,166,comp_ew,specific,12
201704,4,0.057731170723423646,166,comp_ew,specific,12
201704,5,0.027550932485772946,165,comp_ew,specific,12
201705,1,-0.017331743579731145,166,comp_ew,specific,12
201705,2,-0.004897892722544947,166,comp_ew,specific,12
201705,3,-0.004899630591686552,166,comp_ew,specific,12
201705,4,0.023064622531453863,166,comp_ew,specific,12
201705,5,0.026063919540481064,165,comp_ew,specific,12
201706,1,0.0188828588227709,165,comp_ew,specific,12
201706,2,-0.06724198514804276,165,comp_ew,specific,12
201706,3,0.034955103907381324,164,comp_ew,specific,12
201706,4,0.02085629428417165,165,comp_ew,specific,12
201706,5,0.007437281016902659,164,comp_ew,specific,12
201707,1,-0.01865809426912189,166,comp_ew,specific,12
201707,2,-0.0019240027693602762,165,comp_ew,specific,12
201707,3,-0.03144429538930016,165,comp_ew,specific,12
201707,4,0.020381307569524085,165,comp_ew,specific,12
201707,5,0.030471220400575132,165,comp_ew,specific,12
201708,1,-0.01867262110635238,166,comp_ew,specific,12
201708,2,0.0031228537932467865,165,comp_ew,specific,12
201708,3,-0.009058825233162517,166,comp_ew,specific,12
201708,4,0.017880042415850353,165,comp_ew,specific,12
201708,5,0.04102613126368108,165,comp_ew,specific,12
201709,1,-0.02224190193734687,165,comp_ew,specific,12
201709,2,-0.01299463503306581,165,comp_ew,specific,12
201709,3,0.02172574738384897,165,comp_ew,specific,12
201709,4,-0.0019763413211190592,165,comp_ew,specific,12
201709,5,0.03349227393660014,164,comp_ew,specific,12
201710,1,-0.016382416405809497,166,comp_ew,specific,12
201710,2,0.023495234821220314,165,comp_ew,specific,12
201710,3,0.022205125367227057,166,comp_ew,specific,12
201710,4,0.011544001263614895,165,comp_ew,specific,12
201710,5,0.020527856187246177,165,comp_ew,specific,12
201711,1,0.03336670598511623,165,comp_ew,specific,12
201711,2,0.0006092152517093739,164,comp_ew,specific,12
201711,3,0.002428146095052087,164,comp_ew,specific,12
201711,4,0.022599036682156994,164,comp_ew,specific,12
201711,5,0.04320745567564477,164,comp_ew,specific,12
201712,1,0.007505662505109099,165,comp_ew,specific,12
201712,2,0.029098918492979173,165,comp_ew,specific,12
201712,3,-0.0002090477480326921,165,comp_ew,specific,12
201712,4,0.010542861301452789,165,comp_ew,specific,12
201712,5,0.0439903119125928,165,comp_ew,specific,12
201801,1,0.030479511153021804,166,comp_ew,specific,12
201801,2,-0.026143488721517845,165,comp_ew,specific,12
201801,3,0.02336186905312988,166,comp_ew,specific,12
201801,4,0.008128944477201578,165,comp_ew,specific,12
201801,5,0.0565212575288605,165,comp_ew,specific,12
201802,1,-0.028587486254978218,165,comp_ew,specific,12
201802,2,0.02233232981383378,164,comp_ew,specific,12
201802,3,0.03404866312718635,164,comp_ew,specific,12
201802,4,0.0014433815006614488,164,comp_ew,specific,12
201802,5,0.0374488362893891,164,comp_ew,specific,12
201803,1,-0.021679051393442873,165,comp_ew,specific,12
201803,2,-0.01424821053961118,165,comp_ew,specific,12
201803,3,-0.008833483751574372,164,comp_ew,specific,12
201803,4,0.03213702162652789,165,comp_ew,specific,12
201803,5,0.06696487542687365,164,comp_ew,specific,12
201804,1,-0.005581046369719012,164,comp_ew,specific,12
201804,2,-0.001846965884968109,164,comp_ew,specific,12
201804,3,-0.036922106287006595,164,comp_ew,specific,12
201804,4,0.0201726940972935,164,comp_ew,specific,12
201804,5,0.05399827828933468,163,comp_ew,specific,12
201805,1,-0.040326897054112285,164,comp_ew,specific,12
201805,2,0.0026108822556629016,164,comp_ew,specific,12
201805,3,-0.00020708788275777582,164,comp_ew,specific,12
201805,4,0.03504060438321316,164,comp_ew,specific,12
201805,5,0.03845666099283909,164,comp_ew,specific,12
201806,1,-0.009664857291233349,165,comp_ew,specific,12
201806,2,-0.002512438230107572,164,comp_ew,specific,12
201806,3,0.02281053924777544,165,comp_ew,specific,12
201806,4,-0.00667788105583695,164,comp_ew,specific,12
201806,5,0.0407225252363447,164,comp_ew,specific,12
201807,1,-0.0029312705789318314,164,comp_ew,specific,12
201807,2,-0.013564991533747529,164,comp_ew,specific,12
201807,3,0.025368599677313943,164,comp_ew,specific,12
201807,4,0.04138074743864281,164,comp_ew,specific,12
201807,5,0.02564524034840121,163,comp_ew,specific,12
201808,1,-0.0199869394670563,165,comp_ew,specific,12
201808,2,0.014369852076318447,165,comp_ew,specific,12
201808,3,0.002461875000559778,164,comp_ew,specific,12
201808,4,0.0022826409266588333,165,comp_ew,specific,12
201808,5,0.01840510216980238,164,comp_ew,specific,12
201809,1,-0.02812151149190245,165,comp_ew,specific,12
201809,2,0.013417638036613251,164,comp_ew,specific,12
201809,3,-0.014975238952417792,164,comp_ew,specific,12
201809,4,0.05081658369324145,164,comp_ew,specific,12
201809,5,0.013227908738358541,164,comp_ew,specific,12
201810,1,-0.04235874063524533,164,comp_ew,specific,12
201810,2,0.017881877763194838,164,comp_ew,specific,12
201810,3,-0.008057182087773472,164,comp_ew,specific,12
201810,4,0.0007791537619261162,164,comp_ew,specific,12
201810,5,0.02579475157444434,164,comp_ew,specific,12
201811,1,-0.04806339536339117,165,comp_ew,specific,12
201811,2,0.019417231810329727,165,comp_ew,specific,12
201811,3,-0.019448799515622894,165,comp_ew,specific,12
201811,4,-0.0007265000145345737,165,comp_ew,specific,12
201811,5,0.021831424471347536,164,comp_ew,specific,12
201812,1,-0.03158914836048039,164,comp_ew,specific,12
201812,2,0.001791955577191327,164,comp_ew,specific,12
201812,3,0.004481335697524543,164,comp_ew,specific,12
201812,4,-0.0021016395853846,164,comp_ew,specific,12
201812,5,-0.00726720985404034,164,comp_ew,specific,12
201901,1,-0.015559804924363957,164,comp_ew,specific,12
201901,2,-0.021559903044040582,164,comp_ew,specific,12
201901,3,0.016064475428428135,164,comp_ew,specific,12
201901,4,-0.008056304335088195,164,comp_ew,specific,12
201901,5,-0.0013743434050565572,163,comp_ew,specific,12
201902,1,-0.02599150058524811,164,comp_ew,specific,12
201902,2,-0.01659154225179211,164,comp_ew,specific,12
201902,3,0.002438900003226918,164,comp_ew,specific,12
201902,4,-0.02114545683602059,164,comp_ew,specific,12
201902,5,0.02386646054610586,164,comp_ew,specific,12
201903,1,-0.019214566696689948,164,comp_ew,specific,12
201903,2,-0.02803922240045317,164,comp_ew,specific,12
201903,3,-0.017629237434600365,164,comp_ew,specific,12
201903,4,0.033055032975438596,164,comp_ew,specific,12
201903,5,0.0037833915470007516,163,comp_ew,specific,12
201904,1,-0.013554486849181663,164,comp_ew,specific,12
201904,2,-0.01981147744084978,163,comp_ew,specific,12
201904,3,0.03530824583647897,163,comp_ew,specific,12
201904,4,-0.03027739756517954,163,comp_ew,specific,12
201904,5,-0.003038092025775821,163,comp_ew,specific,12
201905,1,-0.06322988258858023,164,comp_ew,specific,12
201905,2,0.0077483577928173265,164,comp_ew,specific,12
201905,3,-0.016919973166729125,164,comp_ew,specific,12
201905,4,-0.019000051034075996,164,comp_ew,specific,12
201905,5,0.05309258789829763,163,comp_ew,specific,12
201906,1,-0.03724354013123788,164,comp_ew,specific,12
201906,2,-0.007956173316173517,164,comp_ew,specific,12
201906,3,-0.009097064935675879,163,comp_ew,specific,12
201906,4,0.0102981561267043,164,comp_ew,specific,12
201906,5,0.017902944675609846,163,comp_ew,specific,12
201907,1,-0.024967528624951378,164,comp_ew,specific,12
201907,2,-0.03437078993860636,163,comp_ew,specific,12
201907,3,-0.004558170942500723,164,comp_ew,specific,12
201907,4,-0.00950100513975576,163,comp_ew,specific,12
201907,5,0.022934155080028377,163,comp_ew,specific,12
201908,1,-0.03910697311307565,163,comp_ew,specific,12
201908,2,-0.035147482524663085,163,comp_ew,specific,12
201908,3,-0.0007919322686898658,163,comp_ew,specific,12
201908,4,0.03882035446062638,163,comp_ew,specific,12
201908,5,0.016296199183509275,163,comp_ew,specific,12
201909,1,-0.04476031354587492,163,comp_ew,specific,12
201909,2,-0.00989634105430403,163,comp_ew,specific,12
201909,3,-0.007113432401243823,163,comp_ew,specific,12
201909,4,0.035268334646458954,163,comp_ew,specific,12
201909,5,0.033757273257780024,163,comp_ew,specific,12
201910,1,-0.028937458337130545,163,comp_ew,specific,12
201910,2,0.020169796622267727,163,comp_ew,specific,12
201910,3,0.010866974847500536,163,comp_ew,specific,12
201910,4,0.0005621468081105715,163,comp_ew,specific,12
201910,5,0.030458733527919515,162,comp_ew,specific,12
201911,1,-0.013261406757411442,163,comp_ew,specific,12
201911,2,0.010339226925793702,163,comp_ew,specific,12
201911,3,-0.003263710674176517,163,comp_ew,specific,12
201911,4,0.012651700598187099,163,comp_ew,specific,12
201911,5,0.0451176000222661,163,comp_ew,specific,12
201912,1,-0.014594793287319432,162,comp_ew,specific,12
201912,2,0.02132063044534807,162,comp_ew,specific,12
201912,3,0.040827855715985885,162,comp_ew,specific,12
201912,4,-0.007584168824719013,162,comp_ew,specific,12
201912,5,0.016559787049219486,162,comp_ew,specific,12
202001,1,0.009403790735202967,163,comp_ew,specific,12
202001,2,-0.016234026429156254,162,comp_ew,specific,12
202001,3,0.017029606437904868,162,comp_ew,specific,12
202001,4,0.011719752571003253,162,comp_ew,specific,12
202001,5,0.033028570622070125,162,comp_ew,specific,12
202002,1,-0.00726113037913893,162,comp_ew,specific,12
202002,2,0.004961857860527165,162,comp_ew,specific,12
202002,3,0.019338838337590505,162,comp_ew,specific,12
202002,4,0.020122933864865123,162,comp_ew,specific,12
202002,5,0.03244900502548477,161,comp_ew,specific,12
202003,1,0.009441188244990814,162,comp_ew,specific,12
202003,2,0.01837537168759896,162,comp_ew,specific,12
202003,3,-0.0015104465454548921,162,comp_ew,specific,12
202003,4,0.03929077719355858,162,comp_ew,specific,12
202003,5,-0.013158764310602943,162,comp_ew,specific,12
202004,1,0.015650270935429072,162,comp_ew,specific,12
202004,2,-0.0008784822003349755,161,comp_ew,specific,12
202004,3,0.0296723198223167,161,comp_ew,specific,12
202004,4,0.010655755111132545,161,comp_ew,specific,12
202004,5,-0.007854820047577944,161,comp_ew,specific,12
202005,1,0.02820742195490514,162,comp_ew,specific,12
202005,2,0.011808103545304817,161,comp_ew,specific,12
202005,3,-0.002606504760453055,162,comp_ew,specific,12
202005,4,0.003882082034764289,161,comp_ew,specific,12
202005,5,0.0026152957326617252,161,comp_ew,specific,12
202006,1,-0.0021376697070819048,162,comp_ew,specific,12
202006,2,0.04020364498235784,161,comp_ew,specific,12
202006,3,-0.020628481372434667,162,comp_ew,specific,12
202006,4,0.004142920619036084,161,comp_ew,specific,12
202006,5,0.007430015053232313,161,comp_ew,specific,12
202007,1,0.023344226298039054,161,comp_ew,specific,12
202007,2,0.01601316537452511,161,comp_ew,specific,12
202007,3,0.014508886831771477,161,comp_ew,specific,12
202007,4,0.01741560064372503,161,comp_ew,specific,12
202007,5,-0.03098075862154321,160,comp_ew,specific,12
202008,1,0.00821059776142773,161,comp_ew,specific,12
202008,2,0.024803923688700436,161,comp_ew,specific,12
202008,3,0.005035011731051528,161,comp_ew,specific,12
202008,4,0.01568642290100168,161,comp_ew,specific,12
202008,5,-0.039098496998923385,160,comp_ew,specific,12
202009,1,-0.006007165778000002,160,comp_ew,specific,12
202009,2,-0.022805506520643056,160,comp_ew,specific,12
202009,3,0.023666352347914858,160,comp_ew,specific,12
202009,4,0.0038862740745830003,160,comp_ew,specific,12
202009,5,0.01726256172485508,160,comp_ew,specific,12
202010,1,-0.013188219655197148,161,comp_ew,specific,12
202010,2,0.0163733263397526,160,comp_ew,specific,12
202010,3,0.0003990915303365607,161,comp_ew,specific,12
202010,4,0.0036090918576392864,160,comp_ew,specific,12
202010,5,0.011342055584464265,160,comp_ew,specific,12
202011,1,-0.0019297606393916871,161,comp_ew,specific,12
202011,2,-0.01920660298600025,161,comp_ew,specific,12
202011,3,-0.01838168196827965,160,comp_ew,specific,12
202011,4,0.032595937273722134,161,comp_ew,specific,12
202011,5,0.028620238987533676,160,comp_ew,specific,12
202012,1,-0.012315823291434503,160,comp_ew,specific,12
202012,2,-0.005089841971276388,160,comp_ew,specific,12
202012,3,-0.03427980123790435,160,comp_ew,specific,12
202012,4,-0.00298544202998665,160,comp_ew,specific,12
202012,5,0.07594968573807404,159,comp_ew,specific,12
202101,1,-0.008943546995298311,161,comp_ew,specific,12
202101,2,-0.027958523535447553,160,comp_ew,specific,12
202101,3,-0.013328980912321849,161,comp_ew,specific,12
202101,4,0.030839136718945236,160,comp_ew,specific,12
202101,5,0.03478349827733826,160,comp_ew,specific,12
202102,1,-0.03821070510768189,160,comp_ew,specific,12
202102,2,-0.01415104628694087,160,comp_ew,specific,12
202102,3,0.013759957419152896,160,comp_ew,specific,12
202102,4,-0.012621033493069875,160,comp_ew,specific,12
202102,5,0.022432274930255715,159,comp_ew,specific,12
202103,1,-0.02212458660009696,161,comp_ew,specific,12
202103,2,-0.00957515806678841,160,comp_ew,specific,12
202103,3,-0.024795117601530366,160,comp_ew,specific,12
202103,4,0.03332112570506281,160,comp_ew,specific,12
202103,5,0.017016019903701288,160,comp_ew,specific,12
202104,1,-0.01421227420083887,160,comp_ew,specific,12
202104,2,-0.006890580061037883,160,comp_ew,specific,12
202104,3,0.017961560344183804,160,comp_ew,specific,12
202104,4,-0.05647486880876009,160,comp_ew,specific,12
202104,5,0.05134550070142734,159,comp_ew,specific,12
202105,1,-0.030426344271209254,160,comp_ew,specific,12
202105,2,-0.0023973817542764027,160,comp_ew,specific,12
202105,3,-0.009793008874399649,159,comp_ew,specific,12
202105,4,0.006762569719533401,160,comp_ew,specific,12
202105,5,0.04370937164198678,159,comp_ew,specific,12
202106,1,0.024130831376786954,160,comp_ew,specific,12
202106,2,-0.030351689195489584,160,comp_ew,specific,12
202106,3,-0.008546928494137192,159,comp_ew,specific,12
202106,4,0.023400738483001133,160,comp_ew,specific,12
202106,5,0.01930700812597494,159,comp_ew,specific,12
202107,1,-0.018444276320414614,160,comp_ew,specific,12
202107,2,-0.00647183930663888,159,comp_ew,specific,12
202107,3,0.02899730640952754,159,comp_ew,specific,12
202107,4,-0.0011097707666361234,159,comp_ew,specific,12
202107,5,0.014395553230614085,159,comp_ew,specific,12
202108,1,0.02795806645840878,160,comp_ew,specific,12
202108,2,-0.02707742495278075,159,comp_ew,specific,12
202108,3,0.010024912024189385,160,comp_ew,specific,12
202108,4,0.02564043779530125,159,comp_ew,specific,12
202108,5,0.008459942543876105,159,comp_ew,specific,12
202109,1,-0.011568325444795685,160,comp_ew,specific,12
202109,2,-0.002218774697084038,159,comp_ew,specific,12
202109,3,-0.008570656710764263,160,comp_ew,specific,12
202109,4,0.023358495967806207,159,comp_ew,specific,12
202109,5,0.017596585890286287,159,comp_ew,specific,12
202110,1,-0.010286435815724698,160,comp_ew,specific,12
202110,2,-0.029118085632274998,159,comp_ew,specific,12
202110,3,-0.02110544699609895,159,comp_ew,specific,12
202110,4,0.04436511614297002,159,comp_ew,specific,12
202110,5,0.0266616260083703,159,comp_ew,specific,12
202111,1,0.040827922865427344,160,comp_ew,specific,12
202111,2,-0.04941157054524475,160,comp_ew,specific,12
202111,3,-0.010561353163132137,159,comp_ew,specific,12
202111,4,0.02300984116716714,160,comp_ew,specific,12
202111,5,0.006146566326398884,159,comp_ew,specific,12
202112,1,-0.01982236617355507,160,comp_ew,specific,12
202112,2,0.00624086653820536,159,comp_ew,specific,12
202112,3,0.016453192879697202,160,comp_ew,specific,12
202112,4,0.027617527595752464,159,comp_ew,specific,12
202112,5,-0.005848010289703243,159,comp_ew,specific,12
202201,1,0.004676003212326583,160,comp_ew,specific,12
202201,2,-0.012312378312817365,159,comp_ew,specific,12
202201,3,0.02690766009968918,159,comp_ew,specific,12
202201,4,0.024632341561952785,159,comp_ew,specific,12
202201,5,-0.0006886431372563329,159,comp_ew,specific,12
202202,1,0.010264742336258322,159,comp_ew,specific,12
202202,2,-0.00037900431752642866,159,comp_ew,specific,12
202202,3,0.010625859673296828,159,comp_ew,specific,12
202202,4,0.027907814049186436,159,comp_ew,specific,12
202202,5,0.021505034257039535,159,comp_ew,specific,12
202203,1,0.014809622021236623,159,comp_ew,specific,12
202203,2,-0.02297346308052583,158,comp_ew,specific,12
202203,3,-0.01820236256316994,159,comp_ew,specific,12
202203,4,0.007616317027122912,158,comp_ew,specific,12
202203,5,0.06258276366787881,158,comp_ew,specific,12
202204,1,-0.006083254886878,159,comp_ew,specific,12
202204,2,-0.0035418525448725085,159,comp_ew,specific,12
202204,3,0.0412373140885715,158,comp_ew,specific,12
202204,4,-0.0022217568437231617,159,comp_ew,specific,12
202204,5,0.02624034634789947,158,comp_ew,specific,12
202205,1,0.014158893714988392,159,comp_ew,specific,12
202205,2,0.00887757565003541,158,comp_ew,specific,12
202205,3,-0.005907521637809092,158,comp_ew,specific,12
202205,4,0.0026719865891603363,158,comp_ew,specific,12
202205,5,0.007327511316197355,158,comp_ew,specific,12
202206,1,0.011490951694540452,158,comp_ew,specific,12
202206,2,0.009126909007162795,158,comp_ew,specific,12
202206,3,-0.020797046991430694,157,comp_ew,specific,12
202206,4,0.010995003808994316,158,comp_ew,specific,12
202206,5,0.020271976590554498,157,comp_ew,specific,12
202207,1,0.012665126351777679,159,comp_ew,specific,12
202207,2,-0.00021149034052997143,159,comp_ew,specific,12
202207,3,-0.008249067867764118,158,comp_ew,specific,12
202207,4,0.011554835301022618,159,comp_ew,specific,12
202207,5,0.013790417762385584,158,comp_ew,specific,12
202208,1,0.0030993151160046838,159,comp_ew,specific,12
202208,2,-0.0010139897833505995,159,comp_ew,specific,12
202208,3,-0.02863328059209663,158,comp_ew,specific,12
202208,4,0.015550824529654752,159,comp_ew,specific,12
202208,5,-0.0049368975763632635,158,comp_ew,specific,12
202209,1,0.01553531360911621,159,comp_ew,specific,12
202209,2,0.03669012592146509,159,comp_ew,specific,12
202209,3,-0.04837162829799954,158,comp_ew,specific,12
202209,4,-0.03319573209336685,159,comp_ew,specific,12
202209,5,0.03730210054243665,158,comp_ew,specific,12
202210,1,-0.017419523882297224,158,comp_ew,specific,12
202210,2,-0.011070189767849795,158,comp_ew,specific,12
202210,3,0.0019631051751371055,158,comp_ew,specific,12
202210,4,0.009064044084515114,158,comp_ew,specific,12
202210,5,0.028823742803278464,158,comp_ew,specific,12
202211,1,-0.014225908826253346,158,comp_ew,specific,12
202211,2,-0.012500622253411557,158,comp_ew,specific,12
202211,3,0.018524891991199277,158,comp_ew,specific,12
202211,4,-0.023456375588417084,158,comp_ew,specific,12
202211,5,0.034974225062991464,158,comp_ew,specific,12
202212,1,-0.017101322207460655,158,comp_ew,specific,12
202212,2,0.02868920127868426,158,comp_ew,specific,12
202212,3,0.011616764805119513,158,comp_ew,specific,12
202212,4,0.0015169857942185583,158,comp_ew,specific,12
202212,5,-0.02577425623438826,157,comp_ew,specific,12
202301,1,-0.005438145975328645,158,comp_ew,specific,12
202301,2,0.007867027574531109,157,comp_ew,specific,12
202301,3,-0.02107915796014659,158,comp_ew,specific,12
202301,4,-0.006188781487348969,157,comp_ew,specific,12
202301,5,0.016407580498563158,157,comp_ew,specific,12
202302,1,0.004434199583380117,158,comp_ew,specific,12
202302,2,-0.012076064803780505,157,comp_ew,specific,12
202302,3,0.003670959210063033,157,comp_ew,specific,12
202302,4,0.005564388699133491,157,comp_ew,specific,12
202302,5,-0.013932880868662048,157,comp_ew,specific,12
202303,1,-0.02874671516551964,158,comp_ew,specific,12
202303,2,0.0029857418395323357,158,comp_ew,specific,12
202303,3,0.0018562924439983934,158,comp_ew,specific,12
202303,4,0.030431822865573013,158,comp_ew,specific,12
202303,5,0.0036422104449562454,157,comp_ew,specific,12
202304,1,-0.05031477367443735,158,comp_ew,specific,12
202304,2,-0.015850186249703867,158,comp_ew,specific,12
202304,3,-0.01534457479662007,157,comp_ew,specific,12
202304,4,0.012642561931497496,158,comp_ew,specific,12
202304,5,0.04778930045010919,157,comp_ew,specific,12
202305,1,-0.04543185886760115,158,comp_ew,specific,12
202305,2,-0.014189620224557928,158,comp_ew,specific,12
202305,3,0.021927293631346417,158,comp_ew,specific,12
202305,4,0.005697082572188712,158,comp_ew,specific,12
202305,5,0.03495582257278817,158,comp_ew,specific,12
202306,1,-0.03487197660204511,157,comp_ew,specific,12
202306,2,0.021337480199322686,157,comp_ew,specific,12
202306,3,-0.042330986055881856,157,comp_ew,specific,12
202306,4,0.015874605020229936,157,comp_ew,specific,12
202306,5,0.032988560120811715,156,comp_ew,specific,12
202307,1,-0.008971846562706842,158,comp_ew,specific,12
202307,2,-0.006618724895163219,157,comp_ew,specific,12
202307,3,-0.016902525564926635,158,comp_ew,specific,12
202307,4,0.019122671475111964,157,comp_ew,specific,12
202307,5,-0.013011382323304718,157,comp_ew,specific,12
202308,1,-0.018672632219307587,157,comp_ew,specific,12
202308,2,-0.003041496690266243,157,comp_ew,specific,12
202308,3,0.005575813572446224,156,comp_ew,specific,12
202308,4,-0.018631930039202854,157,comp_ew,specific,12
202308,5,0.037648195110749294,156,comp_ew,specific,12
202309,1,-0.052611663128581475,157,comp_ew,specific,12
202309,2,0.00656434198402876,157,comp_ew,specific,12
202309,3,0.022442235244707464,156,comp_ew,specific,12
202309,4,0.022447963223002274,157,comp_ew,specific,12
202309,5,0.00629001596471537,156,comp_ew,specific,12
202310,1,-0.04799356277632611,157,comp_ew,specific,12
202310,2,0.009034781077378307,156,comp_ew,specific,12
202310,3,0.018427981714452236,157,comp_ew,specific,12
202310,4,0.015651376784257928,156,comp_ew,specific,12
202310,5,0.037587682183533005,156,comp_ew,specific,12
202311,1,-0.0005928428628874063,156,comp_ew,specific,12
202311,2,-0.002882671966546284,156,comp_ew,specific,12
202311,3,0.022314967436693995,156,comp_ew,specific,12
202311,4,-0.011812390953333583,156,comp_ew,specific,12
202311,5,0.04434463195019455,156,comp_ew,specific,12
202312,1,0.03229510132171693,156,comp_ew,specific,12
202312,2,-0.02552763721539972,156,comp_ew,specific,12
202312,3,0.015041841910407796,156,comp_ew,specific,12
202312,4,-0.00337214616590202,156,comp_ew,specific,12
202312,5,0.03001818257548388,156,comp_ew,specific,12
202401,1,0.017102170103527665,156,comp_ew,specific,12
202401,2,-0.033132174360267067,156,comp_ew,specific,12
202401,3,0.030897812885702727,156,comp_ew,specific,12
202401,4,0.016627819600434572,156,comp_ew,specific,12
202401,5,0.010968576423872412,156,comp_ew,specific,12
202402,1,-0.0013450710953131077,156,comp_ew,specific,12
202402,2,-0.011820895697127482,155,comp_ew,specific,12
202402,3,0.03263802495934531,156,comp_ew,specific,12
202402,4,0.03039487897882939,155,comp_ew,specific,12
202402,5,0.0018996969859918797,155,comp_ew,specific,12
202403,1,-0.05534852990393881,156,comp_ew,specific,12
202403,2,0.019030443311654117,156,comp_ew,specific,12
202403,3,0.045449537592062536,156,comp_ew,specific,12
202403,4,0.006433134143955086,156,comp_ew,specific,12
202403,5,0.026528559281532364,155,comp_ew,specific,12
202404,1,-0.014351617513201428,155,comp_ew,specific,12
202404,2,0.011622903769268222,155,comp_ew,specific,12
202404,3,-0.017181772427301234,155,comp_ew,specific,12
202404,4,0.04181203656689719,155,comp_ew,specific,12
202404,5,0.04168933700169576,155,comp_ew,specific,12
202405,1,0.005847227293215854,155,comp_ew,specific,12
202405,2,0.016663950253976635,155,comp_ew,specific,12
202405,3,-0.010768128942305782,154,comp_ew,specific,12
202405,4,0.004632163962522243,155,comp_ew,specific,12
202405,5,0.015549233609231524,154,comp_ew,specific,12
202406,1,0.017538453123602405,155,comp_ew,specific,12
202406,2,-0.017808952623355676,155,comp_ew,specific,12
202406,3,-0.012652506207143527,155,comp_ew,specific,12
202406,4,0.0028148561154681447,155,comp_ew,specific,12
202406,5,0.022435675940698827,154,comp_ew,specific,12
202407,1,-0.005665723937571126,156,comp_ew,specific,12
202407,2,-0.014287545709349252,155,comp_ew,specific,12
202407,3,0.004408650409467552,155,comp_ew,specific,12
202407,4,0.025632054044082114,155,comp_ew,specific,12
202407,5,0.03440520880331095,155,comp_ew,specific,12
202408,1,0.007858295929729222,155,comp_ew,specific,12
202408,2,-0.013830819623683209,155,comp_ew,specific,12
202408,3,0.0062612562658344645,154,comp_ew,specific,12
202408,4,0.006869742856083712,155,comp_ew,specific,12
202408,5,0.022323181559664635,154,comp_ew,specific,12
202409,1,-0.026642606303811277,155,comp_ew,specific,12
202409,2,0.011897624138534351,154,comp_ew,specific,12
202409,3,0.012172896638264312,155,comp_ew,specific,12
202409,4,0.034082162045028466,154,comp_ew,specific,12
202409,5,0.0014560474016405709,154,comp_ew,specific,12
202410,1,-0.019088317741475118,155,comp_ew,specific,12
202410,2,0.03818088533304673,154,comp_ew,specific,12
202410,3,-0.03993672723646388,154,comp_ew,specific,12
202410,4,0.012589990229642006,154,comp_ew,specific,12
202410,5,0.032081271066606847,154,comp_ew,specific,12
202411,1,-0.013916283792136233,155,comp_ew,specific,12
202411,2,-0.021917359636910053,154,comp_ew,specific,12
202411,3,0.012619389714959996,155,comp_ew,specific,12
202411,4,0.013634888814132714,154,comp_ew,specific,12
202411,5,0.025886668285746157,154,comp_ew,specific,12
202412,1,0.0337743705930895,155,comp_ew,specific,12
202412,2,-0.032843929997521226,154,comp_ew,specific,12
202412,3,-0.002009472887470582,154,comp_ew,specific,12
202412,4,0.011992873699972574,154,comp_ew,specific,12
202412,5,-0.006982871378856053,154,comp_ew,specific,12
202501,1,-0.020704897330252305,154,comp_ew,specific,12
202501,2,0.004452689499721259,154,comp_ew,specific,12
202501,3,0.04293830739939415,154,comp_ew,specific,12
202501,4,-0.013379886591336463,154,comp_ew,specific,12
202501,5,0.01816152137576375,153,comp_ew,specific,12
202502,1,-0.034344050958621766,154,comp_ew,specific,12
202502,2,-0.02134069358721523,153,comp_ew,specific,12
202502,3,0.05359134917676762,154,comp_ew,specific,12
202502,4,0.0023612239552804936,153,comp_ew,specific,12
202502,5,0.011620560931205798,153,comp_ew,specific,12
202503,1,-0.02371420384448189,153,comp_ew,specific,12
202503,2,0.004117048985585253,153,comp_ew,specific,12
202503,3,-0.004858218945851805,153,comp_ew,specific,12
202503,4,0.02107907773887702,153,comp_ew,specific,12
202503,5,0.03728960215746871,153,comp_ew,specific,12
202504,1,-0.0035289444912426004,153,comp_ew,specific,12
202504,2,0.04527094932734939,152,comp_ew,specific,12
202504,3,-0.007456002429956303,153,comp_ew,specific,12
202504,4,-0.016097189021663467,152,comp_ew,specific,12
202504,5,0.017575432516415513,152,comp_ew,specific,12
202505,1,0.014510744188590236,153,comp_ew,specific,12
202505,2,-0.01724750332591318,153,comp_ew,specific,12
202505,3,0.019870568156156555,152,comp_ew,specific,12
202505,4,0.009482125442271012,153,comp_ew,specific,12
202505,5,0.00810453883260704,152,comp_ew,specific,12
202506,1,0.02131846183891863,153,comp_ew,specific,12
202506,2,0.0002075557543410589,153,comp_ew,specific,12
202506,3,0.009376178946764525,152,comp_ew,specific,12
202506,4,0.006608161095756214,153,comp_ew,specific,12
202506,5,0.012068723646318537,152,comp_ew,specific,12
202507,1,-0.019074534170674395,153,comp_ew,specific,12
202507,2,0.007929878417775114,153,comp_ew,specific,12
202507,3,5.420318172580155e-05,152,comp_ew,specific,12
202507,4,0.0281126796282499,153,comp_ew,specific,12
202507,5,0.015811965512581194,152,comp_ew,specific,12
