date,quantile,mean_return,n,signal,returns,horizon
20190329,1,0.05405286752146469,105,ai,total,1
20190329,2,0.06303287998774018,105,ai,total,1
20190329,3,0.06624531180402014,104,ai,total,1
20190329,4,0.07219582997157224,105,ai,total,1
20190329,5,0.06795857992562877,104,ai,total,1
20190430,1,-0.06283627478331061,101,ai,total,1
20190430,2,-0.05319200533780001,100,ai,total,1
20190430,3,-0.06123999330276143,101,ai,total,1
20190430,4,-0.055917050676873054,100,ai,total,1
20190430,5,-0.045862114485018604,100,ai,total,1
20190531,1,-0.059679221839853414,101,ai,total,1
20190531,2,-0.05641271516530252,101,ai,total,1
20190531,3,-0.05028961838193137,100,ai,total,1
20190531,4,-0.04460654561399158,101,ai,total,1
20190531,5,-0.032664580870787156,100,ai,total,1
20190628,1,0.044034954180543755,100,ai,total,1
20190628,2,0.044690277692656544,99,ai,total,1
20190628,3,0.047566557110402544,100,ai,total,1
20190628,4,0.05432973022919387,99,ai,total,1
20190628,5,0.052618319967738275,99,ai,total,1
20190731,1,-0.005733346126015223,104,ai,total,1
20190731,2,-0.004457041078429114,104,ai,total,1
20190731,3,0.004331658774946256,104,ai,total,1
20190731,4,0.004155245913489376,104,ai,total,1
20190731,5,-0.0010425479481773643,103,ai,total,1
20190830,1,0.022058852608728478,103,ai,total,1
20190830,2,0.013463778226052365,103,ai,total,1
20190830,3,0.039120133367155065,102,ai,total,1
20190830,4,0.029839899287486128,103,ai,total,1
20190830,5,0.0392448832892113,102,ai,total,1
20190930,1,0.04681184739474748,99,ai,total,1
20190930,2,0.03413048989270177,99,ai,total,1
20190930,3,0.05319737939371282,98,ai,total,1
20190930,4,0.046338691649013664,99,ai,total,1
20190930,5,0.05909926079052065,98,ai,total,1
20191031,1,0.02049670728862788,104,ai,total,1
20191031,2,0.01735890906747833,104,ai,total,1
20191031,3,0.019705545401627556,104,ai,total,1
20191031,4,0.050793649561474356,104,ai,total,1
20191031,5,0.04916493010534546,103,ai,total,1
20191129,1,-0.012056376515745785,105,ai,total,1
20191129,2,-0.005402455528182759,105,ai,total,1
20191129,3,0.009598589018429329,104,ai,total,1
20191129,4,-0.005382934824670056,105,ai,total,1
20191129,5,0.007438055620803977,104,ai,total,1
20191231,1,0.03505698062805869,102,ai,total,1
20191231,2,0.04156475912826571,101,ai,total,1
20191231,3,0.039982734663149916,101,ai,total,1
20191231,4,0.047679629568872194,101,ai,total,1
20191231,5,0.04091808585525469,101,ai,total,1
20200131,1,0.011292636439662523,102,ai,total,1
20200131,2,0.005928631345948697,101,ai,total,1
20200131,3,0.005902049484735387,102,ai,total,1
20200131,4,0.004201632104001491,101,ai,total,1
20200131,5,0.025130642168639063,101,ai,total,1
20200228,1,0.006250932624151893,103,ai,total,1
20200228,2,0.010947154250711414,102,ai,total,1
20200228,3,0.011714469538660935,102,ai,total,1
20200228,4,0.004122244678983636,102,ai,total,1
20200228,5,0.006524046133216459,102,ai,total,1
20200331,1,0.004461558302623771,105,ai,total,1
20200331,2,0.012235638125449668,104,ai,total,1
20200331,3,0.003912889798582675,104,ai,total,1
20200331,4,0.023633083330419476,104,ai,total,1
20200331,5,0.017552896238107,104,ai,total,1
20200430,1,-0.0019206846633298418,104,ai,total,1
20200430,2,0.007473508667567066,104,ai,total,1
20200430,3,0.005269257945102507,103,ai,total,1
20200430,4,0.014523444818404889,104,ai,total,1
20200430,5,0.025118868165508554,103,ai,total,1
20200529,1,0.01565931130719767,101,ai,total,1
20200529,2,0.02131543454114057,100,ai,total,1
20200529,3,0.021726546461640548,101,ai,total,1
20200529,4,0.024004223638316606,100,ai,total,1
20200529,5,0.013902329235069706,100,ai,total,1
20200630,1,-0.04755645192015914,100,ai,total,1
20200630,2,-0.036425982177160414,100,ai,total,1
20200630,3,-0.028527231508975324,100,ai,total,1
20200630,4,-0.02359668713553428,100,ai,total,1
20200630,5,-0.019669639638047423,100,ai,total,1
20200731,1,0.03278019426632797,103,ai,total,1
20200731,2,0.0420981999981673,103,ai,total,1
20200731,3,0.05456127234663388,103,ai,total,1
20200731,4,0.0623420613356942,103,ai,total,1
20200731,5,0.05983555370033858,103,ai,total,1
20200831,1,-0.009536712477283714,104,ai,total,1
20200831,2,-0.012300268166410397,104,ai,total,1
20200831,3,-0.004391302193856811,104,ai,total,1
20200831,4,-0.004541422197099811,104,ai,total,1
20200831,5,0.021114218205841254,104,ai,total,1
20200930,1,-0.02286377512993482,103,ai,total,1
20200930,2,-0.01764371499864438,103,ai,total,1
20200930,3,-0.016859808269678138,103,ai,total,1
20200930,4,-0.01885560433883187,103,ai,total,1
20200930,5,-0.0019164491456601564,102,ai,total,1
20201030,1,-0.04142412979861209,101,ai,total,1
20201030,2,-0.02748409969548103,101,ai,total,1
20201030,3,-0.03428727227998278,100,ai,total,1
20201030,4,-0.01836597485888409,101,ai,total,1
20201030,5,-0.01153704707551253,100,ai,total,1
20201130,1,-0.053145995954578425,100,ai,total,1
20201130,2,-0.04604414894669505,99,ai,total,1
20201130,3,-0.033707258635172585,100,ai,total,1
20201130,4,-0.026996587504941296,99,ai,total,1
20201130,5,-0.04054553654105081,99,ai,total,1
20201231,1,-0.06328100911365377,105,ai,total,1
20201231,2,-0.031409134519801,104,ai,total,1
20201231,3,-0.035208712062709396,104,ai,total,1
20201231,4,-0.0377243817291399,104,ai,total,1
20201231,5,-0.0439859584578853,104,ai,total,1
20210129,1,0.06075841847759517,104,ai,total,1
20210129,2,0.057924632127610086,104,ai,total,1
20210129,3,0.07845740749495311,104,ai,total,1
20210129,4,0.07578172909593558,104,ai,total,1
20210129,5,0.085108835780308,103,ai,total,1
20210226,1,0.04935486663608924,103,ai,total,1
20210226,2,0.06123647473768313,103,ai,total,1
20210226,3,0.05916818981440113,102,ai,total,1
20210226,4,0.05638145858242258,103,ai,total,1
20210226,5,0.07712938560224623,102,ai,total,1
20210331,1,-0.06853719970314305,102,ai,total,1
20210331,2,-0.04108657419898056,102,ai,total,1
20210331,3,-0.042564253101596276,101,ai,total,1
20210331,4,-0.035125123842869456,102,ai,total,1
20210331,5,-0.03030667492886741,101,ai,total,1
20210430,1,-0.04558867535720995,98,ai,total,1
20210430,2,-0.027835790597094113,98,ai,total,1
20210430,3,-0.04664387287607005,98,ai,total,1
20210430,4,-0.029225992821584865,98,ai,total,1
20210430,5,-0.024351403515624457,97,ai,total,1
20210531,1,-0.02991493520283236,103,ai,total,1
20210531,2,-0.01995208462124591,103,ai,total,1
20210531,3,-0.030808247626543796,102,ai,total,1
20210531,4,-0.022687420310559037,103,ai,total,1
20210531,5,-0.015482312192683678,102,ai,total,1
20210630,1,0.01871537265193916,105,ai,total,1
20210630,2,0.020134237718621564,104,ai,total,1
20210630,3,0.032249264681886186,104,ai,total,1
20210630,4,0.03695182621933236,104,ai,total,1
20210630,5,0.039262841128650736,104,ai,total,1
20210730,1,-0.006875825926030021,103,ai,total,1
20210730,2,0.014077655521428992,103,ai,total,1
20210730,3,0.007255073200628851,102,ai,total,1
20210730,4,0.015601258890566252,103,ai,total,1
20210730,5,0.026520049722129773,102,ai,total,1
20210831,1,0.02053237779024172,107,ai,total,1
20210831,2,0.036911136783438846,106,ai,total,1
20210831,3,0.04221498186421275,106,ai,total,1
20210831,4,0.03854192393260235,106,ai,total,1
20210831,5,0.04636119621945293,106,ai,total,1
20210930,1,-0.04224180569028889,101,ai,total,1
20210930,2,-0.03883826386812366,100,ai,total,1
20210930,3,-0.03851740436462818,100,ai,total,1
20210930,4,-0.03677982484350555,100,ai,total,1
20210930,5,-0.01486752243903974,100,ai,total,1
20211029,1,-0.07656064133164185,101,ai,total,1
20211029,2,-0.06217064739749862,101,ai,total,1
20211029,3,-0.047295387931611296,101,ai,total,1
20211029,4,-0.04768220940200198,101,ai,total,1
20211029,5,-0.03950136762149121,101,ai,total,1
20211130,1,-0.002502526641729087,102,ai,total,1
20211130,2,0.0022705877406082975,102,ai,total,1
20211130,3,0.003708820209006033,102,ai,total,1
20211130,4,-0.0031169422605521455,102,ai,total,1
20211130,5,0.007403429529093228,102,ai,total,1
20211231,1,0.032130091057771114,102,ai,total,1
20211231,2,0.04432977410119958,101,ai,total,1
20211231,3,0.03884823946881389,102,ai,total,1
20211231,4,0.047117967497058814,101,ai,total,1
20211231,5,0.04273595178195155,101,ai,total,1
20220131,1,0.10478016738219723,102,ai,total,1
20220131,2,0.09969313423177044,101,ai,total,1
20220131,3,0.10681656586900241,102,ai,total,1
20220131,4,0.11576074324604878,101,ai,total,1
20220131,5,0.12709419781548068,101,ai,total,1
20220228,1,-0.062178031452762385,101,ai,total,1
20220228,2,-0.0701579291953875,101,ai,total,1
20220228,3,-0.061218455303645745,101,ai,total,1
20220228,4,-0.05421205548133494,101,ai,total,1
20220228,5,-0.05187307734694493,100,ai,total,1
20220331,1,0.048086143652537466,102,ai,total,1
20220331,2,0.0562113249772751,102,ai,total,1
20220331,3,0.0745717069388762,101,ai,total,1
20220331,4,0.06017464480339154,102,ai,total,1
20220331,5,0.07063653713402439,101,ai,total,1
20220429,1,0.010357401133443729,102,ai,total,1
20220429,2,0.036640112224885606,101,ai,total,1
20220429,3,0.02279421265998433,101,ai,total,1
20220429,4,0.021895798468447882,101,ai,total,1
20220429,5,0.032878236184149895,101,ai,total,1
20220531,1,-0.03139187206621648,105,ai,total,1
20220531,2,-0.039647959940477026,105,ai,total,1
20220531,3,-0.03817827137882495,105,ai,total,1
20220531,4,-0.03445223574437264,105,ai,total,1
20220531,5,-0.02443582412015666,105,ai,total,1
20220630,1,0.02380500354348873,101,ai,total,1
20220630,2,0.030637386594031958,100,ai,total,1
20220630,3,0.02586556831221588,100,ai,total,1
20220630,4,0.034934705300321764,100,ai,total,1
20220630,5,0.037639663621080496,100,ai,total,1
20220729,1,0.02376102914119332,104,ai,total,1
20220729,2,0.018380154546156505,104,ai,total,1
20220729,3,0.03133071477988045,103,ai,total,1
20220729,4,0.03025405874066376,104,ai,total,1
20220729,5,0.04012421181352658,103,ai,total,1
20220831,1,0.008982344030253187,102,ai,total,1
20220831,2,0.022296687952584823,102,ai,total,1
20220831,3,0.03750999391883237,102,ai,total,1
20220831,4,0.02425290953451294,102,ai,total,1
20220831,5,0.034517613404710615,102,ai,total,1
20220930,1,0.0284031446963487,104,ai,total,1
20220930,2,0.04075782166544383,103,ai,total,1
20220930,3,0.03153864775013046,103,ai,total,1
20220930,4,0.023925921535140112,103,ai,total,1
20220930,5,0.042238142749680525,103,ai,total,1
20221031,1,0.07041599810831192,102,ai,total,1
20221031,2,0.08845289653637219,102,ai,total,1
20221031,3,0.09019078082243957,102,ai,total,1
20221031,4,0.09544765573515765,102,ai,total,1
20221031,5,0.10923858142027236,102,ai,total,1
20221130,1,0.04671472078759046,103,ai,total,1
20221130,2,0.051607786964967324,103,ai,total,1
20221130,3,0.03414454186832135,103,ai,total,1
20221130,4,0.054519440804049565,103,ai,total,1
20221130,5,0.059342524004546544,103,ai,total,1
20221230,1,0.016592852794857737,104,ai,total,1
20221230,2,0.010527443129993598,104,ai,total,1
20221230,3,0.017966647203029536,103,ai,total,1
20221230,4,0.022836675699063953,104,ai,total,1
20221230,5,0.036560368243607255,103,ai,total,1
20230131,1,-0.018273199314828185,103,ai,total,1
20230131,2,-0.02428299707788005,102,ai,total,1
20230131,3,-0.026845722785206753,102,ai,total,1
20230131,4,-0.009561421409798362,102,ai,total,1
20230131,5,-0.012743661783069269,102,ai,total,1
20230228,1,0.0019854631121088797,99,ai,total,1
20230228,2,-0.004113535885329261,98,ai,total,1
20230228,3,0.006070390729464903,99,ai,total,1
20230228,4,0.016138480175729285,98,ai,total,1
20230228,5,-0.005530650837596548,98,ai,total,1
20230331,1,0.006275090285311393,105,ai,total,1
20230331,2,0.018252890551625864,104,ai,total,1
20230331,3,0.010393843985543594,104,ai,total,1
20230331,4,0.027254458353878266,104,ai,total,1
20230331,5,0.04322993514848212,104,ai,total,1
20230428,1,-0.013553053326087208,101,ai,total,1
20230428,2,-0.002858398282808187,101,ai,total,1
20230428,3,0.014065010692044296,101,ai,total,1
20230428,4,0.004866113465253063,101,ai,total,1
20230428,5,0.017664346780045213,100,ai,total,1
20230531,1,0.036045567914365785,103,ai,total,1
20230531,2,0.03815068950419841,102,ai,total,1
20230531,3,0.03841049395824711,103,ai,total,1
20230531,4,0.037920415824123026,102,ai,total,1
20230531,5,0.06037523764201442,102,ai,total,1
20230630,1,0.0753624214796066,101,ai,total,1
20230630,2,0.07698815878392123,101,ai,total,1
20230630,3,0.07715230877091186,101,ai,total,1
20230630,4,0.09320877495257775,101,ai,total,1
20230630,5,0.10013351169314731,101,ai,total,1
20230731,1,-0.08398554701839886,100,ai,total,1
20230731,2,-0.05283840838197068,99,ai,total,1
20230731,3,-0.06757495837471086,100,ai,total,1
20230731,4,-0.06701945979764172,99,ai,total,1
20230731,5,-0.05108906297309041,99,ai,total,1
20230831,1,-0.0414302977757271,97,ai,total,1
20230831,2,-0.031357387335659716,97,ai,total,1
20230831,3,-0.029235250790516143,96,ai,total,1
20230831,4,-0.022407219516347596,97,ai,total,1
20230831,5,-0.021432357411974343,96,ai,total,1
20230929,1,0.08776608026738258,102,ai,total,1
20230929,2,0.08491318156564323,102,ai,total,1
20230929,3,0.08945385406775308,102,ai,total,1
20230929,4,0.09777934961330911,102,ai,total,1
20230929,5,0.10069856682940789,101,ai,total,1
20231031,1,-0.004348991275917871,103,ai,total,1
20231031,2,0.01387774976064048,102,ai,total,1
20231031,3,0.00944169408988692,103,ai,total,1
20231031,4,-0.004702456966995885,102,ai,total,1
20231031,5,0.022651898707516393,102,ai,total,1
20231130,1,0.05014177516451369,107,ai,total,1
20231130,2,0.05210065634224375,107,ai,total,1
20231130,3,0.06276381747117145,106,ai,total,1
20231130,4,0.05264768251947965,107,ai,total,1
20231130,5,0.056197103736196054,106,ai,total,1
20231229,1,-0.05220749389993392,98,ai,total,1
20231229,2,-0.049354313162622954,97,ai,total,1
20231229,3,-0.031867211920618616,98,ai,total,1
20231229,4,-0.03765098747978883,97,ai,total,1
20231229,5,-0.01508838975582557,97,ai,total,1
20240131,1,-0.01515655882662998,102,ai,total,1
20240131,2,0.007788789783238244,101,ai,total,1
20240131,3,0.01876862704995416,101,ai,total,1
20240131,4,0.013711665044100483,101,ai,total,1
20240131,5,0.01824728004560138,101,ai,total,1
20240229,1,-0.003624777243066253,102,ai,total,1
20240229,2,-0.005607985029461736,102,ai,total,1
20240229,3,0.0026236094864120446,102,ai,total,1
20240229,4,-0.008692459737544633,102,ai,total,1
20240229,5,0.0009652691931824721,102,ai,total,1
20240329,1,0.002167872890152975,101,ai,total,1
20240329,2,0.004561697218081707,100,ai,total,1
20240329,3,0.0033989860493290796,100,ai,total,1
20240329,4,0.0283628553419728,100,ai,total,1
20240329,5,0.032333232340409704,100,ai,total,1
20240430,1,-0.005562230825355596,101,ai,total,1
20240430,2,0.007727811512261718,101,ai,total,1
20240430,3,0.008620111646887472,101,ai,total,1
20240430,4,0.011770712100585543,101,ai,total,1
20240430,5,0.01816405012133867,101,ai,total,1
20240531,1,0.09317192706086927,102,ai,total,1
20240531,2,0.08607373638222623,101,ai,total,1
20240531,3,0.08528923158460695,101,ai,total,1
20240531,4,0.09182134706721637,101,ai,total,1
20240531,5,0.10270882999694059,101,ai,total,1
20240628,1,-0.014596976386063935,100,ai,total,1
20240628,2,-0.006353030338852892,100,ai,total,1
20240628,3,-0.014477489014893187,100,ai,total,1
20240628,4,-0.006132590436014128,100,ai,total,1
20240628,5,-0.0005435887433585526,99,ai,total,1
20240731,1,0.0563735984169745,104,ai,total,1
20240731,2,0.051763942670433855,104,ai,total,1
20240731,3,0.041604882700024284,104,ai,total,1
20240731,4,0.05051289963116781,104,ai,total,1
20240731,5,0.06948111212299853,104,ai,total,1
20240830,1,0.00864189719840355,102,ai,total,1
20240830,2,0.016342449382559944,102,ai,total,1
20240830,3,0.023611225671318924,102,ai,total,1
20240830,4,0.02083311926433394,102,ai,total,1
20240830,5,0.024041380471484266,102,ai,total,1
20240930,1,0.09448808666605223,101,ai,total,1
20240930,2,0.08034687851608012,101,ai,total,1
20240930,3,0.09387639602449802,100,ai,total,1
20240930,4,0.09717979291112477,101,ai,total,1
20240930,5,0.10574335057752973,100,ai,total,1
20241031,1,0.013873990504644114,102,ai,total,1
20241031,2,0.020829159281104466,102,ai,total,1
20241031,3,0.015040695526749965,101,ai,total,1
20241031,4,0.02889066992134686,102,ai,total,1
20241031,5,0.031032807919708753,101,ai,total,1
20241129,1,-0.056631015890810175,102,ai,total,1
20241129,2,-0.05300499727979176,102,ai,total,1
20241129,3,-0.06237182055489319,102,ai,total,1
20241129,4,-0.052417033811096365,102,ai,total,1
20241129,5,-0.05220319744067263,101,ai,total,1
20241231,1,-0.0037768677530109263,101,ai,total,1
20241231,2,0.001737171552517211,100,ai,total,1
20241231,3,0.004235518648583382,100,ai,total,1
20241231,4,0.010500834143591114,100,ai,total,1
20241231,5,0.025996344375909492,100,ai,total,1
20250131,1,0.009647028536395557,105,ai,total,1
20250131,2,0.012749784401320291,105,ai,total,1
20250131,3,0.012633447826000118,105,ai,total,1
20250131,4,0.029891256567274843,105,ai,total,1
20250131,5,0.0051468089671671165,105,ai,total,1
20250228,1,0.03193652428735503,100,ai,total,1
20250228,2,0.019729439412480194,99,ai,total,1
20250228,3,0.024552090613698917,99,ai,total,1
20250228,4,0.03730167904569772,99,ai,total,1
20250228,5,0.040517578296121716,99,ai,total,1
20250331,1,0.004286628163427398,100,ai,total,1
20250331,2,0.015630981936990817,100,ai,total,1
20250331,3,0.026116506532501887,100,ai,total,1
20250331,4,0.017235379806708175,100,ai,total,1
20250331,5,0.02285635521557273,99,ai,total,1
20250430,1,-0.06381010474932128,103,ai,total,1
20250430,2,-0.07641317122593479,102,ai,total,1
20250430,3,-0.06539305821547796,103,ai,total,1
20250430,4,-0.05718491509859558,102,ai,total,1
20250430,5,-0.0657597917895868,102,ai,total,1
20250530,1,-0.0133307747387132,103,ai,total,1
20250530,2,-0.007115922335135366,102,ai,total,1
20250530,3,-0.004291653003334973,102,ai,total,1
20250530,4,0.005503574983422149,102,ai,total,1
20250530,5,0.01512673045920963,102,ai,total,1
20250630,1,-0.014005372442205425,101,ai,total,1
20250630,2,-0.021399609307998113,101,ai,total,1
20250630,3,-0.021893268557728666,101,ai,total,1
20250630,4,-0.008037283696202489,101,ai,total,1
20250630,5,-0.01146587015928482,101,ai,total,1
20250731,1,-0.023933445061168537,102,ai,total,1
20250731,2,-0.0093354020527694,102,ai,total,1
20250731,3,-0.003559779348700478,102,ai,total,1
20250731,4,-0.012324166969182166,102,ai,total,1
20250731,5,0.016385788369521547,101,ai,total,1
20250829,1,0.024472647614525233,106,ai,total,1
20250829,2,0.03313839545715641,105,ai,total,1
20250829,3,0.03804742239023255,105,ai,total,1
20250829,4,0.031050225789759342,105,ai,total,1
20250829,5,0.03831579257553208,105,ai,total,1
20250930,1,0.029215405398924987,103,ai,total,1
20250930,2,0.039358152361479,102,ai,total,1
20250930,3,0.0449554269502145,103,ai,total,1
20250930,4,0.03512305040923266,102,ai,total,1
20250930,5,0.0487234501783539,102,ai,total,1
20251031,1,0.03496994154619992,105,ai,total,1
20251031,2,0.02246732807725381,104,ai,total,1
20251031,3,0.04218333604230415,104,ai,total,1
20251031,4,0.03223036340747749,104,ai,total,1
20251031,5,0.0384981486767673,104,ai,total,1
20251128,1,-0.10551211124208089,101,ai,total,1
20251128,2,-0.1077918634518339,101,ai,total,1
20251128,3,-0.09619687345505465,101,ai,total,1
20251128,4,-0.08786218341299255,101,ai,total,1
20251128,5,-0.08580865534551584,101,ai,total,1
20251231,1,0.006634097653847564,102,ai,total,1
20251231,2,0.018173453809197392,101,ai,total,1
20251231,3,0.02409719080591871,102,ai,total,1
20251231,4,0.031100280365309284,101,ai,total,1
20251231,5,0.02826774289792281,101,ai,total,1
20260130,1,0.06415071365034211,103,ai,total,1
20260130,2,0.0624969209469711,103,ai,total,1
20260130,3,0.055478890261175993,103,ai,total,1
20260130,4,0.06697886957884303,103,ai,total,1
20260130,5,0.076491990676321,103,ai,total,1
20260227,1,-3.9506144380942244e-05,104,ai,total,1
20260227,2,0.009909064714291085,104,ai,total,1
20260227,3,0.000153162993916748,104,ai,total,1
20260227,4,0.017695209396939394,104,ai,total,1
20260227,5,0.025561529571007373,104,ai,total,1
20260331,1,-0.03473793242513638,102,ai,total,1
20260331,2,-0.029682593651899937,102,ai,total,1
20260331,3,-0.02627424862539324,102,ai,total,1
20260331,4,-0.018729655760837818,102,ai,total,1
20260331,5,-0.013962886178815827,102,ai,total,1
20260430,1,-0.03953366103758574,101,ai,total,1
20260430,2,-0.039379049092427565,101,ai,total,1
20260430,3,-0.0301259672872919,101,ai,total,1
20260430,4,-0.034167538198835445,101,ai,total,1
20260430,5,-0.020327445943752992,101,ai,total,1
20260529,1,0.052719762091936496,101,ai,total,1
20260529,2,0.054417251672274,100,ai,total,1
20260529,3,0.06616626401744657,100,ai,total,1
20260529,4,0.06809132896155544,100,ai,total,1
20260529,5,0.061048419890104066,100,ai,total,1
20260630,1,0.012895978624672679,102,ai,total,1
20260630,2,0.03342835880309326,101,ai,total,1
20260630,3,0.029849697162975294,101,ai,total,1
20260630,4,0.02733112736435021,101,ai,total,1
20260630,5,0.032920470917052504,101,ai,total,1
20190329,1,-0.06620283252964229,105,ai,total,3
20190329,2,-0.06418680267180196,105,ai,total,3
20190329,3,-0.022366985491717575,104,ai,total,3
20190329,4,-0.03558074269734873,105,ai,total,3
20190329,5,-0.025695937126127992,104,ai,total,3
20190430,1,-0.06741429574540735,101,ai,total,3
20190430,2,-0.057385955729395775,100,ai,total,3
20190430,3,-0.05983837683142755,101,ai,total,3
20190430,4,-0.05774934414649799,100,ai,total,3
20190430,5,-0.022601961186825177,100,ai,total,3
20190531,1,-0.03173185230682216,101,ai,total,3
20190531,2,-0.01453942722377723,101,ai,total,3
20190531,3,0.003889264274747185,100,ai,total,3
20190531,4,0.010017910285530068,101,ai,total,3
20190531,5,0.02371862912501594,100,ai,total,3
20190628,1,0.0597060591560859,100,ai,total,3
20190628,2,0.06542900365451036,99,ai,total,3
20190628,3,0.09761928899853985,100,ai,total,3
20190628,4,0.10298660591086109,99,ai,total,3
20190628,5,0.08846945821481468,99,ai,total,3
20190731,1,0.05743625660757185,104,ai,total,3
20190731,2,0.0881971831902144,104,ai,total,3
20190731,3,0.08257835911305705,104,ai,total,3
20190731,4,0.08834579788915778,104,ai,total,3
20190731,5,0.0809431619884842,103,ai,total,3
20190830,1,0.10981989105257069,103,ai,total,3
20190830,2,0.07438842106070755,103,ai,total,3
20190830,3,0.1346223143183932,102,ai,total,3
20190830,4,0.11640906909135132,103,ai,total,3
20190830,5,0.1412401979490927,102,ai,total,3
20190930,1,0.06798394103171446,99,ai,total,3
20190930,2,0.03892483490844672,99,ai,total,3
20190930,3,0.09602919603899433,98,ai,total,3
20190930,4,0.08723801916947739,99,ai,total,3
20190930,5,0.11568498889868155,98,ai,total,3
20191031,1,0.04506037847920545,104,ai,total,3
20191031,2,0.05015364893308231,104,ai,total,3
20191031,3,0.09135181220018959,104,ai,total,3
20191031,4,0.0885604624650188,104,ai,total,3
20191031,5,0.10803233910560989,103,ai,total,3
20191129,1,0.02772923254103271,105,ai,total,3
20191129,2,0.04185319040063459,105,ai,total,3
20191129,3,0.057464207398994833,104,ai,total,3
20191129,4,0.055947513518313605,105,ai,total,3
20191129,5,0.06481197211054393,104,ai,total,3
20191231,1,0.04752054045636136,102,ai,total,3
20191231,2,0.06441825146114376,101,ai,total,3
20191231,3,0.05455689620893547,101,ai,total,3
20191231,4,0.07673247963109507,101,ai,total,3
20191231,5,0.051386975088121,101,ai,total,3
20200131,1,0.008272962897688401,102,ai,total,3
20200131,2,0.03951840813181823,101,ai,total,3
20200131,3,0.016742009124119002,102,ai,total,3
20200131,4,0.007917268166095209,101,ai,total,3
20200131,5,0.06564628226180712,101,ai,total,3
20200228,1,0.015975746487991986,103,ai,total,3
20200228,2,0.016795362945932705,102,ai,total,3
20200228,3,0.027928184790298217,102,ai,total,3
20200228,4,0.03579457204796683,102,ai,total,3
20200228,5,0.03338503356599498,102,ai,total,3
20200331,1,0.026102178233694824,105,ai,total,3
20200331,2,0.04350437433966223,104,ai,total,3
20200331,3,0.01668176184161179,104,ai,total,3
20200331,4,0.06869459274250009,104,ai,total,3
20200331,5,0.042153403673499394,104,ai,total,3
20200430,1,-0.04558179092020306,104,ai,total,3
20200430,2,0.0009405216775902267,104,ai,total,3
20200430,3,-0.01245548308388965,103,ai,total,3
20200430,4,0.0004122648282338018,104,ai,total,3
20200430,5,0.019688560645885922,103,ai,total,3
20200529,1,0.019062728446058056,101,ai,total,3
20200529,2,0.03733019059068368,100,ai,total,3
20200529,3,0.03574325437694693,101,ai,total,3
20200529,4,0.04766175401810566,100,ai,total,3
20200529,5,0.05300522873508991,100,ai,total,3
20200630,1,-0.02770119538036143,100,ai,total,3
20200630,2,0.014974134159464383,100,ai,total,3
20200630,3,0.024937526990522083,100,ai,total,3
20200630,4,0.04108599332736833,100,ai,total,3
20200630,5,0.03894385753234662,100,ai,total,3
20200731,1,0.0041788478384411,103,ai,total,3
20200731,2,0.013598854034179509,103,ai,total,3
20200731,3,0.03986034513744616,103,ai,total,3
20200731,4,0.05616045911636905,103,ai,total,3
20200731,5,0.053076869283195084,103,ai,total,3
20200831,1,-0.06309622011389461,104,ai,total,3
20200831,2,-0.0699868190570608,104,ai,total,3
20200831,3,-0.050552688212542315,104,ai,total,3
20200831,4,-0.033291516622840765,104,ai,total,3
20200831,5,-0.019547341929365462,104,ai,total,3
20200930,1,-0.10118483406475742,103,ai,total,3
20200930,2,-0.09323766478660941,103,ai,total,3
20200930,3,-0.07328099614606677,103,ai,total,3
20200930,4,-0.054856663565631854,103,ai,total,3
20200930,5,-0.07289365782579962,102,ai,total,3
20201030,1,-0.1376606948651119,101,ai,total,3
20201030,2,-0.10415196714260458,101,ai,total,3
20201030,3,-0.09693356437449585,100,ai,total,3
20201030,4,-0.08244736397068841,101,ai,total,3
20201030,5,-0.09728639953154886,100,ai,total,3
20201130,1,-0.04520746896170566,100,ai,total,3
20201130,2,-0.02762939709323606,99,ai,total,3
20201130,3,-0.01763889403023074,100,ai,total,3
20201130,4,0.015298822988237402,99,ai,total,3
20201130,5,-0.014940933374252247,99,ai,total,3
20201231,1,0.0482531202828868,105,ai,total,3
20201231,2,0.07917135685923225,104,ai,total,3
20201231,3,0.09721642538700835,104,ai,total,3
20201231,4,0.09703777280980996,104,ai,total,3
20201231,5,0.10435108549329054,104,ai,total,3
20210129,1,0.07524405017955606,104,ai,total,3
20210129,2,0.060467651636552294,104,ai,total,3
20210129,3,0.0865990817555258,104,ai,total,3
20210129,4,0.11329460483272263,104,ai,total,3
20210129,5,0.11667806521195935,103,ai,total,3
20210226,1,-0.054405202016875896,103,ai,total,3
20210226,2,-0.024317287213370665,103,ai,total,3
20210226,3,-0.015973057518963264,102,ai,total,3
20210226,4,-0.00494596992481538,103,ai,total,3
20210226,5,0.01418478014374534,102,ai,total,3
20210331,1,-0.1405024990232737,102,ai,total,3
20210331,2,-0.10836529633917538,102,ai,total,3
20210331,3,-0.08678716788796235,101,ai,total,3
20210331,4,-0.08698631370887655,102,ai,total,3
20210331,5,-0.07738356410791412,101,ai,total,3
20210430,1,-0.05542434659593226,98,ai,total,3
20210430,2,-0.02277088014262211,98,ai,total,3
20210430,3,-0.03695122322784566,98,ai,total,3
20210430,4,-0.01792200160682881,98,ai,total,3
20210430,5,-0.009389121449235963,97,ai,total,3
20210531,1,-0.013877589871302564,103,ai,total,3
20210531,2,0.009998411304936191,103,ai,total,3
20210531,3,0.00959767066394926,102,ai,total,3
20210531,4,0.0390313468628943,103,ai,total,3
20210531,5,0.04704454026980919,102,ai,total,3
20210630,1,0.046922930057610515,105,ai,total,3
20210630,2,0.06093122159678198,104,ai,total,3
20210630,3,0.07639620814646976,104,ai,total,3
20210630,4,0.08151643917037969,104,ai,total,3
20210630,5,0.12327121770707647,104,ai,total,3
20210730,1,-0.012229862198350698,103,ai,total,3
20210730,2,0.01598635372313647,103,ai,total,3
20210730,3,0.0037824444772998856,102,ai,total,3
20210730,4,0.018168487542002815,103,ai,total,3
20210730,5,0.04526323656783331,102,ai,total,3
20210831,1,-0.07294870633769213,107,ai,total,3
20210831,2,-0.053457610522186276,106,ai,total,3
20210831,3,-0.058264479474382826,106,ai,total,3
20210831,4,-0.058372508154001204,106,ai,total,3
20210831,5,-0.01924568502158394,106,ai,total,3
20210930,1,-0.10754775619096085,101,ai,total,3
20210930,2,-0.08925258831152788,100,ai,total,3
20210930,3,-0.08311173700394056,100,ai,total,3
20210930,4,-0.08919695014198618,100,ai,total,3
20210930,5,-0.06382366084762614,100,ai,total,3
20211029,1,-0.055216164127633666,101,ai,total,3
20211029,2,-0.03452201987597643,101,ai,total,3
20211029,3,0.006164213200300683,101,ai,total,3
20211029,4,-0.01618586551109624,101,ai,total,3
20211029,5,-0.0056120211979235855,101,ai,total,3
20211130,1,0.13696506540109948,102,ai,total,3
20211130,2,0.1543156331660788,102,ai,total,3
20211130,3,0.16182660050480857,102,ai,total,3
20211130,4,0.14710514258982602,102,ai,total,3
20211130,5,0.1781212110850223,102,ai,total,3
20211231,1,0.052778580153599854,102,ai,total,3
20211231,2,0.08788065852106211,101,ai,total,3
20211231,3,0.09147591260205057,102,ai,total,3
20211231,4,0.08282537556115374,101,ai,total,3
20211231,5,0.10613081379055898,101,ai,total,3
20220131,1,0.08804442774155352,102,ai,total,3
20220131,2,0.10224960085393636,101,ai,total,3
20220131,3,0.10540037315416775,102,ai,total,3
20220131,4,0.12799510537590464,101,ai,total,3
20220131,5,0.1252518351233737,101,ai,total,3
20220228,1,0.01757921330721937,101,ai,total,3
20220228,2,0.006026018811670715,101,ai,total,3
20220228,3,0.005147433178938833,101,ai,total,3
20220228,4,0.04380938825615279,101,ai,total,3
20220228,5,0.044669095821133896,100,ai,total,3
20220331,1,0.02551895191174667,102,ai,total,3
20220331,2,0.046508749547598496,102,ai,total,3
20220331,3,0.051666371160657094,101,ai,total,3
20220331,4,0.035677346148497324,102,ai,total,3
20220331,5,0.089089173519193,101,ai,total,3
20220429,1,-0.018466560493582272,102,ai,total,3
20220429,2,0.022201754362799784,101,ai,total,3
20220429,3,0.030141326436772708,101,ai,total,3
20220429,4,0.021334371621363486,101,ai,total,3
20220429,5,0.038631494784435456,101,ai,total,3
20220531,1,0.02280067962433132,105,ai,total,3
20220531,2,0.01595238902361428,105,ai,total,3
20220531,3,0.019873601124637534,105,ai,total,3
20220531,4,0.023773766646354496,105,ai,total,3
20220531,5,0.05031150752089887,105,ai,total,3
20220630,1,0.08219702258836216,101,ai,total,3
20220630,2,0.08800507664383911,100,ai,total,3
20220630,3,0.08687258566322913,100,ai,total,3
20220630,4,0.07562631532917902,100,ai,total,3
20220630,5,0.10625644054469255,100,ai,total,3
20220729,1,0.06426979514145466,104,ai,total,3
20220729,2,0.07663198530979222,104,ai,total,3
20220729,3,0.09178805199829576,103,ai,total,3
20220729,4,0.08577308717971402,104,ai,total,3
20220729,5,0.11010689245377987,103,ai,total,3
20220831,1,0.14023783611925697,102,ai,total,3
20220831,2,0.13821388063530285,102,ai,total,3
20220831,3,0.17589326728188526,102,ai,total,3
20220831,4,0.15950092878129732,102,ai,total,3
20220831,5,0.1807649236228074,102,ai,total,3
20220930,1,0.1730896752229057,104,ai,total,3
20220930,2,0.17927619705491343,103,ai,total,3
20220930,3,0.1649750326544204,103,ai,total,3
20220930,4,0.1821455489100494,103,ai,total,3
20220930,5,0.2090359353006259,103,ai,total,3
20221031,1,0.14178134284967417,102,ai,total,3
20221031,2,0.15605775014711187,102,ai,total,3
20221031,3,0.1567697717635187,102,ai,total,3
20221031,4,0.18887319684338946,102,ai,total,3
20221031,5,0.19673893663443034,102,ai,total,3
20221130,1,0.038519023474682605,103,ai,total,3
20221130,2,0.0400635449948161,103,ai,total,3
20221130,3,0.044557874139657824,103,ai,total,3
20221130,4,0.06715361463221903,103,ai,total,3
20221130,5,0.06662238588442648,103,ai,total,3
20221230,1,-0.0038504650570192825,104,ai,total,3
20221230,2,-0.007292276040802432,104,ai,total,3
20221230,3,0.012602669904622032,103,ai,total,3
20221230,4,0.007885899950480526,104,ai,total,3
20221230,5,0.022289570296202082,103,ai,total,3
20230131,1,0.003655440130703147,103,ai,total,3
20230131,2,-0.014871775148178825,102,ai,total,3
20230131,3,0.006594156797025992,102,ai,total,3
20230131,4,0.0016645323497698826,102,ai,total,3
20230131,5,0.010654668000724806,102,ai,total,3
20230228,1,0.02221626526316741,99,ai,total,3
20230228,2,-0.00024301294834224623,98,ai,total,3
20230228,3,0.0297432954043091,99,ai,total,3
20230228,4,0.0429897102158636,98,ai,total,3
20230228,5,0.02816614018482049,98,ai,total,3
20230331,1,0.05076820801649643,105,ai,total,3
20230331,2,0.06557680950197453,104,ai,total,3
20230331,3,0.047776258597475724,104,ai,total,3
20230331,4,0.06492622542808114,104,ai,total,3
20230331,5,0.09703325126876947,104,ai,total,3
20230428,1,0.11244378592329683,101,ai,total,3
20230428,2,0.11703453403804262,101,ai,total,3
20230428,3,0.1450430063814378,101,ai,total,3
20230428,4,0.13397154423023386,101,ai,total,3
20230428,5,0.17738516624970088,100,ai,total,3
20230531,1,0.024049815211437474,103,ai,total,3
20230531,2,0.04247297032479674,102,ai,total,3
20230531,3,0.06968854175722354,103,ai,total,3
20230531,4,0.06376332580717226,102,ai,total,3
20230531,5,0.07491671164596847,102,ai,total,3
20230630,1,-0.05000458867041479,101,ai,total,3
20230630,2,-0.02109272317148782,101,ai,total,3
20230630,3,-0.03210332670249789,101,ai,total,3
20230630,4,0.012899457623260054,101,ai,total,3
20230630,5,0.009388407714260834,101,ai,total,3
20230731,1,-0.052324326701783594,100,ai,total,3
20230731,2,-0.0007167007308800568,99,ai,total,3
20230731,3,-0.0072054039421639016,100,ai,total,3
20230731,4,-0.004821108084529035,99,ai,total,3
20230731,5,0.008470598982902235,99,ai,total,3
20230831,1,0.04328953377378125,97,ai,total,3
20230831,2,0.06262835482855678,97,ai,total,3
20230831,3,0.05713503286528552,96,ai,total,3
20230831,4,0.07026080854483156,97,ai,total,3
20230831,5,0.09899735674822885,96,ai,total,3
20230929,1,0.13892453179701042,102,ai,total,3
20230929,2,0.15807266385436222,102,ai,total,3
20230929,3,0.1556338270343515,102,ai,total,3
20230929,4,0.16842962281313018,102,ai,total,3
20230929,5,0.18048127867896263,101,ai,total,3
20231031,1,-0.01119699276468366,103,ai,total,3
20231031,2,0.012263419008458726,102,ai,total,3
20231031,3,0.02265406775573466,103,ai,total,3
20231031,4,0.0001430316672028578,102,ai,total,3
20231031,5,0.06526046363328125,102,ai,total,3
20231130,1,-0.01439000337770057,107,ai,total,3
20231130,2,0.01571418759134426,107,ai,total,3
20231130,3,0.044572201517155005,106,ai,total,3
20231130,4,0.04399920740042686,107,ai,total,3
20231130,5,0.03606948853032417,106,ai,total,3
20231229,1,-0.0654942589014228,98,ai,total,3
20231229,2,-0.047840325576723054,97,ai,total,3
20231229,3,-0.013469193038944524,98,ai,total,3
20231229,4,-0.03253891168511003,97,ai,total,3
20231229,5,-0.00652559602773966,97,ai,total,3
20240131,1,-0.014600085582471606,102,ai,total,3
20240131,2,0.017878176020734365,101,ai,total,3
20240131,3,0.027842085512640193,101,ai,total,3
20240131,4,0.02407583651165313,101,ai,total,3
20240131,5,0.03281146399377566,101,ai,total,3
20240229,1,0.010172956098791113,102,ai,total,3
20240229,2,-0.002091084932457635,102,ai,total,3
20240229,3,0.028032386016963017,102,ai,total,3
20240229,4,0.015950357165482282,102,ai,total,3
20240229,5,0.04757133048779768,102,ai,total,3
20240329,1,0.0859657011643539,101,ai,total,3
20240329,2,0.10126607193210273,100,ai,total,3
20240329,3,0.10096498884886027,100,ai,total,3
20240329,4,0.13572017323579558,100,ai,total,3
20240329,5,0.14672029442049717,100,ai,total,3
20240430,1,0.071736547415498,101,ai,total,3
20240430,2,0.07094960435585684,101,ai,total,3
20240430,3,0.09869001450619559,101,ai,total,3
20240430,4,0.11305638804600464,101,ai,total,3
20240430,5,0.1059361027956958,101,ai,total,3
20240531,1,0.11043259214264976,102,ai,total,3
20240531,2,0.1300131609055504,101,ai,total,3
20240531,3,0.1519283587320035,101,ai,total,3
20240531,4,0.1492301580634141,101,ai,total,3
20240531,5,0.1720546484941055,101,ai,total,3
20240628,1,0.037871733709503884,100,ai,total,3
20240628,2,0.07906497768515286,100,ai,total,3
20240628,3,0.05256971906347921,100,ai,total,3
20240628,4,0.08968332441083918,100,ai,total,3
20240628,5,0.08134824667677859,99,ai,total,3
20240731,1,0.16524696526619354,104,ai,total,3
20240731,2,0.17487651803559143,104,ai,total,3
20240731,3,0.16271116177746828,104,ai,total,3
20240731,4,0.18628999731815687,104,ai,total,3
20240731,5,0.20650816456697194,104,ai,total,3
20240830,1,0.11024595350568916,102,ai,total,3
20240830,2,0.1411097993788114,102,ai,total,3
20240830,3,0.15846148291914608,102,ai,total,3
20240830,4,0.14114305975337887,102,ai,total,3
20240830,5,0.14925370454849188,102,ai,total,3
20240930,1,0.053043735358319716,101,ai,total,3
20240930,2,0.041128568614768386,101,ai,total,3
20240930,3,0.06214578453282252,100,ai,total,3
20240930,4,0.0851836238000453,101,ai,total,3
20240930,5,0.08066134047284239,100,ai,total,3
20241031,1,-0.02673049297707026,102,ai,total,3
20241031,2,-0.0318120195045852,102,ai,total,3
20241031,3,-0.03944103987454201,101,ai,total,3
20241031,4,-0.0051832312635329185,102,ai,total,3
20241031,5,0.0029859395427261374,101,ai,total,3
20241129,1,-0.026199105601422863,102,ai,total,3
20241129,2,-0.03705942116349221,102,ai,total,3
20241129,3,-0.04947467200301458,102,ai,total,3
20241129,4,-0.030275221907237925,102,ai,total,3
20241129,5,-0.020622515299460062,101,ai,total,3
20241231,1,0.03436928540369073,101,ai,total,3
20241231,2,0.05763802265284852,100,ai,total,3
20241231,3,0.04149721495977909,100,ai,total,3
20241231,4,0.06000265842304512,100,ai,total,3
20241231,5,0.08291973110416824,100,ai,total,3
20250131,1,0.0643267878523564,105,ai,total,3
20250131,2,0.06357572316693283,105,ai,total,3
20250131,3,0.056558390185089215,105,ai,total,3
20250131,4,0.08770644592291396,105,ai,total,3
20250131,5,0.06556333504909678,105,ai,total,3
20250228,1,-0.01954088246601483,100,ai,total,3
20250228,2,-0.025566449039261335,99,ai,total,3
20250228,3,-0.02526519565300571,99,ai,total,3
20250228,4,0.0022843358855742673,99,ai,total,3
20250228,5,-0.005597167049513676,99,ai,total,3
20250331,1,-0.07828993736999584,100,ai,total,3
20250331,2,-0.05059719394652136,100,ai,total,3
20250331,3,-0.03331786729929841,100,ai,total,3
20250331,4,-0.04128550312017497,100,ai,total,3
20250331,5,-0.05236471325489091,99,ai,total,3
20250430,1,-0.1008081216282946,103,ai,total,3
20250430,2,-0.09794009009244753,102,ai,total,3
20250430,3,-0.07238486047369741,103,ai,total,3
20250430,4,-0.06830711977952877,102,ai,total,3
20250430,5,-0.08533378291714198,102,ai,total,3
20250530,1,-0.04133443896994495,103,ai,total,3
20250530,2,-0.04194004164166989,102,ai,total,3
20250530,3,-0.018810613221990527,102,ai,total,3
20250530,4,-0.005684175031156545,102,ai,total,3
20250530,5,-0.004623449913024441,102,ai,total,3
20250630,1,-0.002910801797440603,101,ai,total,3
20250630,2,0.012364607468952156,101,ai,total,3
20250630,3,0.012734738209550624,101,ai,total,3
20250630,4,0.020800273208853314,101,ai,total,3
20250630,5,0.021096182292793052,101,ai,total,3
20250731,1,0.0544331257959219,102,ai,total,3
20250731,2,0.058555911835502135,102,ai,total,3
20250731,3,0.0695762399476494,102,ai,total,3
20250731,4,0.056681367647128354,102,ai,total,3
20250731,5,0.0784552482648266,101,ai,total,3
20250829,1,0.09067319179240153,106,ai,total,3
20250829,2,0.10581630021281511,105,ai,total,3
20250829,3,0.09401457311016614,105,ai,total,3
20250829,4,0.1037754335838941,105,ai,total,3
20250829,5,0.13490906278148246,105,ai,total,3
20250930,1,-0.03645031606605383,103,ai,total,3
20250930,2,-0.059883317304619155,102,ai,total,3
20250930,3,-0.023584244043910976,103,ai,total,3
20250930,4,-0.030416075174832524,102,ai,total,3
20250930,5,0.00131364417793406,102,ai,total,3
20251031,1,-0.056933569991614634,105,ai,total,3
20251031,2,-0.0640976087800165,104,ai,total,3
20251031,3,-0.0482532803440634,104,ai,total,3
20251031,4,-0.02887700126572087,104,ai,total,3
20251031,5,-0.014729960044592224,104,ai,total,3
20251128,1,-0.04748507574323891,101,ai,total,3
20251128,2,-0.031688025087172195,101,ai,total,3
20251128,3,0.0014840634137556897,101,ai,total,3
20251128,4,-0.009599130670703235,101,ai,total,3
20251128,5,0.005396779870674673,101,ai,total,3
20251231,1,0.08178634705101946,102,ai,total,3
20251231,2,0.0935315986505774,101,ai,total,3
20251231,3,0.09463309984760891,102,ai,total,3
20251231,4,0.12110863934380009,101,ai,total,3
20251231,5,0.11574160821625665,101,ai,total,3
20260130,1,0.0199853173820504,103,ai,total,3
20260130,2,0.046074316646452805,103,ai,total,3
20260130,3,0.05016169298669328,103,ai,total,3
20260130,4,0.05768662696188966,103,ai,total,3
20260130,5,0.06724360431804818,103,ai,total,3
20260227,1,-0.06598527187408217,104,ai,total,3
20260227,2,-0.03834275210740136,104,ai,total,3
20260227,3,-0.06154961442250601,104,ai,total,3
20260227,4,-0.033035408673193774,104,ai,total,3
20260227,5,-0.010976703564347497,104,ai,total,3
20260331,1,-0.02712246892801068,102,ai,total,3
20260331,2,-0.0005630779499066235,102,ai,total,3
20260331,3,-0.0017829932591681668,102,ai,total,3
20260331,4,0.004867820049919205,102,ai,total,3
20260331,5,0.027613029690909067,102,ai,total,3
20260430,1,0.02506491657507787,101,ai,total,3
20260430,2,0.037933005710244584,101,ai,total,3
20260430,3,0.06022548559783762,101,ai,total,3
20260430,4,0.057377416222786595,101,ai,total,3
20260430,5,0.053066334284379714,101,ai,total,3
20190329,1,-0.012561804444259876,105,ai,total,6
20190329,2,0.015187499663046172,105,ai,total,6
20190329,3,0.05582301354156061,104,ai,total,6
20190329,4,0.058802600173389855,105,ai,total,6
20190329,5,0.07913365787320921,104,ai,total,6
20190430,1,0.0023994376046747854,101,ai,total,6
20190430,2,0.009700864852121256,100,ai,total,6
20190430,3,0.026783287467413923,101,ai,total,6
20190430,4,0.029251254293980174,100,ai,total,6
20190430,5,0.05380746700679531,100,ai,total,6
20190531,1,0.08244337737198183,101,ai,total,6
20190531,2,0.09951063735586914,101,ai,total,6
20190531,3,0.12075698896705397,100,ai,total,6
20190531,4,0.11591673419157504,101,ai,total,6
20190531,5,0.1638207173024468,100,ai,total,6
20190628,1,0.12014258293991864,100,ai,total,6
20190628,2,0.15596997574466548,99,ai,total,6
20190628,3,0.2137972434596193,100,ai,total,6
20190628,4,0.18075883954303607,99,ai,total,6
20190628,5,0.1919676042710214,99,ai,total,6
20190731,1,0.12777937447494467,104,ai,total,6
20190731,2,0.1709332079634649,104,ai,total,6
20190731,3,0.14242767224280575,104,ai,total,6
20190731,4,0.17610436428976242,104,ai,total,6
20190731,5,0.15635667491454355,103,ai,total,6
20190830,1,0.15367954905929887,103,ai,total,6
20190830,2,0.14019101514833357,103,ai,total,6
20190830,3,0.17884465311587977,102,ai,total,6
20190830,4,0.1786551390644587,103,ai,total,6
20190830,5,0.19797308743761896,102,ai,total,6
20190930,1,0.12838006040781397,99,ai,total,6
20190930,2,0.0975730255843484,99,ai,total,6
20190930,3,0.1648323947640212,98,ai,total,6
20190930,4,0.1470817903626387,99,ai,total,6
20190930,5,0.19245352167982427,98,ai,total,6
20191031,1,0.0657074363235825,104,ai,total,6
20191031,2,0.07110178470839773,104,ai,total,6
20191031,3,0.1314980403607888,104,ai,total,6
20191031,4,0.12399259884925705,104,ai,total,6
20191031,5,0.14537731439862706,103,ai,total,6
20191129,1,0.06294393696310209,105,ai,total,6
20191129,2,0.08366288366772832,105,ai,total,6
20191129,3,0.08654935975665848,104,ai,total,6
20191129,4,0.07333681015547684,105,ai,total,6
20191129,5,0.08845195373906908,104,ai,total,6
20191231,1,0.0783289218477511,102,ai,total,6
20191231,2,0.11786802605616288,101,ai,total,6
20191231,3,0.08350799756882864,101,ai,total,6
20191231,4,0.12106697340559058,101,ai,total,6
20191231,5,0.10345837568719364,101,ai,total,6
20200131,1,-0.022486409763206587,102,ai,total,6
20200131,2,0.0229983886197597,101,ai,total,6
20200131,3,0.021895485554196438,102,ai,total,6
20200131,4,0.0050352245430836514,101,ai,total,6
20200131,5,0.09605832056644982,101,ai,total,6
20200228,1,0.04111393156743596,103,ai,total,6
20200228,2,0.055794197698550416,102,ai,total,6
20200228,3,0.05425741029438701,102,ai,total,6
20200228,4,0.0663033532613064,102,ai,total,6
20200228,5,0.09639451189080472,102,ai,total,6
20200331,1,0.04310122232786494,105,ai,total,6
20200331,2,0.04981031480002529,104,ai,total,6
20200331,3,0.028694989331307787,104,ai,total,6
20200331,4,0.09951915794231403,104,ai,total,6
20200331,5,0.07178312262019138,104,ai,total,6
20200430,1,-0.035054113694756965,104,ai,total,6
20200430,2,0.030536681220984366,104,ai,total,6
20200430,3,0.014479176283671296,103,ai,total,6
20200430,4,0.04161622415784229,104,ai,total,6
20200430,5,0.06309299316333404,103,ai,total,6
20200529,1,-0.04439594386357171,101,ai,total,6
20200529,2,-0.0019080151167393622,100,ai,total,6
20200529,3,-0.011164913858188172,101,ai,total,6
20200529,4,-0.0040338255973379235,100,ai,total,6
20200529,5,0.008525202200973178,100,ai,total,6
20200630,1,-0.10601708425655479,100,ai,total,6
20200630,2,-0.06243272517241339,100,ai,total,6
20200630,3,-0.07736801131262787,100,ai,total,6
20200630,4,-0.03513122983473565,100,ai,total,6
20200630,5,-0.04051640319822421,100,ai,total,6
20200731,1,-0.10953700246573611,103,ai,total,6
20200731,2,-0.09417082630162159,103,ai,total,6
20200731,3,-0.0491052779141766,103,ai,total,6
20200731,4,-0.06286481461327656,103,ai,total,6
20200731,5,-0.057195785260604384,103,ai,total,6
20200831,1,-0.08622859830801087,104,ai,total,6
20200831,2,-0.0920501377894661,104,ai,total,6
20200831,3,-0.06116335685732015,104,ai,total,6
20200831,4,-0.038334438382058036,104,ai,total,6
20200831,5,-0.03897622531329846,104,ai,total,6
20200930,1,-0.03352075210678188,103,ai,total,6
20200930,2,-0.01122337336433418,103,ai,total,6
20200930,3,0.007661702725146166,103,ai,total,6
20200930,4,0.005844744960347415,103,ai,total,6
20200930,5,0.017479255775041325,102,ai,total,6
20201030,1,-0.07055414789304641,101,ai,total,6
20201030,2,-0.040045679395195904,101,ai,total,6
20201030,3,-0.017796218139056037,100,ai,total,6
20201030,4,0.009046873785046141,101,ai,total,6
20201030,5,-0.007778153281843014,100,ai,total,6
20201130,1,-0.06156802709008204,100,ai,total,6
20201130,2,-0.059018837105391846,99,ai,total,6
20201130,3,-0.04229294343200993,100,ai,total,6
20201130,4,0.007276724105112907,99,ai,total,6
20201130,5,-0.010521273124609614,99,ai,total,6
20201231,1,-0.07887392855012125,105,ai,total,6
20201231,2,-0.01910690282270137,104,ai,total,6
20201231,3,0.014295864279796216,104,ai,total,6
20201231,4,-0.007903238194957448,104,ai,total,6
20201231,5,-0.002239669777979234,104,ai,total,6
20210129,1,0.041905775403716386,104,ai,total,6
20210129,2,0.05208653944799553,104,ai,total,6
20210129,3,0.034124751716351764,104,ai,total,6
20210129,4,0.06929478552993909,104,ai,total,6
20210129,5,0.08151678207631151,103,ai,total,6
20210226,1,-0.05889258926697074,103,ai,total,6
20210226,2,0.007062799322038364,103,ai,total,6
20210226,3,-0.012216586315409188,102,ai,total,6
20210226,4,0.0019012135271969674,103,ai,total,6
20210226,5,0.05104727920833399,102,ai,total,6
20210331,1,-0.07822331220336458,102,ai,total,6
20210331,2,-0.04799273397990774,102,ai,total,6
20210331,3,-0.018498055650857204,101,ai,total,6
20210331,4,-0.021321521912021302,102,ai,total,6
20210331,5,0.023398272592793284,101,ai,total,6
20210430,1,-0.050926081381116026,98,ai,total,6
20210430,2,-0.021885122889420478,98,ai,total,6
20210430,3,-0.04077044535861419,98,ai,total,6
20210430,4,0.006112854536768638,98,ai,total,6
20210430,5,0.035554122271872865,97,ai,total,6
20210531,1,-0.08159641772953881,103,ai,total,6
20210531,2,-0.040249885147425536,103,ai,total,6
20210531,3,-0.07052063468599556,102,ai,total,6
20210531,4,0.004814329561140078,103,ai,total,6
20210531,5,0.008990987675384499,102,ai,total,6
20210630,1,-0.04298095134948397,105,ai,total,6
20210630,2,-0.024834777864100446,104,ai,total,6
20210630,3,-0.00698566732390582,104,ai,total,6
20210630,4,-0.0250753602710692,104,ai,total,6
20210630,5,0.026581132878611444,104,ai,total,6
20210730,1,-0.04047270580644292,103,ai,total,6
20210730,2,-0.018392094586234156,103,ai,total,6
20210730,3,-0.00868150438420102,102,ai,total,6
20210730,4,-0.011216317096011388,103,ai,total,6
20210730,5,0.051561059514158084,102,ai,total,6
20210831,1,0.06708159277764206,107,ai,total,6
20210831,2,0.07898718881443546,106,ai,total,6
20210831,3,0.07591390544675439,106,ai,total,6
20210831,4,0.09662060902951862,106,ai,total,6
20210831,5,0.1353955293959126,106,ai,total,6
20210930,1,-0.036459992219187096,101,ai,total,6
20210930,2,-0.02841883151131048,100,ai,total,6
20210930,3,-0.01295144728862854,100,ai,total,6
20210930,4,0.0006440655977859327,100,ai,total,6
20210930,5,0.03562187187397389,100,ai,total,6
20211029,1,0.027841802025036534,101,ai,total,6
20211029,2,0.08541560408932461,101,ai,total,6
20211029,3,0.1011229276144938,101,ai,total,6
20211029,4,0.10534502255251228,101,ai,total,6
20211029,5,0.10313638254793106,101,ai,total,6
20211130,1,0.1620640193435784,102,ai,total,6
20211130,2,0.18405592289036318,102,ai,total,6
20211130,3,0.18416923654468192,102,ai,total,6
20211130,4,0.17329701404095,102,ai,total,6
20211130,5,0.21806331052902542,102,ai,total,6
20211231,1,0.10059238665444405,102,ai,total,6
20211231,2,0.14115233195804608,101,ai,total,6
20211231,3,0.1303625486726894,102,ai,total,6
20211231,4,0.13746810572415816,101,ai,total,6
20211231,5,0.18907663254276658,101,ai,total,6
20220131,1,0.10070116125398731,102,ai,total,6
20220131,2,0.12580501847993356,101,ai,total,6
20220131,3,0.11710913953332344,102,ai,total,6
20220131,4,0.16754307000840277,101,ai,total,6
20220131,5,0.15955836576787416,101,ai,total,6
20220228,1,0.034629625172344775,101,ai,total,6
20220228,2,0.0289776046323905,101,ai,total,6
20220228,3,0.027863022616344484,101,ai,total,6
20220228,4,0.0693128432838595,101,ai,total,6
20220228,5,0.08250534075773075,100,ai,total,6
20220331,1,0.11492436658331719,102,ai,total,6
20220331,2,0.13360825252647726,102,ai,total,6
20220331,3,0.11832476398229906,101,ai,total,6
20220331,4,0.11645044854857414,102,ai,total,6
20220331,5,0.18952241598709157,101,ai,total,6
20220429,1,0.08511061695828878,102,ai,total,6
20220429,2,0.11840333799937773,101,ai,total,6
20220429,3,0.10626362451370115,101,ai,total,6
20220429,4,0.10747116705611294,101,ai,total,6
20220429,5,0.13487792202524435,101,ai,total,6
20220531,1,0.18766360418347267,105,ai,total,6
20220531,2,0.17651004608371407,105,ai,total,6
20220531,3,0.1674079601597547,105,ai,total,6
20220531,4,0.17878276158216488,105,ai,total,6
20220531,5,0.20472403233593134,105,ai,total,6
20220630,1,0.27689260003221283,101,ai,total,6
20220630,2,0.2789304232060356,100,ai,total,6
20220630,3,0.27605292800099784,100,ai,total,6
20220630,4,0.26861117289288206,100,ai,total,6
20220630,5,0.30649109269672514,100,ai,total,6
20220729,1,0.2364748175949329,104,ai,total,6
20220729,2,0.22621537787776966,104,ai,total,6
20220729,3,0.2904255573409507,103,ai,total,6
20220729,4,0.2602498367978518,104,ai,total,6
20220729,5,0.3055400724876217,103,ai,total,6
20220831,1,0.19752117841704406,102,ai,total,6
20220831,2,0.1973455065735823,102,ai,total,6
20220831,3,0.22475370412111545,102,ai,total,6
20220831,4,0.2267331778819053,102,ai,total,6
20220831,5,0.24335486409464355,102,ai,total,6
20220930,1,0.17127191269615125,104,ai,total,6
20220930,2,0.1907229682393239,103,ai,total,6
20220930,3,0.1939559047183395,103,ai,total,6
20220930,4,0.17478806516269468,103,ai,total,6
20220930,5,0.19792548420838815,103,ai,total,6
20221031,1,0.10884291134831499,102,ai,total,6
20221031,2,0.18348115601164627,102,ai,total,6
20221031,3,0.18208691751085623,102,ai,total,6
20221031,4,0.21145984513482374,102,ai,total,6
20221031,5,0.20137055826696526,102,ai,total,6
20221130,1,0.03977152481062181,103,ai,total,6
20221130,2,0.0773921757258468,103,ai,total,6
20221130,3,0.07336205465521002,103,ai,total,6
20221130,4,0.08722577952247204,103,ai,total,6
20221130,5,0.10899159775000736,103,ai,total,6
20221230,1,0.06203617043957394,104,ai,total,6
20221230,2,0.05366710943721764,104,ai,total,6
20221230,3,0.09315065986680347,103,ai,total,6
20221230,4,0.07086261103703335,104,ai,total,6
20221230,5,0.0869531492976554,103,ai,total,6
20230131,1,0.11887531555529152,103,ai,total,6
20230131,2,0.1212072316186332,102,ai,total,6
20230131,3,0.1314757629184418,102,ai,total,6
20230131,4,0.15197199138978262,102,ai,total,6
20230131,5,0.14720556812528954,102,ai,total,6
20230228,1,0.09402465230233165,99,ai,total,6
20230228,2,0.04379592608424873,98,ai,total,6
20230228,3,0.07539820040539612,99,ai,total,6
20230228,4,0.12636015674261167,98,ai,total,6
20230228,5,0.08212506178421815,98,ai,total,6
20230331,1,0.015443474279525167,105,ai,total,6
20230331,2,0.020768582264893292,104,ai,total,6
20230331,3,0.04781785688924038,104,ai,total,6
20230331,4,0.05370295507586798,104,ai,total,6
20230331,5,0.09936539715809665,104,ai,total,6
20230428,1,0.07667256482677776,101,ai,total,6
20230428,2,0.10595674458953185,101,ai,total,6
20230428,3,0.12832612367187873,101,ai,total,6
20230428,4,0.13318118918975502,101,ai,total,6
20230428,5,0.1856315195966401,100,ai,total,6
20230531,1,0.08547843883961136,103,ai,total,6
20230531,2,0.10603636683605189,102,ai,total,6
20230531,3,0.13770815622977028,103,ai,total,6
20230531,4,0.14184799575840776,102,ai,total,6
20230531,5,0.13717138358107744,102,ai,total,6
20230630,1,0.06328983744840903,101,ai,total,6
20230630,2,0.14963206696106804,101,ai,total,6
20230630,3,0.14521831255875173,101,ai,total,6
20230630,4,0.180041700690789,101,ai,total,6
20230630,5,0.15447665739099672,101,ai,total,6
20230731,1,-0.03945006908399754,100,ai,total,6
20230731,2,0.002554287264718833,99,ai,total,6
20230731,3,0.03337131175579039,100,ai,total,6
20230731,4,0.00566314299528297,99,ai,total,6
20230731,5,0.05864915574052035,99,ai,total,6
20230831,1,0.07401432909078924,97,ai,total,6
20230831,2,0.10042121279023014,97,ai,total,6
20230831,3,0.06495586601877885,96,ai,total,6
20230831,4,0.1105706814086192,97,ai,total,6
20230831,5,0.14535096352004712,96,ai,total,6
20230929,1,0.09266146646972603,102,ai,total,6
20230929,2,0.11624468508503796,102,ai,total,6
20230929,3,0.11083783640485823,102,ai,total,6
20230929,4,0.15753158287546196,102,ai,total,6
20230929,5,0.15430448817929,101,ai,total,6
20231031,1,-0.014209269810840768,103,ai,total,6
20231031,2,0.0453030287340371,102,ai,total,6
20231031,3,0.07448732404922032,103,ai,total,6
20231031,4,0.00013571152054032493,102,ai,total,6
20231031,5,0.08782361373063752,102,ai,total,6
20231130,1,-0.012000960637530542,107,ai,total,6
20231130,2,0.048044887224404496,107,ai,total,6
20231130,3,0.03755198796332441,106,ai,total,6
20231130,4,0.07677007582587868,107,ai,total,6
20231130,5,0.053096853775833563,106,ai,total,6
20231229,1,0.025240598351505817,98,ai,total,6
20231229,2,0.059656169134985296,97,ai,total,6
20231229,3,0.10522369168153607,98,ai,total,6
20231229,4,0.08551913874334435,97,ai,total,6
20231229,5,0.1107379260791236,97,ai,total,6
20240131,1,0.05334632928194374,102,ai,total,6
20240131,2,0.1183768136619319,101,ai,total,6
20240131,3,0.09737784836442451,101,ai,total,6
20240131,4,0.12097628040168958,101,ai,total,6
20240131,5,0.14048360507269364,101,ai,total,6
20240229,1,0.13370498916867526,102,ai,total,6
20240229,2,0.1321009054666957,102,ai,total,6
20240229,3,0.175139103660021,102,ai,total,6
20240229,4,0.19335296628766602,102,ai,total,6
20240229,5,0.20310913389711108,102,ai,total,6
20240329,1,0.14046555189410215,101,ai,total,6
20240329,2,0.17362520349792157,100,ai,total,6
20240329,3,0.1630945413809036,100,ai,total,6
20240329,4,0.23440693962377526,100,ai,total,6
20240329,5,0.24110549544239238,100,ai,total,6
20240430,1,0.25275369884045656,101,ai,total,6
20240430,2,0.2468039090828314,101,ai,total,6
20240430,3,0.30376493453999565,101,ai,total,6
20240430,4,0.3184816611537892,101,ai,total,6
20240430,5,0.3181510846010313,101,ai,total,6
20240531,1,0.2546414252022054,102,ai,total,6
20240531,2,0.2847750089926212,101,ai,total,6
20240531,3,0.31771613112214514,101,ai,total,6
20240531,4,0.31864842240597974,101,ai,total,6
20240531,5,0.3370996788850625,101,ai,total,6
20240628,1,0.1020143773563268,100,ai,total,6
20240628,2,0.1359375475572205,100,ai,total,6
20240628,3,0.12583657096409726,100,ai,total,6
20240628,4,0.15220756572546615,100,ai,total,6
20240628,5,0.15572896370635853,99,ai,total,6
20240731,1,0.1202192033752306,104,ai,total,6
20240731,2,0.13759111633059803,104,ai,total,6
20240731,3,0.13661322743503093,104,ai,total,6
20240731,4,0.15467473300050769,104,ai,total,6
20240731,5,0.19275946933095586,104,ai,total,6
20240830,1,0.0628164653781371,102,ai,total,6
20240830,2,0.09019586902346653,102,ai,total,6
20240830,3,0.14276257078491325,102,ai,total,6
20240830,4,0.1281018259585857,102,ai,total,6
20240830,5,0.10803769488751784,102,ai,total,6
20240930,1,0.1009796176771124,101,ai,total,6
20240930,2,0.10782699879909666,101,ai,total,6
20240930,3,0.11630287011396966,100,ai,total,6
20240930,4,0.15794406098508842,101,ai,total,6
20240930,5,0.13288034892741435,100,ai,total,6
20241031,1,0.03063318202252905,102,ai,total,6
20241031,2,0.04427506877218315,102,ai,total,6
20241031,3,0.020690150331025246,101,ai,total,6
20241031,4,0.06182196748216695,102,ai,total,6
20241031,5,0.07353047573633145,101,ai,total,6
20241129,1,-0.04597817218559749,102,ai,total,6
20241129,2,-0.060331240243486906,102,ai,total,6
20241129,3,-0.0668305061423327,102,ai,total,6
20241129,4,-0.06865884991425972,102,ai,total,6
20241129,5,-0.012049747327161454,101,ai,total,6
20241231,1,-0.02394041092322021,101,ai,total,6
20241231,2,0.018013495699270844,100,ai,total,6
20241231,3,-0.01159793617379351,100,ai,total,6
20241231,4,0.01918150865538985,100,ai,total,6
20241231,5,0.027396852095770422,100,ai,total,6
20250131,1,-0.030931615622456925,105,ai,total,6
20250131,2,-0.011030700891273462,105,ai,total,6
20250131,3,-0.03541735338003792,105,ai,total,6
20250131,4,0.018531614545452935,105,ai,total,6
20250131,5,-0.03129823124175205,105,ai,total,6
20250228,1,-0.054937234230567615,100,ai,total,6
20250228,2,-0.04457669563123452,99,ai,total,6
20250228,3,-0.043440417496316,99,ai,total,6
20250228,4,-0.018349004084283353,99,ai,total,6
20250228,5,-0.02541056744767987,99,ai,total,6
20250331,1,-0.047868508186416435,100,ai,total,6
20250331,2,-0.06619949700965862,100,ai,total,6
20250331,3,-0.023966876012342896,100,ai,total,6
20250331,4,-0.026742273436597505,100,ai,total,6
20250331,5,-0.04756229233346683,99,ai,total,6
20250430,1,-0.03188681935938819,103,ai,total,6
20250430,2,-0.034233628237366254,102,ai,total,6
20250430,3,-0.033205102681058606,103,ai,total,6
20250430,4,0.00018903634363279134,102,ai,total,6
20250430,5,-0.035354692784739614,102,ai,total,6
20250530,1,0.06419075277255393,103,ai,total,6
20250530,2,0.07116210329335469,102,ai,total,6
20250530,3,0.10876403162241964,102,ai,total,6
20250530,4,0.06463761699596463,102,ai,total,6
20250530,5,0.10646202330962128,102,ai,total,6
20250630,1,-0.028160099226117858,101,ai,total,6
20250630,2,-0.02759460423323458,101,ai,total,6
20250630,3,-0.01855464067919391,101,ai,total,6
20250630,4,-0.00518051411144158,101,ai,total,6
20250630,5,-0.0007618844935536472,101,ai,total,6
20250731,1,-0.008036378237625211,102,ai,total,6
20250731,2,0.008321820643809581,102,ai,total,6
20250731,3,0.015533757036628702,102,ai,total,6
20250731,4,0.025311714018383037,102,ai,total,6
20250731,5,0.03870836783301091,101,ai,total,6
20250829,1,0.0811105440094616,106,ai,total,6
20250829,2,0.08641160414719906,105,ai,total,6
20250829,3,0.08664775783483386,105,ai,total,6
20250829,4,0.07657850004034943,105,ai,total,6
20250829,5,0.1517777746946126,105,ai,total,6
20250930,1,0.04754362617427792,103,ai,total,6
20250930,2,0.03561644898788401,102,ai,total,6
20250930,3,0.09579630699498999,103,ai,total,6
20250930,4,0.06391901652197542,102,ai,total,6
20250930,5,0.10333789459454891,102,ai,total,6
20251031,1,-0.015874123387501122,105,ai,total,6
20251031,2,-0.020381195056858533,104,ai,total,6
20251031,3,0.0002074409424236591,104,ai,total,6
20251031,4,0.0353284348338628,104,ai,total,6
20251031,5,0.04240288171974974,104,ai,total,6
20251128,1,-0.08780036491427651,101,ai,total,6
20251128,2,-0.09600655262886464,101,ai,total,6
20251128,3,-0.036199340152518335,101,ai,total,6
20251128,4,-0.04839150021900181,101,ai,total,6
20251128,5,-0.02908503448751747,101,ai,total,6
20251231,1,0.05704678976183266,102,ai,total,6
20251231,2,0.10562872925151301,101,ai,total,6
20251231,3,0.08765562854240294,102,ai,total,6
20251231,4,0.13689141167153873,101,ai,total,6
20251231,5,0.1625710013032736,101,ai,total,6
20260130,1,0.04904257261739812,103,ai,total,6
20260130,2,0.09586174186309555,103,ai,total,6
20260130,3,0.1004556907386798,103,ai,total,6
20260130,4,0.10805507845169332,103,ai,total,6
20260130,5,0.1588423591025193,103,ai,total,6
20190329,1,-0.010033174149005328,105,ai,specific,1
20190329,2,0.0013665857848410845,105,ai,specific,1
20190329,3,0.0011682050918945474,104,ai,specific,1
20190329,4,0.006815602161447916,105,ai,specific,1
20190329,5,0.007279367991543337,104,ai,specific,1
20190430,1,-0.0005947740160108937,101,ai,specific,1
20190430,2,0.008396379427563728,100,ai,specific,1
20190430,3,-0.00040600339326931213,101,ai,specific,1
20190430,4,0.004858114508000885,100,ai,specific,1
20190430,5,0.015378886512618626,100,ai,specific,1
20190531,1,-0.014734642190874494,101,ai,specific,1
20190531,2,-0.008373067180254193,101,ai,specific,1
20190531,3,-0.0016632075847777582,100,ai,specific,1
20190531,4,0.0020439836155042358,101,ai,specific,1
20190531,5,0.013683141390811875,100,ai,specific,1
20190628,1,-0.012025495518828257,100,ai,specific,1
20190628,2,-0.01126315911432165,99,ai,specific,1
20190628,3,-0.007604436439877541,100,ai,specific,1
20190628,4,-0.004113169023648507,99,ai,specific,1
20190628,5,-0.004600022471133328,99,ai,specific,1
20190731,1,-0.004099882106555797,104,ai,specific,1
20190731,2,-0.0040510230493197375,104,ai,specific,1
20190731,3,0.00512235769820284,104,ai,specific,1
20190731,4,0.005535973373193443,104,ai,specific,1
20190731,5,-6.489522093466654e-05,103,ai,specific,1
20190830,1,-0.00839688736913061,103,ai,specific,1
20190830,2,-0.01852974145836661,103,ai,specific,1
20190830,3,0.010136812305265648,102,ai,specific,1
20190830,4,-0.0007993051069773644,103,ai,specific,1
20190830,5,0.009751879948643133,102,ai,specific,1
20190930,1,-0.00031505432962398376,99,ai,specific,1
20190930,2,-0.012275693562377336,99,ai,specific,1
20190930,3,0.007336987452107291,98,ai,specific,1
20190930,4,0.0018188462912071476,99,ai,specific,1
20190930,5,0.01205973741983589,98,ai,specific,1
20191031,1,-0.008153572921820416,104,ai,specific,1
20191031,2,-0.01091026872229542,104,ai,specific,1
20191031,3,-0.005397260793345216,104,ai,specific,1
20191031,4,0.02158396808934687,104,ai,specific,1
20191031,5,0.016666024309830274,103,ai,specific,1
20191129,1,-0.009349010249360735,105,ai,specific,1
20191129,2,-0.004834680303822631,105,ai,specific,1
20191129,3,0.010120454633351011,104,ai,specific,1
20191129,4,-0.004327020388229438,105,ai,specific,1
20191129,5,0.007820845364673857,104,ai,specific,1
20191231,1,-0.004619397043803451,102,ai,specific,1
20191231,2,-0.0005551234251616298,101,ai,specific,1
20191231,3,0.0010266000929784374,101,ai,specific,1
20191231,4,0.007830189422068081,101,ai,specific,1
20191231,5,0.00018578749598666816,101,ai,specific,1
20200131,1,-0.003201957998239078,102,ai,specific,1
20200131,2,-0.0033881777153501927,101,ai,specific,1
20200131,3,-0.005999467887669722,102,ai,specific,1
20200131,4,-0.007915376610580015,101,ai,specific,1
20200131,5,0.012254047644501893,101,ai,specific,1
20200228,1,-0.0033768526072887424,103,ai,specific,1
20200228,2,0.0013214560713511615,102,ai,specific,1
20200228,3,0.002165746410945039,102,ai,specific,1
20200228,4,-0.005261695809955538,102,ai,specific,1
20200228,5,0.0011838086566471919,102,ai,specific,1
20200331,1,-0.007230460648857296,105,ai,specific,1
20200331,2,1.4042895307680507e-05,104,ai,specific,1
20200331,3,-0.004142636221589741,104,ai,specific,1
20200331,4,0.013161558229265465,104,ai,specific,1
20200331,5,0.010774944421952076,104,ai,specific,1
20200430,1,-0.01078625062867958,104,ai,specific,1
20200430,2,0.0019437613577001035,104,ai,specific,1
20200430,3,0.00014938759318342055,103,ai,specific,1
20200430,4,0.003967865922962839,104,ai,specific,1
20200430,5,0.013766656964242808,103,ai,specific,1
20200529,1,-0.004617032866049997,101,ai,specific,1
20200529,2,-0.0005972909634285778,100,ai,specific,1
20200529,3,0.0006629622386988378,101,ai,specific,1
20200529,4,0.0034181323745308694,100,ai,specific,1
20200529,5,-0.0088743934418513,100,ai,specific,1
20200630,1,-0.017797018793861474,100,ai,specific,1
20200630,2,-0.006037578906639752,100,ai,specific,1
20200630,3,0.0002014205018453101,100,ai,specific,1
20200630,4,0.004948068173217536,100,ai,specific,1
20200630,5,0.008513027066603984,100,ai,specific,1
20200731,1,-0.018486825541677358,103,ai,specific,1
20200731,2,-0.007020891022914685,103,ai,specific,1
20200731,3,-0.000775371929018638,103,ai,specific,1
20200731,4,0.014995916066744858,103,ai,specific,1
20200731,5,0.00871467801162335,103,ai,specific,1
20200831,1,-0.009153162542817478,104,ai,specific,1
20200831,2,-0.010847370722160434,104,ai,specific,1
20200831,3,-0.0020056888082095694,104,ai,specific,1
20200831,4,-0.0035663853133096482,104,ai,specific,1
20200831,5,0.021888511688280324,104,ai,specific,1
20200930,1,-0.001078427685442294,103,ai,specific,1
20200930,2,0.0011697306711616455,103,ai,specific,1
20200930,3,0.005974664164838671,103,ai,specific,1
20200930,4,0.008945939436956948,103,ai,specific,1
20200930,5,0.019815846823443912,102,ai,specific,1
20201030,1,-0.012514865609690718,101,ai,specific,1
20201030,2,-0.0019995379056800466,101,ai,specific,1
20201030,3,-0.005634207618048875,100,ai,specific,1
20201030,4,0.011311932239643798,101,ai,specific,1
20201030,5,0.017445634692756184,100,ai,specific,1
20201130,1,-0.017388038000500965,100,ai,specific,1
20201130,2,-0.007608840392715193,99,ai,specific,1
20201130,3,0.00539530275005201,100,ai,specific,1
20201130,4,0.012058657478872652,99,ai,specific,1
20201130,5,-0.005648194931942835,99,ai,specific,1
20201231,1,-0.023887914169391372,105,ai,specific,1
20201231,2,0.003095103802608289,104,ai,specific,1
20201231,3,0.0038608188934705677,104,ai,specific,1
20201231,4,-0.00148659921988542,104,ai,specific,1
20201231,5,-0.0075166150609371225,104,ai,specific,1
20210129,1,-0.007661176136326633,104,ai,specific,1
20210129,2,-0.0073697092262778085,104,ai,specific,1
20210129,3,0.009719421109002317,104,ai,specific,1
20210129,4,0.010304675778857261,104,ai,specific,1
20210129,5,0.018909415588880478,103,ai,specific,1
20210226,1,-0.01304973686182141,103,ai,specific,1
20210226,2,0.005041492437950546,103,ai,specific,1
20210226,3,-0.0015856801745757797,102,ai,specific,1
20210226,4,0.0008052446596343781,103,ai,specific,1
20210226,5,0.017112777473369582,102,ai,specific,1
20210331,1,-0.02768266374659557,102,ai,specific,1
20210331,2,0.00024171260848475652,102,ai,specific,1
20210331,3,-0.001699475530112934,101,ai,specific,1
20210331,4,0.00518790379564931,102,ai,specific,1
20210331,5,0.008583583805411835,101,ai,specific,1
20210430,1,-0.010090534245142882,98,ai,specific,1
20210430,2,0.007422973398034601,98,ai,specific,1
20210430,3,-0.012806623378758937,98,ai,specific,1
20210430,4,0.004084289128563283,98,ai,specific,1
20210430,5,0.010680663373089028,97,ai,specific,1
20210531,1,-0.006531328684560544,103,ai,specific,1
20210531,2,0.0057640934863983665,103,ai,specific,1
20210531,3,-0.006785388085708618,102,ai,specific,1
20210531,4,0.005831381676462898,103,ai,specific,1
20210531,5,0.0067080103389284525,102,ai,specific,1
20210630,1,-0.012220741253764695,105,ai,specific,1
20210630,2,-0.007694325688006636,104,ai,specific,1
20210630,3,0.004863150418640811,104,ai,specific,1
20210630,4,0.008388925139208895,104,ai,specific,1
20210630,5,0.00797922143566891,104,ai,specific,1
20210730,1,-0.016553871718061722,103,ai,specific,1
20210730,2,0.002355435741514699,103,ai,specific,1
20210730,3,-0.008443978860667377,102,ai,specific,1
20210730,4,-0.00024760558729263,103,ai,specific,1
20210730,5,0.010365079710821911,102,ai,specific,1
20210831,1,-0.010629024425033476,107,ai,specific,1
20210831,2,0.0024743779978501097,106,ai,specific,1
20210831,3,0.009610244513025328,106,ai,specific,1
20210831,4,0.0057702737276301656,106,ai,specific,1
20210831,5,0.01449010650701991,106,ai,specific,1
20210930,1,-0.009354902706802575,101,ai,specific,1
20210930,2,-0.0038067063454857784,100,ai,specific,1
20210930,3,0.0030576777290383388,100,ai,specific,1
20210930,4,-0.002414028970170089,100,ai,specific,1
20210930,5,0.02220356215915983,100,ai,specific,1
20211029,1,-0.019514668904872415,101,ai,specific,1
20211029,2,-0.005308320238168124,101,ai,specific,1
20211029,3,0.005685336550000285,101,ai,specific,1
20211029,4,0.008835351938881571,101,ai,specific,1
20211029,5,0.017274588564321798,101,ai,specific,1
20211130,1,0.0034700830017683607,102,ai,specific,1
20211130,2,0.0017279718686111596,102,ai,specific,1
20211130,3,0.00483473882291316,102,ai,specific,1
20211130,4,7.240638431393961e-05,102,ai,specific,1
20211130,5,0.010542486398251505,102,ai,specific,1
20211231,1,-0.010822896305360727,102,ai,specific,1
20211231,2,0.002067736519710167,101,ai,specific,1
20211231,3,-0.004265028708080573,102,ai,specific,1
20211231,4,0.0041358632995893265,101,ai,specific,1
20211231,5,0.002394237041076435,101,ai,specific,1
20220131,1,-0.001263767389959482,102,ai,specific,1
20220131,2,-0.007223199924854998,101,ai,specific,1
20220131,3,-0.0007314715641850656,102,ai,specific,1
20220131,4,0.005972741478464918,101,ai,specific,1
20220131,5,0.015909513558283097,101,ai,specific,1
20220228,1,-0.00730945523435313,101,ai,specific,1
20220228,2,-0.010631748998297991,101,ai,specific,1
20220228,3,-0.003570301516682179,101,ai,specific,1
20220228,4,0.0029942393322392063,101,ai,specific,1
20220228,5,0.009217050515993348,100,ai,specific,1
20220331,1,-0.005673713535195168,102,ai,specific,1
20220331,2,-0.003127796551509089,102,ai,specific,1
20220331,3,0.016050902259253975,101,ai,specific,1
20220331,4,0.0013664430101768994,102,ai,specific,1
20220331,5,0.0144390318719606,101,ai,specific,1
20220429,1,-0.021835252335634783,102,ai,specific,1
20220429,2,0.005959372736317073,101,ai,specific,1
20220429,3,-0.00597082911503245,101,ai,specific,1
20220429,4,-0.010714297078310484,101,ai,specific,1
20220429,5,0.0004885308398896013,101,ai,specific,1
20220531,1,0.001440497098936711,105,ai,specific,1
20220531,2,-0.006552465835192741,105,ai,specific,1
20220531,3,-0.0052842259085801695,105,ai,specific,1
20220531,4,0.0014689401718866262,105,ai,specific,1
20220531,5,0.009688199409826148,105,ai,specific,1
20220630,1,-0.007812221488646206,101,ai,specific,1
20220630,2,-0.002668215902769053,100,ai,specific,1
20220630,3,-0.0061272532088291025,100,ai,specific,1
20220630,4,0.0036453299112722748,100,ai,specific,1
20220630,5,0.0045282466930731315,100,ai,specific,1
20220729,1,-0.0004985938726032677,104,ai,specific,1
20220729,2,-0.005644850848149484,104,ai,specific,1
20220729,3,0.00815316602057197,103,ai,specific,1
20220729,4,0.00881837512946229,104,ai,specific,1
20220729,5,0.016786456185310186,103,ai,specific,1
20220831,1,-0.01530436331776329,102,ai,specific,1
20220831,2,0.0005097213373172063,102,ai,specific,1
20220831,3,0.015491603188364931,102,ai,specific,1
20220831,4,0.0024053716432508804,102,ai,specific,1
20220831,5,0.01330601853957345,102,ai,specific,1
20220930,1,-0.0037731149924909164,104,ai,specific,1
20220930,2,0.006977559050878802,103,ai,specific,1
20220930,3,-0.0010527687045982295,103,ai,specific,1
20220930,4,-0.009575707318440709,103,ai,specific,1
20220930,5,0.007519914543189276,103,ai,specific,1
20221031,1,-0.018243122759658274,102,ai,specific,1
20221031,2,0.00026867190094605116,102,ai,specific,1
20221031,3,0.00016536537692989897,102,ai,specific,1
20221031,4,0.003612592333739784,102,ai,specific,1
20221031,5,0.02139168530885779,102,ai,specific,1
20221130,1,-0.00012912995975549642,103,ai,specific,1
20221130,2,0.007764121392173305,103,ai,specific,1
20221130,3,-0.011541119315908824,103,ai,specific,1
20221130,4,0.006861988929635832,103,ai,specific,1
20221130,5,0.012630031320936593,103,ai,specific,1
20221230,1,-0.0010282886016786453,104,ai,specific,1
20221230,2,-0.007368889044438506,104,ai,specific,1
20221230,3,-0.0011750533335676092,103,ai,specific,1
20221230,4,0.004710745157387678,104,ai,specific,1
20221230,5,0.017695823941796016,103,ai,specific,1
20230131,1,-0.002061067650865431,103,ai,specific,1
20230131,2,-0.0069614284840916005,102,ai,specific,1
20230131,3,-0.00990381143893749,102,ai,specific,1
20230131,4,0.0034642613678587146,102,ai,specific,1
20230131,5,0.0014776976239349864,102,ai,specific,1
20230228,1,-0.0007760013178275615,99,ai,specific,1
20230228,2,-0.006922786168683626,98,ai,specific,1
20230228,3,0.003944463071045684,99,ai,specific,1
20230228,4,0.013427185562009657,98,ai,specific,1
20230228,5,-0.007114151180324871,98,ai,specific,1
20230331,1,-0.01640136272326749,105,ai,specific,1
20230331,2,-0.0006728342667613497,104,ai,specific,1
20230331,3,-0.0076409059182862135,104,ai,specific,1
20230331,4,0.00909892543211654,104,ai,specific,1
20230331,5,0.022837061714979394,104,ai,specific,1
20230428,1,-0.0170832928076112,101,ai,specific,1
20230428,2,-0.007186488025911905,101,ai,specific,1
20230428,3,0.010849430781508903,101,ai,specific,1
20230428,4,0.0018384814342080205,101,ai,specific,1
20230428,5,0.012887335227781611,100,ai,specific,1
20230531,1,-0.006773972260809652,103,ai,specific,1
20230531,2,-0.004731418383515459,102,ai,specific,1
20230531,3,-0.005885083389742944,103,ai,specific,1
20230531,4,-0.0031721823681249775,102,ai,specific,1
20230531,5,0.01796420994512141,102,ai,specific,1
20230630,1,-0.0025673359438644384,101,ai,specific,1
20230630,2,-0.002053042946659251,101,ai,specific,1
20230630,3,-0.002684167844189499,101,ai,specific,1
20230630,4,0.017369548081961107,101,ai,specific,1
20230630,5,0.018931740010120202,101,ai,specific,1
20230731,1,-0.021815302990485032,100,ai,specific,1
20230731,2,0.008391175240651945,99,ai,specific,1
20230731,3,-0.0069773407043709655,100,ai,specific,1
20230731,4,-0.005597777602267388,99,ai,specific,1
20230731,5,0.010083352098846844,99,ai,specific,1
20230831,1,-0.010549855323067767,97,ai,specific,1
20230831,2,0.0012065679564994354,97,ai,specific,1
20230831,3,0.0024996387053827095,96,ai,specific,1
20230831,4,0.0074770218880135545,97,ai,specific,1
20230831,5,0.010871262554228892,96,ai,specific,1
20230929,1,-0.003075615476420876,102,ai,specific,1
20230929,2,-0.006756118932868904,102,ai,specific,1
20230929,3,-0.0029465330712387574,102,ai,specific,1
20230929,4,0.007485046290376102,102,ai,specific,1
20230929,5,0.010500583540702242,101,ai,specific,1
20231031,1,-0.012552177692159498,103,ai,specific,1
20231031,2,0.0056629396726386024,102,ai,specific,1
20231031,3,5.542625367829586e-05,103,ai,specific,1
20231031,4,-0.011908718522208761,102,ai,specific,1
20231031,5,0.013185772068926424,102,ai,specific,1
20231130,1,-0.006213162344553677,107,ai,specific,1
20231130,2,-0.005126322588062508,107,ai,specific,1
20231130,3,0.007731504703443909,106,ai,specific,1
20231130,4,-0.0009301006566903078,107,ai,specific,1
20231130,5,0.0005769462355874935,106,ai,specific,1
20231229,1,-0.012047655930749456,98,ai,specific,1
20231229,2,-0.00981656468931468,97,ai,specific,1
20231229,3,0.008083670493881832,98,ai,specific,1
20231229,4,0.0009562062468701075,97,ai,specific,1
20231229,5,0.022769477250854677,97,ai,specific,1
20240131,1,-0.025844655670726698,102,ai,specific,1
20240131,2,-0.001393489469845141,101,ai,specific,1
20240131,3,0.008017917833348093,101,ai,specific,1
20240131,4,0.002988793448416336,101,ai,specific,1
20240131,5,0.007226422914291059,101,ai,specific,1
20240229,1,0.007858974481894467,102,ai,specific,1
20240229,2,0.003481308195386745,102,ai,specific,1
20240229,3,0.01272705233723823,102,ai,specific,1
20240229,4,0.004673348539247055,102,ai,specific,1
20240229,5,0.01299723519391792,102,ai,specific,1
20240329,1,-0.008816916904734686,101,ai,specific,1
20240329,2,-0.0091043721610992,100,ai,specific,1
20240329,3,-0.004912290874325838,100,ai,specific,1
20240329,4,0.016210534104969268,100,ai,specific,1
20240329,5,0.019831526179188323,100,ai,specific,1
20240430,1,-0.010938935165233418,101,ai,specific,1
20240430,2,0.004003566112242267,101,ai,specific,1
20240430,3,0.004834994919842141,101,ai,specific,1
20240430,4,0.006760946588317825,101,ai,specific,1
20240430,5,0.012105572583009818,101,ai,specific,1
20240531,1,0.002174615774222875,102,ai,specific,1
20240531,2,-0.0039907338240617535,101,ai,specific,1
20240531,3,-0.0014834016240847308,101,ai,specific,1
20240531,4,0.0038386270868534496,101,ai,specific,1
20240531,5,0.01163580532091335,101,ai,specific,1
20240628,1,-0.008122746087379236,100,ai,specific,1
20240628,2,0.0009654812170111244,100,ai,specific,1
20240628,3,-0.0051429110964975565,100,ai,specific,1
20240628,4,0.0033354714534984987,100,ai,specific,1
20240628,5,0.005514400836630314,99,ai,specific,1
20240731,1,0.001126772179217707,104,ai,specific,1
20240731,2,0.0006393746358158154,104,ai,specific,1
20240731,3,-0.00942229374003892,104,ai,specific,1
20240731,4,-0.002084740421617485,104,ai,specific,1
20240731,5,0.01634837256869779,104,ai,specific,1
20240830,1,-0.017623791835200617,102,ai,specific,1
20240830,2,-0.004802956801328405,102,ai,specific,1
20240830,3,-0.001219920321649382,102,ai,specific,1
20240830,4,-0.0017484923579979786,102,ai,specific,1
20240830,5,0.003287712809221979,102,ai,specific,1
20240930,1,0.0021002085208204216,101,ai,specific,1
20240930,2,-0.01055823975386604,101,ai,specific,1
20240930,3,0.0008941448642162611,100,ai,specific,1
20240930,4,0.0010987768944291584,101,ai,specific,1
20240930,5,0.013461966346486508,100,ai,specific,1
20241031,1,-0.009932154908356885,102,ai,specific,1
20241031,2,-0.00412209772356197,102,ai,specific,1
20241031,3,-0.007719161935323191,101,ai,specific,1
20241031,4,0.003072751610686446,102,ai,specific,1
20241031,5,0.005210046608133157,101,ai,specific,1
20241129,1,-0.004838464921232208,102,ai,specific,1
20241129,2,-0.0010286279556632049,102,ai,specific,1
20241129,3,-0.00896373125519711,102,ai,specific,1
20241129,4,0.0012563061532313213,102,ai,specific,1
20241129,5,-0.0019195047827586201,101,ai,specific,1
20241231,1,-0.011181200271943591,101,ai,specific,1
20241231,2,-0.006041617738062452,100,ai,specific,1
20241231,3,-0.0032832439793772667,100,ai,specific,1
20241231,4,0.0031832276057213314,100,ai,specific,1
20241231,5,0.019627504707288527,100,ai,specific,1
20250131,1,0.006655419582586336,105,ai,specific,1
20250131,2,0.0016052498359931363,105,ai,specific,1
20250131,3,0.005471984884552054,105,ai,specific,1
20250131,4,0.022014369196174617,105,ai,specific,1
20250131,5,-0.0015410801163119575,105,ai,specific,1
20250228,1,0.002768787322857142,100,ai,specific,1
20250228,2,-0.009576627184068183,99,ai,specific,1
20250228,3,-0.004255364191357742,99,ai,specific,1
20250228,4,0.010434504429419227,99,ai,specific,1
20250228,5,0.011484607942035428,99,ai,specific,1
20250331,1,-0.011015783520305807,100,ai,specific,1
20250331,2,4.879785263462694e-05,100,ai,specific,1
20250331,3,0.011058710183431781,100,ai,specific,1
20250331,4,0.0011883245702625045,100,ai,specific,1
20250331,5,0.01088718569470319,99,ai,specific,1
20250430,1,-0.0030407261922383946,103,ai,specific,1
20250430,2,-0.016929975280129513,102,ai,specific,1
20250430,3,-0.0023990187649777,103,ai,specific,1
20250430,4,0.005402105601585961,102,ai,specific,1
20250430,5,-0.004478919905427141,102,ai,specific,1
20250530,1,-0.0074783591081382505,103,ai,specific,1
20250530,2,0.0003403519085218354,102,ai,specific,1
20250530,3,0.0005337109707552945,102,ai,specific,1
20250530,4,0.009110801103922412,102,ai,specific,1
20250530,5,0.02078915079132921,102,ai,specific,1
20250630,1,0.0013064278274884933,101,ai,specific,1
20250630,2,-0.004991053601577988,101,ai,specific,1
20250630,3,-0.00562525279829402,101,ai,specific,1
20250630,4,0.00813811845385051,101,ai,specific,1
20250630,5,0.004165030235391345,101,ai,specific,1
20250731,1,-0.014789299072528225,102,ai,specific,1
20250731,2,0.00016380284727984752,102,ai,specific,1
20250731,3,0.004996928523028444,102,ai,specific,1
20250731,4,-0.00859878579071346,102,ai,specific,1
20250731,5,0.02229532435789295,101,ai,specific,1
20250829,1,-0.004916992137395205,106,ai,specific,1
20250829,2,0.002748539231471886,105,ai,specific,1
20250829,3,0.006775264349060357,105,ai,specific,1
20250829,4,0.003199650720522228,105,ai,specific,1
20250829,5,0.009826092351295362,105,ai,specific,1
20250930,1,-0.008550527618603672,103,ai,specific,1
20250930,2,0.0007385885279699722,102,ai,specific,1
20250930,3,0.008004857029117287,103,ai,specific,1
20250930,4,-0.0033393075753419365,102,ai,specific,1
20250930,5,0.011513515692289882,102,ai,specific,1
20251031,1,0.003599826122218241,105,ai,specific,1
20251031,2,-0.014239246817981416,104,ai,specific,1
20251031,3,0.00935163495245663,104,ai,specific,1
20251031,4,0.0026021025250541393,104,ai,specific,1
20251031,5,0.002589716939082801,104,ai,specific,1
20251128,1,-0.014057512004379201,101,ai,specific,1
20251128,2,-0.01591329551045489,101,ai,specific,1
20251128,3,-0.007417880526177908,101,ai,specific,1
20251128,4,4.253210869323219e-05,101,ai,specific,1
20251128,5,0.002057994991883243,101,ai,specific,1
20251231,1,-0.015432129532815229,102,ai,specific,1
20251231,2,-0.0049471257005809875,101,ai,specific,1
20251231,3,0.002092804829999612,102,ai,specific,1
20251231,4,0.010612851676739714,101,ai,specific,1
20251231,5,0.008313353604641268,101,ai,specific,1
20260130,1,-0.007067312654526994,103,ai,specific,1
20260130,2,-0.007538764378945168,103,ai,specific,1
20260130,3,-0.01689760097960024,103,ai,specific,1
20260130,4,-0.001535401406069259,103,ai,specific,1
20260130,5,0.007153602711881811,103,ai,specific,1
20260227,1,-0.012452022282490281,104,ai,specific,1
20260227,2,-0.0012198132023340858,104,ai,specific,1
20260227,3,-0.010623242938217075,104,ai,specific,1
20260227,4,0.007760623059262057,104,ai,specific,1
20260227,5,0.014776294122153264,104,ai,specific,1
20260331,1,-0.016200801464540424,102,ai,specific,1
20260331,2,-0.005244306075792793,102,ai,specific,1
20260331,3,-0.003264114254861661,102,ai,specific,1
20260331,4,0.0012257940792313837,102,ai,specific,1
20260331,5,0.007418809781992842,102,ai,specific,1
20260430,1,-0.0083555107057151,101,ai,specific,1
20260430,2,-0.006655499753946081,101,ai,specific,1
20260430,3,0.0020664225396059706,101,ai,specific,1
20260430,4,-0.002969408412528901,101,ai,specific,1
20260430,5,0.010412134959861308,101,ai,specific,1
20260529,1,-0.0049631546026932824,101,ai,specific,1
20260529,2,-0.0035978086020109446,100,ai,specific,1
20260529,3,0.004566027052921342,100,ai,specific,1
20260529,4,0.008101588525744854,100,ai,specific,1
20260529,5,0.003185559331321768,100,ai,specific,1
20260630,1,-0.007630955325308365,102,ai,specific,1
20260630,2,0.00885608956961871,101,ai,specific,1
20260630,3,0.008132100991321393,101,ai,specific,1
20260630,4,0.0011930085864186736,101,ai,specific,1
20260630,5,0.011404458768920196,101,ai,specific,1
20190329,1,-0.020303196334013805,105,ai,specific,3
20190329,2,-0.01396609501897314,105,ai,specific,3
20190329,3,0.027375463671622517,104,ai,specific,3
20190329,4,0.01219736166056999,105,ai,specific,3
20190329,5,0.021224635585652237,104,ai,specific,3
20190430,1,-0.013194316041510702,101,ai,specific,3
20190430,2,-0.000742845561949417,100,ai,specific,3
20190430,3,-0.009766999464738562,101,ai,specific,3
20190430,4,-0.0021115678333485945,100,ai,specific,3
20190430,5,0.030823246530178407,100,ai,specific,3
20190531,1,-0.03885194547092985,101,ai,specific,3
20190531,2,-0.016222533439917083,101,ai,specific,3
20190531,3,-0.0011069056623506976,100,ai,specific,3
20190531,4,0.0052992765709774375,101,ai,specific,3
20190531,5,0.010893477865958578,100,ai,specific,3
20190628,1,-0.02729643431574849,100,ai,specific,3
20190628,2,-0.022654347098569276,99,ai,specific,3
20190628,3,0.00899612584764931,100,ai,specific,3
20190628,4,0.011357639198252712,99,ai,specific,3
20190628,5,-0.00013461601634513792,99,ai,specific,3
20190731,1,-0.019652003057766883,104,ai,specific,3
20190731,2,0.009341173763146426,104,ai,specific,3
20190731,3,0.006655856468212337,104,ai,specific,3
20190731,4,0.009639800277702506,104,ai,specific,3
20190731,5,0.002736681563368564,103,ai,specific,3
20190830,1,0.004234540643370011,103,ai,specific,3
20190830,2,-0.03612529545924591,103,ai,specific,3
20190830,3,0.020008865632563762,102,ai,specific,3
20190830,4,0.006192344919722721,103,ai,specific,3
20190830,5,0.03040884708831844,102,ai,specific,3
20190930,1,-0.0072399237195328965,99,ai,specific,3
20190930,2,-0.034071912128596844,99,ai,specific,3
20190930,3,0.019024210844195623,98,ai,specific,3
20190930,4,0.014524595932390992,99,ai,specific,3
20190930,5,0.03445055393316062,98,ai,specific,3
20191031,1,-0.01963949806907139,104,ai,specific,3
20191031,2,-0.023200514012865787,104,ai,specific,3
20191031,3,0.02799380801066189,104,ai,specific,3
20191031,4,0.019212809091721735,104,ai,specific,3
20191031,5,0.02867656029321028,103,ai,specific,3
20191129,1,-0.0181993703000181,105,ai,specific,3
20191129,2,-0.009794957191647446,105,ai,specific,3
20191129,3,0.004890235865037227,104,ai,specific,3
20191129,4,0.0071904287176904535,105,ai,specific,3
20191129,5,0.008030844758773626,104,ai,specific,3
20191231,1,-0.012240412794155548,102,ai,specific,3
20191231,2,-0.001317211898101984,101,ai,specific,3
20191231,3,-0.003734679059601581,101,ai,specific,3
20191231,4,0.013411650043453235,101,ai,specific,3
20191231,5,-0.008027871739097086,101,ai,specific,3
20200131,1,-0.024708559999194007,102,ai,specific,3
20200131,2,0.010449722645851643,101,ai,specific,3
20200131,3,-0.016754224888508324,102,ai,specific,3
20200131,4,-0.021141543520390577,101,ai,specific,3
20200131,5,0.034817978127015155,101,ai,specific,3
20200228,1,-0.012099428555517263,103,ai,specific,3
20200228,2,-0.007739200841301811,102,ai,specific,3
20200228,3,-0.0017558984189057659,102,ai,specific,3
20200228,4,0.005985266779411392,102,ai,specific,3
20200228,5,0.010539037304977756,102,ai,specific,3
20200331,1,-0.014483753300826147,105,ai,specific,3
20200331,2,0.0042509510693779255,104,ai,specific,3
20200331,3,-0.0206722324933212,104,ai,specific,3
20200331,4,0.02377626709082139,104,ai,specific,3
20200331,5,0.006472959424977941,104,ai,specific,3
20200430,1,-0.04403751398072482,104,ai,specific,3
20200430,2,0.004689203350033962,104,ai,specific,3
20200430,3,-0.009441245174783102,103,ai,specific,3
20200430,4,-0.0005390023423077278,104,ai,specific,3
20200430,5,0.014915933493397279,103,ai,specific,3
20200529,1,-0.02452284922746951,101,ai,specific,3
20200529,2,-0.0014016278128520677,100,ai,specific,3
20200529,3,-0.006394811704948315,101,ai,specific,3
20200529,4,0.00476279101868693,100,ai,specific,3
20200529,5,0.012972239653948177,100,ai,specific,3
20200630,1,-0.04040534861135058,100,ai,specific,3
20200630,2,-0.0019040447879639611,100,ai,specific,3
20200630,3,0.0027358289796851013,100,ai,specific,3
20200630,4,0.02150494652317513,100,ai,specific,3
20200630,5,0.017338440477556633,100,ai,specific,3
20200731,1,-0.018875163169748875,103,ai,specific,3
20200731,2,-0.009330510739714736,103,ai,specific,3
20200731,3,0.008543998979448068,103,ai,specific,3
20200731,4,0.03357811595501548,103,ai,specific,3
20200731,5,0.027502253458599937,103,ai,specific,3
20200831,1,-0.01407968853698238,104,ai,specific,3
20200831,2,-0.02580927375153467,104,ai,specific,3
20200831,3,0.0033250765957516296,104,ai,specific,3
20200831,4,0.019491262049672713,104,ai,specific,3
20200831,5,0.038009870654275225,104,ai,specific,3
20200930,1,-0.018449103078149072,103,ai,specific,3
20200930,2,-0.01609160643425306,103,ai,specific,3
20200930,3,0.01007425906040468,103,ai,specific,3
20200930,4,0.04209459780640177,103,ai,specific,3
20200930,5,0.016679389942703318,102,ai,specific,3
20201030,1,-0.039666752462241175,101,ai,specific,3
20201030,2,-0.009916209535398419,101,ai,specific,3
20201030,3,-0.0008832113760249247,100,ai,specific,3
20201030,4,0.01531337430680959,101,ai,specific,3
20201030,5,0.005633623388571896,100,ai,specific,3
20201130,1,-0.03546888140721885,100,ai,specific,3
20201130,2,-0.015841439902511495,99,ai,specific,3
20201130,3,-0.007646526399407624,100,ai,specific,3
20201130,4,0.030333467860038155,99,ai,specific,3
20201130,5,-0.006572303750784812,99,ai,specific,3
20201231,1,-0.035226163223286866,105,ai,specific,3
20201231,2,-0.01116702097271921,104,ai,specific,3
20201231,3,0.010418760064583912,104,ai,specific,3
20201231,4,0.006297732323747107,104,ai,specific,3
20201231,5,0.019101116803900732,104,ai,specific,3
20210129,1,-0.013107649735333873,104,ai,specific,3
20210129,2,-0.02247090146022943,104,ai,specific,3
20210129,3,0.0002833461715543777,104,ai,specific,3
20210129,4,0.027340357849660876,104,ai,specific,3
20210129,5,0.030699460799547596,103,ai,specific,3
20210226,1,-0.03675097341525883,103,ai,specific,3
20210226,2,-0.0020557068941241797,103,ai,specific,3
20210226,3,-0.0018822699275327422,102,ai,specific,3
20210226,4,0.016094875468827426,103,ai,specific,3
20210226,5,0.029215180279448427,102,ai,specific,3
20210331,1,-0.04099792961453737,102,ai,specific,3
20210331,2,-0.011177145656296246,102,ai,specific,3
20210331,3,0.011892303645526726,101,ai,specific,3
20210331,4,0.007360498368789564,102,ai,specific,3
20210331,5,0.015755507825966884,101,ai,specific,3
20210430,1,-0.02554792332116605,98,ai,specific,3
20210430,2,0.006731142227910044,98,ai,specific,3
20210430,3,-0.00557869080012597,98,ai,specific,3
20210430,4,0.014976533100531706,98,ai,specific,3
20210430,5,0.02176320876857206,97,ai,specific,3
20210531,1,-0.030167561906303427,103,ai,specific,3
20210531,2,-0.006007693463162714,103,ai,specific,3
20210531,3,-0.009425167312926658,102,ai,specific,3
20210531,4,0.021635992656637626,103,ai,specific,3
20210531,5,0.026607651038778796,102,ai,specific,3
20210630,1,-0.024929619814824673,105,ai,specific,3
20210630,2,-0.013202255353755134,104,ai,specific,3
20210630,3,-0.0025897079260908283,104,ai,specific,3
20210630,4,0.0028829811706758014,104,ai,specific,3
20210630,5,0.03676504781895932,104,ai,specific,3
20210730,1,-0.0168816052007677,103,ai,specific,3
20210730,2,0.00648079694116841,103,ai,specific,3
20210730,3,-0.0020607837230443462,102,ai,specific,3
20210730,4,0.00613516880167874,103,ai,specific,3
20210730,5,0.030701014115606943,102,ai,specific,3
20210831,1,-0.016998443706324338,107,ai,specific,3
20210831,2,0.005737613631217668,106,ai,specific,3
20210831,3,0.0059307712342366635,106,ai,specific,3
20210831,4,0.008664086641754772,106,ai,specific,3
20210831,5,0.04096939318252164,106,ai,specific,3
20210930,1,-0.015920078082305413,101,ai,specific,3
20210930,2,0.004140146040104919,100,ai,specific,3
20210930,3,0.013810684664658401,100,ai,specific,3
20210930,4,-0.0016980383089153467,100,ai,specific,3
20210930,5,0.033184400365310826,100,ai,specific,3
20211029,1,-0.030149448225006058,101,ai,specific,3
20211029,2,-0.015832060873711716,101,ai,specific,3
20211029,3,0.02568401288352954,101,ai,specific,3
20211029,4,0.0019482015804732468,101,ai,specific,3
20211029,5,0.013846882912566333,101,ai,specific,3
20211130,1,-0.01056532160013283,102,ai,specific,3
20211130,2,-0.0003742603355757256,102,ai,specific,3
20211130,3,0.00751729847957097,102,ai,specific,3
20211130,4,-0.003972658098071888,102,ai,specific,3
20211130,5,0.022368876747095673,102,ai,specific,3
20211231,1,-0.033621341300452835,102,ai,specific,3
20211231,2,-0.0008063141014062902,101,ai,specific,3
20211231,3,0.0008695397036716613,102,ai,specific,3
20211231,4,-0.008300615691629874,101,ai,specific,3
20211231,5,0.01798083446513442,101,ai,specific,3
20220131,1,-0.01819559674535056,102,ai,specific,3
20220131,2,-0.0032588987261017695,101,ai,specific,3
20220131,3,-0.0010006120671959152,102,ai,specific,3
20220131,4,0.022139843287454625,101,ai,specific,3
20220131,5,0.024022905624221155,101,ai,specific,3
20220228,1,-0.015531003364430357,101,ai,specific,3
20220228,2,-0.018651949026972096,101,ai,specific,3
20220228,3,-0.020176900004693726,101,ai,specific,3
20220228,4,0.016241916287675608,101,ai,specific,3
20220228,5,0.02032044482494404,100,ai,specific,3
20220331,1,-0.024893312393641925,102,ai,specific,3
20220331,2,-0.00710268440703965,102,ai,specific,3
20220331,3,-0.00037953088405514896,101,ai,specific,3
20220331,4,-0.016391708040932807,102,ai,specific,3
20220331,5,0.03461616675897864,101,ai,specific,3
20220429,1,-0.04615288273026843,102,ai,specific,3
20220429,2,-0.005987618129177191,101,ai,specific,3
20220429,3,0.00484929110002272,101,ai,specific,3
20220429,4,-0.006793399483465188,101,ai,specific,3
20220429,5,0.008391337004567833,101,ai,specific,3
20220531,1,-0.000798025124484701,105,ai,specific,3
20220531,2,-0.00795283544336545,105,ai,specific,3
20220531,3,7.800612953644709e-05,105,ai,specific,3
20220531,4,0.004134069039487596,105,ai,specific,3
20220531,5,0.027162498968420754,105,ai,specific,3
20220630,1,-0.0023423375274609394,101,ai,specific,3
20220630,2,0.00590175310095418,100,ai,specific,3
20220630,3,0.004124244855189362,100,ai,specific,3
20220630,4,0.0028818188394518123,100,ai,specific,3
20220630,5,0.023948037755597666,100,ai,specific,3
20220729,1,-0.02033497498868146,104,ai,specific,3
20220729,2,-0.00509755818742771,104,ai,specific,3
20220729,3,0.012108324406227616,103,ai,specific,3
20220729,4,0.005585808753691698,104,ai,specific,3
20220729,5,0.033625634341382056,103,ai,specific,3
20220831,1,-0.016457386731697835,102,ai,specific,3
20220831,2,-0.009686435754378612,102,ai,specific,3
20220831,3,0.02356586671440084,102,ai,specific,3
20220831,4,0.012891046911183349,102,ai,specific,3
20220831,5,0.026276438192375445,102,ai,specific,3
20220930,1,-0.0046455237126564455,104,ai,specific,3
20220930,2,0.003961221814440398,103,ai,specific,3
20220930,3,-0.00977115085339035,103,ai,specific,3
20220930,4,0.004913852711254342,103,ai,specific,3
20220930,5,0.026978222162812666,103,ai,specific,3
20221031,1,-0.020282390658938033,102,ai,specific,3
20221031,2,-0.0012117525616003229,102,ai,specific,3
20221031,3,-0.004528395297477079,102,ai,specific,3
20221031,4,0.02246976711214385,102,ai,specific,3
20221031,5,0.03585769505168547,102,ai,specific,3
20221130,1,-0.009863041480507288,103,ai,specific,3
20221130,2,-0.0038866271080893874,103,ai,specific,3
20221130,3,-0.004335528448195297,103,ai,specific,3
20221130,4,0.015512310479678486,103,ai,specific,3
20221130,5,0.01727860048815208,103,ai,specific,3
20221230,1,-0.00846737915381032,104,ai,specific,3
20221230,2,-0.009561320101379627,104,ai,specific,3
20221230,3,0.002927159509162846,103,ai,specific,3
20221230,4,0.003965852334449232,104,ai,specific,3
20221230,5,0.01870239467630148,103,ai,specific,3
20230131,1,-0.0076196938687685374,103,ai,specific,3
20230131,2,-0.021516346820052122,102,ai,specific,3
20230131,3,0.0016885344171263695,102,ai,specific,3
20230131,4,-0.005312009945697941,102,ai,specific,3
20230131,5,0.009015900868545567,102,ai,specific,3
20230228,1,-0.0019816329249541134,99,ai,specific,3
20230228,2,-0.027556137151197292,98,ai,specific,3
20230228,3,0.0014858418880694436,99,ai,specific,3
20230228,4,0.013929621657913657,98,ai,specific,3
20230228,5,0.003157420665214009,98,ai,specific,3
20230331,1,-0.018658317442490174,105,ai,specific,3
20230331,2,-0.0021509636437251627,104,ai,specific,3
20230331,3,-0.013915931803254141,104,ai,specific,3
20230331,4,0.0006618443413750157,104,ai,specific,3
20230331,5,0.02576798850176515,104,ai,specific,3
20230428,1,-0.013750482118095219,101,ai,specific,3
20230428,2,-0.009300277911790155,101,ai,specific,3
20230428,3,0.014358228752174315,101,ai,specific,3
20230428,4,0.002327434997352226,101,ai,specific,3
20230428,5,0.04392290071573778,100,ai,specific,3
20230531,1,-0.03031235350937457,103,ai,specific,3
20230531,2,-0.013744231693688796,102,ai,specific,3
20230531,3,0.014475489112631825,103,ai,specific,3
20230531,4,0.008400564181769477,102,ai,specific,3
20230531,5,0.021752601925439808,102,ai,specific,3
20230630,1,-0.03051355572219404,101,ai,specific,3
20230630,2,0.00033740409804098556,101,ai,specific,3
20230630,3,-0.012575463113851729,101,ai,specific,3
20230630,4,0.032955141237630006,101,ai,specific,3
20230630,5,0.03182673069730461,101,ai,specific,3
20230731,1,-0.04295564835130149,100,ai,specific,3
20230731,2,0.007042530537847715,99,ai,specific,3
20230731,3,-0.000385142632536295,100,ai,specific,3
20230731,4,0.007115977549659603,99,ai,specific,3
20230731,5,0.016273924338463044,99,ai,specific,3
20230831,1,-0.023646975774221386,97,ai,specific,3
20230831,2,-0.0033012883899228057,97,ai,specific,3
20230831,3,-0.008652291131815494,96,ai,specific,3
20230831,4,0.002371050748116389,97,ai,specific,3
20230831,5,0.030357395221256783,96,ai,specific,3
20230929,1,-0.024459063518542774,102,ai,specific,3
20230929,2,-0.004175530628576951,102,ai,specific,3
20230929,3,-0.008184577886693033,102,ai,specific,3
20230929,4,0.0076210993067343065,102,ai,specific,3
20230929,5,0.017379478098123825,101,ai,specific,3
20231031,1,-0.03326791252968515,103,ai,specific,3
20231031,2,-0.009619097717989942,102,ai,specific,3
20231031,3,0.0008594092511659977,103,ai,specific,3
20231031,4,-0.01570703483454603,102,ai,specific,3
20231031,5,0.03912592872658424,102,ai,specific,3
20231130,1,-0.038071450904372535,107,ai,specific,3
20231130,2,-0.009377804642315649,107,ai,specific,3
20231130,3,0.018027216789628885,106,ai,specific,3
20231130,4,0.01746965117353887,107,ai,specific,3
20231130,5,0.00802505608814523,106,ai,specific,3
20231229,1,-0.024503662486539814,98,ai,specific,3
20231229,2,-0.013413820729007455,97,ai,specific,3
20231229,3,0.025623466952858706,98,ai,specific,3
20231229,4,0.004883288791585304,97,ai,specific,3
20231229,5,0.03211993967269965,97,ai,specific,3
20240131,1,-0.023781948026201847,102,ai,specific,3
20240131,2,0.005073422407623105,101,ai,specific,3
20240131,3,0.01475294517984561,101,ai,specific,3
20240131,4,0.014154721108208385,101,ai,specific,3
20240131,5,0.024118705332142245,101,ai,specific,3
20240229,1,0.005328315139057516,102,ai,specific,3
20240229,2,-0.006369539728564695,102,ai,specific,3
20240229,3,0.021827664305343202,102,ai,specific,3
20240229,4,0.009662788168276395,102,ai,specific,3
20240229,5,0.040774634968299105,102,ai,specific,3
20240329,1,-0.016330441948451683,101,ai,specific,3
20240329,2,-0.005590979711499358,100,ai,specific,3
20240329,3,0.0008192545741215819,100,ai,specific,3
20240329,4,0.023652940536559985,100,ai,specific,3
20240329,5,0.030587184908501083,100,ai,specific,3
20240430,1,-0.010429118813133511,101,ai,specific,3
20240430,2,-0.011555573045645421,101,ai,specific,3
20240430,3,0.004565757368512866,101,ai,specific,3
20240430,4,0.02538746597906994,101,ai,specific,3
20240430,5,0.016321970274157858,101,ai,specific,3
20240531,1,-0.03252926100139933,102,ai,specific,3
20240531,2,-0.007776821421720601,101,ai,specific,3
20240531,3,0.018690231742673313,101,ai,specific,3
20240531,4,0.010596977231308787,101,ai,specific,3
20240531,5,0.029312760485231515,101,ai,specific,3
20240628,1,-0.03142527746509707,100,ai,specific,3
20240628,2,0.0030133515904389773,100,ai,specific,3
20240628,3,-0.012756528137605323,100,ai,specific,3
20240628,4,0.022791653048605993,100,ai,specific,3
20240628,5,0.014898459371894763,99,ai,specific,3
20240731,1,-0.013916665697580481,104,ai,specific,3
20240731,2,0.0019015700478782769,104,ai,specific,3
20240731,3,-0.01115391104634378,104,ai,specific,3
20240731,4,0.006925083844784792,104,ai,specific,3
20240731,5,0.027499794028780684,104,ai,specific,3
20240830,1,-0.033978118469157825,102,ai,specific,3
20240830,2,-0.0007630321189660039,102,ai,specific,3
20240830,3,0.011365147780496044,102,ai,specific,3
20240830,4,-0.0039059257843031122,102,ai,specific,3
20240830,5,0.005579081560402415,102,ai,specific,3
20240930,1,-0.007356566335560947,101,ai,specific,3
20240930,2,-0.019612620361719218,101,ai,specific,3
20240930,3,0.002638454578331606,100,ai,specific,3
20240930,4,0.017397985664761858,101,ai,specific,3
20240930,5,0.021234864214097683,100,ai,specific,3
20241031,1,-0.006398008769541783,102,ai,specific,3
20241031,2,-0.011058295033433266,102,ai,specific,3
20241031,3,-0.01582030554880758,101,ai,specific,3
20241031,4,0.021043257888489524,102,ai,specific,3
20241031,5,0.02229646276179448,101,ai,specific,3
20241129,1,0.013621406778774318,102,ai,specific,3
20241129,2,0.001248475981330257,102,ai,specific,3
20241129,3,-0.01227019208381909,102,ai,specific,3
20241129,4,0.008343593541057256,102,ai,specific,3
20241129,5,0.018794137602941182,101,ai,specific,3
20241231,1,-0.00878931884426934,101,ai,specific,3
20241231,2,0.010383227483140751,100,ai,specific,3
20241231,3,-0.001153879659887635,100,ai,specific,3
20241231,4,0.015474951462392668,100,ai,specific,3
20241231,5,0.03511318432520082,100,ai,specific,3
20250131,1,0.016642245343572545,105,ai,specific,3
20250131,2,0.007606868530410101,105,ai,specific,3
20250131,3,0.00613843964556231,105,ai,specific,3
20250131,4,0.032505264517562096,105,ai,specific,3
20250131,5,0.01592078684946972,105,ai,specific,3
20250228,1,0.003702565997249654,100,ai,specific,3
20250228,2,-0.008587010038223054,99,ai,specific,3
20250228,3,-0.0018696875184220055,99,ai,specific,3
20250228,4,0.019223411036665763,99,ai,specific,3
20250228,5,0.01670993502259283,99,ai,specific,3
20250331,1,-0.02731692621689581,100,ai,specific,3
20250331,2,0.001875445892923873,100,ai,specific,3
20250331,3,0.01981659704356442,100,ai,specific,3
20250331,4,0.010392933563005875,100,ai,specific,3
20250331,5,0.004996767950149121,99,ai,specific,3
20250430,1,-0.019071896590445718,103,ai,specific,3
20250430,2,-0.01606094300285085,102,ai,specific,3
20250430,3,0.009947990598021142,103,ai,specific,3
20250430,4,0.013351738679540042,102,ai,specific,3
20250430,5,-0.0038074848524111246,102,ai,specific,3
20250530,1,-0.013435186664971347,103,ai,specific,3
20250530,2,-0.00756712571140225,102,ai,specific,3
20250530,3,0.005518827337320269,102,ai,specific,3
20250530,4,0.017398921258707453,102,ai,specific,3
20250530,5,0.03015781181812606,102,ai,specific,3
20250630,1,-0.009415601842785743,101,ai,specific,3
20250630,2,0.008852823592440023,101,ai,specific,3
20250630,3,0.004541314471998096,101,ai,specific,3
20250630,4,0.016221656515132618,101,ai,specific,3
20250630,5,0.017141157678811466,101,ai,specific,3
20250731,1,-0.005210562182661839,102,ai,specific,3
20250731,2,-0.002965609050199875,102,ai,specific,3
20250731,3,0.009862418652452264,102,ai,specific,3
20250731,4,-0.0041121950144037455,102,ai,specific,3
20250731,5,0.020886040770816783,101,ai,specific,3
20250829,1,-0.012833500935556118,106,ai,specific,3
20250829,2,0.004242929669244923,105,ai,specific,3
20250829,3,-0.00779575482135504,105,ai,specific,3
20250829,4,-0.0020445629449230424,105,ai,specific,3
20250829,5,0.02764247882202109,105,ai,specific,3
20250930,1,-0.012008068887640168,103,ai,specific,3
20250930,2,-0.03315436991708179,102,ai,specific,3
20250930,3,8.261859661629067e-05,103,ai,specific,3
20250930,4,-0.006631745429955313,102,ai,specific,3
20250930,5,0.024662896058844485,102,ai,specific,3
20251031,1,-0.012016484716253504,105,ai,specific,3
20251031,2,-0.0313427751913508,104,ai,specific,3
20251031,3,-0.0074554821647912625,104,ai,specific,3
20251031,4,0.016945976846474295,104,ai,specific,3
20251031,5,0.025625331099560167,104,ai,specific,3
20251128,1,-0.039892858417261534,101,ai,specific,3
20251128,2,-0.026930049312717388,101,ai,specific,3
20251128,3,0.00703775869713199,101,ai,specific,3
20251128,4,-0.004910892709559924,101,ai,specific,3
20251128,5,0.008824821897586451,101,ai,specific,3
20251231,1,-0.02293773986648345,102,ai,specific,3
20251231,2,-0.012772138238216754,101,ai,specific,3
20251231,3,-0.009519611416537567,102,ai,specific,3
20251231,4,0.013642876429276769,101,ai,specific,3
20251231,5,0.013767697008639375,101,ai,specific,3
20260130,1,-0.04186414059082466,103,ai,specific,3
20260130,2,-0.010683784488546963,103,ai,specific,3
20260130,3,-0.012010907573609026,103,ai,specific,3
20260130,4,0.0013841448704258678,103,ai,specific,3
20260130,5,0.00879150695923852,103,ai,specific,3
20260227,1,-0.02757961896760504,104,ai,specific,3
20260227,2,0.0038944276910810654,104,ai,specific,3
20260227,3,-0.01749643239238398,104,ai,specific,3
20260227,4,0.006043023096728644,104,ai,specific,3
20260227,5,0.030518526536717678,104,ai,specific,3
20260331,1,-0.02981557524695048,102,ai,specific,3
20260331,2,-0.001038530529836395,102,ai,specific,3
20260331,3,-0.006402599771034996,102,ai,specific,3
20260331,4,0.0013619746445512541,102,ai,specific,3
20260331,5,0.020436732609155638,102,ai,specific,3
20260430,1,-0.017551631233874116,101,ai,specific,3
20260430,2,-0.0069369713571099416,101,ai,specific,3
20260430,3,0.011242142356226795,101,ai,specific,3
20260430,4,0.010324924401832867,101,ai,specific,3
20260430,5,0.002629821347843836,101,ai,specific,3
20190329,1,-0.04842197735652227,105,ai,specific,6
20190329,2,-0.014732465839278387,105,ai,specific,6
20190329,3,0.01735442950747896,104,ai,specific,6
20190329,4,0.017375404420348534,105,ai,specific,6
20190329,5,0.036681082466535904,104,ai,specific,6
20190430,1,-0.01296567191621471,101,ai,specific,6
20190430,2,-0.007888281498764058,100,ai,specific,6
20190430,3,0.0001034084604192401,101,ai,specific,6
20190430,4,0.014707713131921199,100,ai,specific,6
20190430,5,0.029811928195978648,100,ai,specific,6
20190531,1,-0.031206367161488932,101,ai,specific,6
20190531,2,-0.0031925070448254778,101,ai,specific,6
20190531,3,0.006784897698992859,100,ai,specific,6
20190531,4,-0.0014139842053803487,101,ai,specific,6
20190531,5,0.03567801386555646,100,ai,specific,6
20190628,1,-0.043078749489493945,100,ai,specific,6
20190628,2,-0.014947667323774888,99,ai,specific,6
20190628,3,0.039089700642807326,100,ai,specific,6
20190628,4,0.010755215886137943,99,ai,specific,6
20190628,5,0.014902920635608694,99,ai,specific,6
20190731,1,-0.029532606856379394,104,ai,specific,6
20190731,2,0.02117830430724254,104,ai,specific,6
20190731,3,-0.0037822567894381653,104,ai,specific,6
20190731,4,0.013145224142918716,104,ai,specific,6
20190731,5,0.0022248975524708776,103,ai,specific,6
20190830,1,-0.004499090704815234,103,ai,specific,6
20190830,2,-0.030549581974650946,103,ai,specific,6
20190830,3,0.0019605189984591574,102,ai,specific,6
20190830,4,0.011180662883284663,103,ai,specific,6
20190830,5,0.02671647305469141,102,ai,specific,6
20190930,1,-0.008257842019105345,99,ai,specific,6
20190930,2,-0.03697203881986067,99,ai,specific,6
20190930,3,0.016938116697247155,98,ai,specific,6
20190930,4,0.007579561470247827,99,ai,specific,6
20190930,5,0.03310999362507457,98,ai,specific,6
20191031,1,-0.027670319228045297,104,ai,specific,6
20191031,2,-0.036093800219977754,104,ai,specific,6
20191031,3,0.03510483205250574,104,ai,specific,6
20191031,4,0.019187529521044033,104,ai,specific,6
20191031,5,0.0346307141347969,103,ai,specific,6
20191129,1,-0.011175318774107797,105,ai,specific,6
20191129,2,0.0040142661203871185,105,ai,specific,6
20191129,3,0.007229849178346819,104,ai,specific,6
20191129,4,-0.000510642697196053,105,ai,specific,6
20191129,5,0.0017727374024129644,104,ai,specific,6
20191231,1,-0.02663589017446762,102,ai,specific,6
20191231,2,0.008624538157812944,101,ai,specific,6
20191231,3,-0.014507136774173727,101,ai,specific,6
20191231,4,0.011856606056103636,101,ai,specific,6
20191231,5,-0.0003163388968877518,101,ai,specific,6
20200131,1,-0.05303706682313606,102,ai,specific,6
20200131,2,-0.0006940971649390866,101,ai,specific,6
20200131,3,-0.01336040078580317,102,ai,specific,6
20200131,4,-0.025269337429073266,101,ai,specific,6
20200131,5,0.0617587091013759,101,ai,specific,6
20200228,1,-0.03018105132466849,103,ai,specific,6
20200228,2,-0.012390914001770451,102,ai,specific,6
20200228,3,-0.02514401146331138,102,ai,specific,6
20200228,4,-0.0068677975785829135,102,ai,specific,6
20200228,5,0.025765140983643946,102,ai,specific,6
20200331,1,-0.01708744931032992,105,ai,specific,6
20200331,2,-0.0028406240866637347,104,ai,specific,6
20200331,3,-0.02707206313802159,104,ai,specific,6
20200331,4,0.02708848590816307,104,ai,specific,6
20200331,5,0.01119278465857308,104,ai,specific,6
20200430,1,-0.062110015346150835,104,ai,specific,6
20200430,2,0.00854332705852336,104,ai,specific,6
20200430,3,-0.004508826553810834,103,ai,specific,6
20200430,4,0.012751369458034317,104,ai,specific,6
20200430,5,0.02895587845990719,103,ai,specific,6
20200529,1,-0.036439597008852874,101,ai,specific,6
20200529,2,0.013202662646352956,100,ai,specific,6
20200529,3,0.0034902926733026206,101,ai,specific,6
20200529,4,0.01162791050176751,100,ai,specific,6
20200529,5,0.025258634752548952,100,ai,specific,6
20200630,1,-0.04196831103854365,100,ai,specific,6
20200630,2,0.004920354659901379,100,ai,specific,6
20200630,3,-0.0062830224220076815,100,ai,specific,6
20200630,4,0.035465814584550975,100,ai,specific,6
20200630,5,0.029287572671051736,100,ai,specific,6
20200731,1,-0.034419588759521294,103,ai,specific,6
20200731,2,-0.02089421912655452,103,ai,specific,6
20200731,3,0.029915210823976152,103,ai,specific,6
20200731,4,0.016997415729093072,103,ai,specific,6
20200731,5,0.024190243084549576,103,ai,specific,6
20200831,1,-0.03131684873697662,104,ai,specific,6
20200831,2,-0.0442725794210915,104,ai,specific,6
20200831,3,0.0025514090765848423,104,ai,specific,6
20200831,4,0.01984145707359021,104,ai,specific,6
20200831,5,0.03888502304591471,104,ai,specific,6
20200930,1,-0.033229806483934185,103,ai,specific,6
20200930,2,-0.020257887247398687,103,ai,specific,6
20200930,3,0.00979742357014807,103,ai,specific,6
20200930,4,0.02580760487624876,103,ai,specific,6
20200930,5,0.02670867588065686,102,ai,specific,6
20201030,1,-0.04949293546009733,101,ai,specific,6
20201030,2,-0.015403188238232406,101,ai,specific,6
20201030,3,0.004566573842190378,100,ai,specific,6
20201030,4,0.019462718860289555,101,ai,specific,6
20201030,5,0.014455502448027385,100,ai,specific,6
20201130,1,-0.035709846661762745,100,ai,specific,6
20201130,2,-0.023177467861743063,99,ai,specific,6
20201130,3,-0.007435120024346121,100,ai,specific,6
20201130,4,0.03717147363042529,99,ai,specific,6
20201130,5,0.01068720454307963,99,ai,specific,6
20201231,1,-0.06045733940602843,105,ai,specific,6
20201231,2,-0.003158829868017481,104,ai,specific,6
20201231,3,0.03170378064705622,104,ai,specific,6
20201231,4,0.006932548200663196,104,ai,specific,6
20201231,5,0.013292154645795693,104,ai,specific,6
20210129,1,-0.00888437640041168,104,ai,specific,6
20210129,2,-0.0009655134875986942,104,ai,specific,6
20210129,3,-0.017760459969430334,104,ai,specific,6
20210129,4,0.018623423733500122,104,ai,specific,6
20210129,5,0.02593255197990599,103,ai,specific,6
20210226,1,-0.05638132126489378,103,ai,specific,6
20210226,2,0.009476215638190936,103,ai,specific,6
20210226,3,-0.013953320149063515,102,ai,specific,6
20210226,4,0.00452716243099374,103,ai,specific,6
20210226,5,0.04064332661665841,102,ai,specific,6
20210331,1,-0.04055838675527568,102,ai,specific,6
20210331,2,-0.02359334379224304,102,ai,specific,6
20210331,3,0.010650646118081725,101,ai,specific,6
20210331,4,-0.0003400854259897785,102,ai,specific,6
20210331,5,0.046074920511743715,101,ai,specific,6
20210430,1,-0.02578877699098413,98,ai,specific,6
20210430,2,0.0011427845986351883,98,ai,specific,6
20210430,3,-0.01727594436400502,98,ai,specific,6
20210430,4,0.024991223014143547,98,ai,specific,6
20210430,5,0.05787608666036065,97,ai,specific,6
20210531,1,-0.033760290859056984,103,ai,specific,6
20210531,2,-0.00175165515640644,103,ai,specific,6
20210531,3,-0.02529374867499428,102,ai,specific,6
20210531,4,0.0459228789516127,103,ai,specific,6
20210531,5,0.05660315941465959,102,ai,specific,6
20210630,1,-0.012586524229012266,105,ai,specific,6
20210630,2,0.00014732918914735663,104,ai,specific,6
20210630,3,0.010066184335253841,104,ai,specific,6
20210630,4,-0.004245976603946048,104,ai,specific,6
20210630,5,0.03994085912319827,104,ai,specific,6
20210730,1,-0.018926916082529128,103,ai,specific,6
20210730,2,-0.005674714066949726,103,ai,specific,6
20210730,3,-0.00012115812865709399,102,ai,specific,6
20210730,4,-0.003115470157983282,103,ai,specific,6
20210730,5,0.05244304765381932,102,ai,specific,6
20210831,1,-0.012642442546755377,107,ai,specific,6
20210831,2,0.002744915106083313,106,ai,specific,6
20210831,3,-0.0039087559051361465,106,ai,specific,6
20210831,4,0.011135715493597495,106,ai,specific,6
20210831,5,0.04693400168321572,106,ai,specific,6
20210930,1,-0.021733501447105903,101,ai,specific,6
20210930,2,-0.012409490269605831,100,ai,specific,6
20210930,3,0.005216913360316207,100,ai,specific,6
20210930,4,0.003467804581132725,100,ai,specific,6
20210930,5,0.047429871492568415,100,ai,specific,6
20211029,1,-0.04407234661749862,101,ai,specific,6
20211029,2,0.0020465983628103006,101,ai,specific,6
20211029,3,0.020665470808196574,101,ai,specific,6
20211029,4,0.02137854435517234,101,ai,specific,6
20211029,5,0.01381415348257721,101,ai,specific,6
20211130,1,-0.009643428937255756,102,ai,specific,6
20211130,2,-0.0058974667963257255,102,ai,specific,6
20211130,3,-0.004425766579849525,102,ai,specific,6
20211130,4,-0.01200969080319845,102,ai,specific,6
20211130,5,0.02734704411105085,102,ai,specific,6
20211231,1,-0.040446173135683675,102,ai,specific,6
20211231,2,-0.007374442249811791,101,ai,specific,6
20211231,3,-0.017621174513925954,102,ai,specific,6
20211231,4,-0.014530527229550748,101,ai,specific,6
20211231,5,0.038305472856088395,101,ai,specific,6
20220131,1,-0.0330320344728265,102,ai,specific,6
20220131,2,-0.01097155162876526,101,ai,specific,6
20220131,3,-0.019873178941618493,102,ai,specific,6
20220131,4,0.029673469834348945,101,ai,specific,6
20220131,5,0.026555528705225238,101,ai,specific,6
20220228,1,-0.018723225673901542,101,ai,specific,6
20220228,2,-0.01707766858609501,101,ai,specific,6
20220228,3,-0.01582036092321893,101,ai,specific,6
20220228,4,0.018001947199734584,101,ai,specific,6
20220228,5,0.03436241541877449,100,ai,specific,6
20220331,1,-0.01716639360082871,102,ai,specific,6
20220331,2,-0.003635988350859387,102,ai,specific,6
20220331,3,-0.016994120680503665,101,ai,specific,6
20220331,4,-0.021079137574611603,102,ai,specific,6
20220331,5,0.04760643607158886,101,ai,specific,6
20220429,1,-0.026026094127717413,102,ai,specific,6
20220429,2,0.008082075961328768,101,ai,specific,6
20220429,3,-0.0036723080693144374,101,ai,specific,6
20220429,4,-0.0057522408584068626,101,ai,specific,6
20220429,5,0.02512833889637732,101,ai,specific,6
20220531,1,0.0037379085599598657,105,ai,specific,6
20220531,2,-0.0018616883498947634,105,ai,specific,6
20220531,3,-0.004906961184216804,105,ai,specific,6
20220531,4,0.01303347300939223,105,ai,specific,6
20220531,5,0.027012045292786734,105,ai,specific,6
20220630,1,-0.0016112312468194812,101,ai,specific,6
20220630,2,0.0014447731220886618,100,ai,specific,6
20220630,3,-0.0014311274373497674,100,ai,specific,6
20220630,4,0.013178152078395218,100,ai,specific,6
20220630,5,0.028952678347795427,100,ai,specific,6
20220729,1,-0.025600604940080544,104,ai,specific,6
20220729,2,-0.019333110474242136,104,ai,specific,6
20220729,3,0.02914229277052574,103,ai,specific,6
20220729,4,0.007895252940331587,104,ai,specific,6
20220729,5,0.05101948998619732,103,ai,specific,6
20220831,1,-0.015424611591874008,102,ai,specific,6
20220831,2,-0.009587665911926667,102,ai,specific,6
20220831,3,0.0177980745242327,102,ai,specific,6
20220831,4,0.022384395884599333,102,ai,specific,6
20220831,5,0.03300666010777597,102,ai,specific,6
20220930,1,-0.011401595426479774,104,ai,specific,6
20220930,2,0.01098421286067844,103,ai,specific,6
20220930,3,0.0035493820252695467,103,ai,specific,6
20220930,4,-0.004776850238069761,103,ai,specific,6
20220930,5,0.015018107452813423,103,ai,specific,6
20221031,1,-0.05100678828962467,102,ai,specific,6
20221031,2,0.011795731408129439,102,ai,specific,6
20221031,3,0.010811731785865433,102,ai,specific,6
20221031,4,0.036332761614048366,102,ai,specific,6
20221031,5,0.032584797294884296,102,ai,specific,6
20221130,1,-0.0341383778831925,103,ai,specific,6
20221130,2,0.0016431114287590923,103,ai,specific,6
20221130,3,-0.005443526281481458,103,ai,specific,6
20221130,4,0.014967254607978021,103,ai,specific,6
20221130,5,0.026861202818630598,103,ai,specific,6
20221230,1,-0.013963721891857165,104,ai,specific,6
20221230,2,-0.01413157326738244,104,ai,specific,6
20221230,3,0.007133898823783154,103,ai,specific,6
20221230,4,0.0027108292798397253,104,ai,specific,6
20221230,5,0.018591761189343754,103,ai,specific,6
20230131,1,-0.020770525491205786,103,ai,specific,6
20230131,2,-0.016316909244620724,102,ai,specific,6
20230131,3,5.134993297226653e-05,102,ai,specific,6
20230131,4,0.005857526746628642,102,ai,specific,6
20230131,5,0.019041310663827166,102,ai,specific,6
20230228,1,0.011255643864024787,99,ai,specific,6
20230228,2,-0.04006961007299417,98,ai,specific,6
20230228,3,-0.0023542550068881246,99,ai,specific,6
20230228,4,0.03989864066666258,98,ai,specific,6
20230228,5,-0.0006307963076009216,98,ai,specific,6
20230331,1,-0.03220059891208061,105,ai,specific,6
20230331,2,-0.022088225683051348,104,ai,specific,6
20230331,3,0.007519715811139717,104,ai,specific,6
20230331,4,0.008558977888934654,104,ai,specific,6
20230331,5,0.04816827875673973,104,ai,specific,6
20230428,1,-0.037007441948952016,101,ai,specific,6
20230428,2,-0.008890818450813144,101,ai,specific,6
20230428,3,0.00701858671057691,101,ai,specific,6
20230428,4,0.010889351639804297,101,ai,specific,6
20230428,5,0.05963767096547443,100,ai,specific,6
20230531,1,-0.03732563527474736,103,ai,specific,6
20230531,2,-0.01672243629735604,102,ai,specific,6
20230531,3,0.009287075768759248,103,ai,specific,6
20230531,4,0.014871716687532177,102,ai,specific,6
20230531,5,0.019792415770378147,102,ai,specific,6
20230630,1,-0.06749442546980765,101,ai,specific,6
20230630,2,0.009551482254956797,101,ai,specific,6
20230630,3,0.003763832266011347,101,ai,specific,6
20230630,4,0.0343747615483955,101,ai,specific,6
20230630,5,0.01710322277266816,101,ai,specific,6
20230731,1,-0.04927778201171784,100,ai,specific,6
20230731,2,-0.012065868720981202,99,ai,specific,6
20230731,3,0.012955805726424172,100,ai,specific,6
20230731,4,-0.011813927296876614,99,ai,specific,6
20230731,5,0.04006612336622239,99,ai,specific,6
20230831,1,-0.023566319902986452,97,ai,specific,6
20230831,2,0.007471984141399663,97,ai,specific,6
20230831,3,-0.027619879008169108,96,ai,specific,6
20230831,4,0.0146874629493668,97,ai,specific,6
20230831,5,0.04169699905312929,96,ai,specific,6
20230929,1,-0.021264100000699362,102,ai,specific,6
20230929,2,-0.00570531191819279,102,ai,specific,6
20230929,3,-0.015490519844885245,102,ai,specific,6
20230929,4,0.03330263038098191,102,ai,specific,6
20230929,5,0.04149860274702245,101,ai,specific,6
20231031,1,-0.04682611331461582,103,ai,specific,6
20231031,2,0.010634825501556406,102,ai,specific,6
20231031,3,0.038883508817412,103,ai,specific,6
20231031,4,-0.03047552955563072,102,ai,specific,6
20231031,5,0.04732076153458366,102,ai,specific,6
20231130,1,-0.038663235693216835,107,ai,specific,6
20231130,2,0.01578257399555875,107,ai,specific,6
20231130,3,0.0069247023537809035,106,ai,specific,6
20231130,4,0.04285024560471742,107,ai,specific,6
20231130,5,0.02322375994598447,106,ai,specific,6
20231229,1,-0.027066024356416744,98,ai,specific,6
20231229,2,-0.003365030573100625,97,ai,specific,6
20231229,3,0.0402414861613421,98,ai,specific,6
20231229,4,0.01719913243457769,97,ai,specific,6
20231229,5,0.03441659710225828,97,ai,specific,6
20240131,1,-0.03646578961642771,102,ai,specific,6
20240131,2,0.021802636896582617,101,ai,specific,6
20240131,3,-0.003311996751825558,101,ai,specific,6
20240131,4,0.02087606437516995,101,ai,specific,6
20240131,5,0.03746164852494339,101,ai,specific,6
20240229,1,-0.010191555745893073,102,ai,specific,6
20240229,2,-0.011500303371570224,102,ai,specific,6
20240229,3,0.026244322507503238,102,ai,specific,6
20240229,4,0.04561107573771379,102,ai,specific,6
20240229,5,0.04471404001161831,102,ai,specific,6
20240329,1,-0.042253544652022565,101,ai,specific,6
20240329,2,-0.008493921222376662,100,ai,specific,6
20240329,3,-0.005410123790587074,100,ai,specific,6
20240329,4,0.03986951092495919,100,ai,specific,6
20240329,5,0.0436085900062869,100,ai,specific,6
20240430,1,-0.022027091399831195,101,ai,specific,6
20240430,2,-0.017907991382780913,101,ai,specific,6
20240430,3,0.011834739430904873,101,ai,specific,6
20240430,4,0.034837538032426243,101,ai,specific,6
20240430,5,0.025473020603494618,101,ai,specific,6
20240531,1,-0.046085857238991786,102,ai,specific,6
20240531,2,-0.012189802340160687,101,ai,specific,6
20240531,3,0.02010204180070473,101,ai,specific,6
20240531,4,0.009139098712809681,101,ai,specific,6
20240531,5,0.024790260297332382,101,ai,specific,6
20240628,1,-0.030855871529824042,100,ai,specific,6
20240628,2,-0.00356236358073983,100,ai,specific,6
20240628,3,0.00019453366666823178,100,ai,specific,6
20240628,4,0.01793023562915037,100,ai,specific,6
20240628,5,0.021205337922237128,99,ai,specific,6
20240731,1,-0.026492100511599805,104,ai,specific,6
20240731,2,-0.010331958955962452,104,ai,specific,6
20240731,3,-0.01437708715557202,104,ai,specific,6
20240731,4,-0.002747785438004336,104,ai,specific,6
20240731,5,0.041772747750011524,104,ai,specific,6
20240830,1,-0.04289564297005449,102,ai,specific,6
20240830,2,-0.002171497786222088,102,ai,specific,6
20240830,3,0.03103559596199928,102,ai,specific,6
20240830,4,0.022493913926786024,102,ai,specific,6
20240830,5,0.014029769743152207,102,ai,specific,6
20240930,1,-0.01002982376433596,101,ai,specific,6
20240930,2,-0.005287634354902059,101,ai,specific,6
20240930,3,0.01470628419530193,100,ai,specific,6
20240930,4,0.041357852970629744,101,ai,specific,6
20240930,5,0.027275642073897072,100,ai,specific,6
20241031,1,-0.002719795578931401,102,ai,specific,6
20241031,2,0.01716883149847365,102,ai,specific,6
20241031,3,-0.005523012453132428,101,ai,specific,6
20241031,4,0.03559845247855015,102,ai,specific,6
20241031,5,0.041475110214095535,101,ai,specific,6
20241129,1,0.017861666674921922,102,ai,specific,6
20241129,2,-0.0030360957109561502,102,ai,specific,6
20241129,3,-0.008815981465405241,102,ai,specific,6
20241129,4,-0.00877872939652674,102,ai,specific,6
20241129,5,0.0478856489206098,101,ai,specific,6
20241231,1,-0.006736919367153888,101,ai,specific,6
20241231,2,0.023627750716029284,100,ai,specific,6
20241231,3,-0.0004691699345364067,100,ai,specific,6
20241231,4,0.0304804878865405,100,ai,specific,6
20241231,5,0.03331392532368192,100,ai,specific,6
20250131,1,0.007856244977637691,105,ai,specific,6
20250131,2,0.019790403839111254,105,ai,specific,6
20250131,3,-0.0020945135126010017,105,ai,specific,6
20250131,4,0.05133611344159423,105,ai,specific,6
20250131,5,0.005216866424118259,105,ai,specific,6
20250228,1,-0.003339520121062093,100,ai,specific,6
20250228,2,0.0021606942453982346,99,ai,specific,6
20250228,3,0.010300339591802722,99,ai,specific,6
20250228,4,0.028975476201124315,99,ai,specific,6
20250228,5,0.029314202993506105,99,ai,specific,6
20250331,1,0.002015336172462943,100,ai,specific,6
20250331,2,-0.019712357813082712,100,ai,specific,6
20250331,3,0.02584910902484358,100,ai,specific,6
20250331,4,0.0190040717477516,100,ai,specific,6
20250331,5,0.006785016763342787,99,ai,specific,6
20250430,1,-0.0013193247404282293,103,ai,specific,6
20250430,2,-0.0056372363448636996,102,ai,specific,6
20250430,3,-0.008700082070309784,103,ai,specific,6
20250430,4,0.026960800952901796,102,ai,specific,6
20250430,5,-0.009598810629253043,102,ai,specific,6
20250530,1,-0.005320529293708277,103,ai,specific,6
20250530,2,0.007724336434758485,102,ai,specific,6
20250530,3,0.029311148166989147,102,ai,specific,6
20250530,4,-0.01415967616778365,102,ai,specific,6
20250530,5,0.03684289203322189,102,ai,specific,6
20250630,1,-0.008394887167699972,101,ai,specific,6
20250630,2,-0.003787490492668466,101,ai,specific,6
20250630,3,0.0002492693449593776,101,ai,specific,6
20250630,4,0.010091158338280979,101,ai,specific,6
20250630,5,0.01399863575057887,101,ai,specific,6
20250731,1,-0.023846510561377043,102,ai,specific,6
20250731,2,-0.005081212018801057,102,ai,specific,6
20250731,3,-8.124287552422436e-05,102,ai,specific,6
20250731,4,0.008897298066131366,102,ai,specific,6
20250731,5,0.015425533759751734,101,ai,specific,6
20250829,1,-0.016970623091831106,106,ai,specific,6
20250829,2,-0.01035448107523558,105,ai,specific,6
20250829,3,-0.00755708423457062,105,ai,specific,6
20250829,4,-0.014328792299927355,105,ai,specific,6
20250829,5,0.042825055555074196,105,ai,specific,6
20250930,1,-0.024269373429380802,103,ai,specific,6
20250930,2,-0.03741231609933293,102,ai,specific,6
20250930,3,0.016642898171642054,103,ai,specific,6
20250930,4,-0.009969385866608093,102,ai,specific,6
20250930,5,0.019515252834928557,102,ai,specific,6
20251031,1,-0.024041100565774666,105,ai,specific,6
20251031,2,-0.043322426404905946,104,ai,specific,6
20251031,3,-0.018150021927461187,104,ai,specific,6
20251031,4,0.02194912406812994,104,ai,specific,6
20251031,5,0.02252449378294589,104,ai,specific,6
20251128,1,-0.03956380091640417,101,ai,specific,6
20251128,2,-0.05095713969977227,101,ai,specific,6
20251128,3,0.009467377165497287,101,ai,specific,6
20251128,4,-0.00144163763157122,101,ai,specific,6
20251128,5,0.01623040593424048,101,ai,specific,6
20251231,1,-0.04867344471129627,102,ai,specific,6
20251231,2,-0.00281996716951631,101,ai,specific,6
20251231,3,-0.02161778244337752,102,ai,specific,6
20251231,4,0.026740959579963752,101,ai,specific,6
20251231,5,0.04514978852836409,101,ai,specific,6
20260130,1,-0.0506448418731408,103,ai,specific,6
20260130,2,-0.013018475944694146,103,ai,specific,6
20260130,3,-0.010819998920667932,103,ai,specific,6
20260130,4,-7.610850040456288e-05,103,ai,specific,6
20260130,5,0.037230422516781984,103,ai,specific,6
20190329,1,0.06524570453441836,105,dss,total,1
20190329,2,0.06019221223192328,105,dss,total,1
20190329,3,0.0639005852016936,104,dss,total,1
20190329,4,0.06838317355677966,105,dss,total,1
20190329,5,0.06572014452366551,104,dss,total,1
20190430,1,-0.06344934410565506,101,dss,total,1
20190430,2,-0.0647396160024368,100,dss,total,1
20190430,3,-0.04620830397797251,101,dss,total,1
20190430,4,-0.05491210896011177,100,dss,total,1
20190430,5,-0.04988225173961203,100,dss,total,1
20190531,1,-0.056003540138520574,101,dss,total,1
20190531,2,-0.05434796985206117,101,dss,total,1
20190531,3,-0.036996502326218046,100,dss,total,1
20190531,4,-0.04475641833508411,101,dss,total,1
20190531,5,-0.05160415676291694,100,dss,total,1
20190628,1,0.04469507601635606,100,dss,total,1
20190628,2,0.04071501223023977,99,dss,total,1
20190628,3,0.04666855144484337,100,dss,total,1
20190628,4,0.0572939123525547,99,dss,total,1
20190628,5,0.05386969000350821,99,dss,total,1
20190731,1,-0.0153738113806863,104,dss,total,1
20190731,2,-0.008791254845972332,104,dss,total,1
20190731,3,0.005240472763808694,104,dss,total,1
20190731,4,0.011081563471970321,104,dss,total,1
20190731,5,0.0051566067837311245,103,dss,total,1
20190830,1,0.02674528620299055,103,dss,total,1
20190830,2,0.03786624728647059,103,dss,total,1
20190830,3,0.020112652004475106,102,dss,total,1
20190830,4,0.03468641333453526,103,dss,total,1
20190830,5,0.023984247786419388,102,dss,total,1
20190930,1,0.03589343489869883,99,dss,total,1
20190930,2,0.045855654736212774,99,dss,total,1
20190930,3,0.04977673328315043,98,dss,total,1
20190930,4,0.04868131370637399,99,dss,total,1
20190930,5,0.059338396022741755,98,dss,total,1
20191031,1,0.017408942487060437,104,dss,total,1
20191031,2,0.025134802621335554,104,dss,total,1
20191031,3,0.03409327515886841,104,dss,total,1
20191031,4,0.029094436703034285,104,dss,total,1
20191031,5,0.051813753913953035,103,dss,total,1
20191129,1,-0.008234012119939129,105,dss,total,1
20191129,2,-0.005681092591949863,105,dss,total,1
20191129,3,0.007398916399666092,104,dss,total,1
20191129,4,-0.0018031613583266378,105,dss,total,1
20191129,5,0.0024457322411997923,104,dss,total,1
20191231,1,0.044954267053866154,102,dss,total,1
20191231,2,0.04618716823995919,101,dss,total,1
20191231,3,0.03970243096152542,101,dss,total,1
20191231,4,0.040907867670076904,101,dss,total,1
20191231,5,0.033352462983264546,101,dss,total,1
20200131,1,0.014864881608837343,102,dss,total,1
20200131,2,-0.008383734655842535,101,dss,total,1
20200131,3,0.018425932538657964,102,dss,total,1
20200131,4,0.01517864820384999,101,dss,total,1
20200131,5,0.012210496241315117,101,dss,total,1
20200228,1,0.015302684351102738,103,dss,total,1
20200228,2,0.00449582269366723,102,dss,total,1
20200228,3,0.010556014778481386,102,dss,total,1
20200228,4,0.011590710357798736,102,dss,total,1
20200228,5,-0.002475127619315464,102,dss,total,1
20200331,1,0.0011845532613894974,105,dss,total,1
20200331,2,0.01140082912375917,104,dss,total,1
20200331,3,0.015222189507190963,104,dss,total,1
20200331,4,0.022395123463984628,104,dss,total,1
20200331,5,0.011624880102716355,104,dss,total,1
20200430,1,0.001830639466829512,104,dss,total,1
20200430,2,0.023466353196253467,104,dss,total,1
20200430,3,0.003176258122718403,103,dss,total,1
20200430,4,0.010032951311812846,104,dss,total,1
20200430,5,0.01181009890212192,103,dss,total,1
20200529,1,0.011905590695709267,101,dss,total,1
20200529,2,0.015248673438827463,100,dss,total,1
20200529,3,0.013052343713400746,101,dss,total,1
20200529,4,0.020210928221448942,100,dss,total,1
20200529,5,0.036314588347575956,100,dss,total,1
20200630,1,-0.030923819458249634,100,dss,total,1
20200630,2,-0.041344819500181255,100,dss,total,1
20200630,3,-0.03429094810467632,100,dss,total,1
20200630,4,-0.03078278684574111,100,dss,total,1
20200630,5,-0.01843361847102827,100,dss,total,1
20200731,1,0.03613980507861622,103,dss,total,1
20200731,2,0.04318355078677552,103,dss,total,1
20200731,3,0.05503162359201011,103,dss,total,1
20200731,4,0.05832955378669261,103,dss,total,1
20200731,5,0.05893274840306746,103,dss,total,1
20200831,1,-0.008278398801523803,104,dss,total,1
20200831,2,-0.00946339584325253,104,dss,total,1
20200831,3,0.0016613670107286892,104,dss,total,1
20200831,4,0.0017903933781237868,104,dss,total,1
20200831,5,0.0046345474271143805,104,dss,total,1
20200930,1,-0.021130221137512284,103,dss,total,1
20200930,2,-0.016813267068228357,103,dss,total,1
20200930,3,-0.028074583196005008,103,dss,total,1
20200930,4,-0.007861166629305218,103,dss,total,1
20200930,5,-0.004283090956659656,102,dss,total,1
20201030,1,-0.03076061594704548,101,dss,total,1
20201030,2,-0.035679286835334896,101,dss,total,1
20201030,3,-0.016422292651938744,100,dss,total,1
20201030,4,-0.031085359357659374,101,dss,total,1
20201030,5,-0.019048458338623408,100,dss,total,1
20201130,1,-0.060070038149987105,100,dss,total,1
20201130,2,-0.02591866614228424,99,dss,total,1
20201130,3,-0.03791890009141882,100,dss,total,1
20201130,4,-0.0524308018193291,99,dss,total,1
20201130,5,-0.023988639726371892,99,dss,total,1
20201231,1,-0.04343684658590434,105,dss,total,1
20201231,2,-0.050740946824720086,104,dss,total,1
20201231,3,-0.04267531997431224,104,dss,total,1
20201231,4,-0.03883044824055614,104,dss,total,1
20201231,5,-0.036116443512771074,104,dss,total,1
20210129,1,0.0645145002035519,104,dss,total,1
20210129,2,0.06573095661720499,104,dss,total,1
20210129,3,0.06897449561002121,104,dss,total,1
20210129,4,0.0869640785381505,104,dss,total,1
20210129,5,0.07171823624268855,103,dss,total,1
20210226,1,0.04286772142915397,103,dss,total,1
20210226,2,0.061252583177938406,103,dss,total,1
20210226,3,0.06628886326341808,102,dss,total,1
20210226,4,0.06608343730828657,103,dss,total,1
20210226,5,0.06674609429248467,102,dss,total,1
20210331,1,-0.05766894993196715,102,dss,total,1
20210331,2,-0.04426766376870876,102,dss,total,1
20210331,3,-0.04366189224264697,101,dss,total,1
20210331,4,-0.035229221662174265,102,dss,total,1
20210331,5,-0.03686717799552538,101,dss,total,1
20210430,1,-0.03361920092049842,98,dss,total,1
20210430,2,-0.025740466921429523,98,dss,total,1
20210430,3,-0.04136372729141374,98,dss,total,1
20210430,4,-0.03527962947920532,98,dss,total,1
20210430,5,-0.03777973433894791,97,dss,total,1
20210531,1,-0.038419148651791905,103,dss,total,1
20210531,2,-0.020958265431443603,103,dss,total,1
20210531,3,-0.018000619511719697,102,dss,total,1
20210531,4,-0.013759290181415642,103,dss,total,1
20210531,5,-0.027701967705631055,102,dss,total,1
20210630,1,0.02176735642178507,105,dss,total,1
20210630,2,0.021837519623714923,104,dss,total,1
20210630,3,0.02790868943269647,104,dss,total,1
20210630,4,0.043026201212190654,104,dss,total,1
20210630,5,0.0327444297122559,104,dss,total,1
20210730,1,0.012983921938308723,103,dss,total,1
20210730,2,0.004824660111935356,103,dss,total,1
20210730,3,-0.00047299745395124444,102,dss,total,1
20210730,4,0.021635304798088412,103,dss,total,1
20210730,5,0.017444176932358606,102,dss,total,1
20210831,1,0.03156806704733191,107,dss,total,1
20210831,2,0.037781442349365126,106,dss,total,1
20210831,3,0.03965654218284294,106,dss,total,1
20210831,4,0.033730885330949374,106,dss,total,1
20210831,5,0.041720569403448954,106,dss,total,1
20210930,1,-0.037703348567744654,101,dss,total,1
20210930,2,-0.03444989971173287,100,dss,total,1
20210930,3,-0.038159228771026135,100,dss,total,1
20210930,4,-0.015796675686226357,100,dss,total,1
20210930,5,-0.04518105304008145,100,dss,total,1
20211029,1,-0.0605725412825843,101,dss,total,1
20211029,2,-0.0641327792552252,101,dss,total,1
20211029,3,-0.058293630634243906,101,dss,total,1
20211029,4,-0.0405960026428654,101,dss,total,1
20211029,5,-0.049615299869326154,101,dss,total,1
20211130,1,-7.43568131113217e-05,102,dss,total,1
20211130,2,-0.004279532964732781,102,dss,total,1
20211130,3,0.003289692041973308,102,dss,total,1
20211130,4,0.004981292199623301,102,dss,total,1
20211130,5,0.0038462741126738197,102,dss,total,1
20211231,1,0.03995093091080602,102,dss,total,1
20211231,2,0.029924050625357978,101,dss,total,1
20211231,3,0.044468923800833005,102,dss,total,1
20211231,4,0.03868824442769791,101,dss,total,1
20211231,5,0.05199678974422822,101,dss,total,1
20220131,1,0.10979009140964315,102,dss,total,1
20220131,2,0.10851506255628322,101,dss,total,1
20220131,3,0.10688001658299595,102,dss,total,1
20220131,4,0.10792028794648773,101,dss,total,1
20220131,5,0.12098911861600592,101,dss,total,1
20220228,1,-0.06282271846552881,101,dss,total,1
20220228,2,-0.07281584587466418,101,dss,total,1
20220228,3,-0.05358891880336969,101,dss,total,1
20220228,4,-0.05915106739718434,101,dss,total,1
20220228,5,-0.05125487744825232,100,dss,total,1
20220331,1,0.04724989729690501,102,dss,total,1
20220331,2,0.06382119332255279,102,dss,total,1
20220331,3,0.0688584327372722,101,dss,total,1
20220331,4,0.052051971678968446,102,dss,total,1
20220331,5,0.07771221941233475,101,dss,total,1
20220429,1,0.009842979865763176,102,dss,total,1
20220429,2,0.027981057072627182,101,dss,total,1
20220429,3,0.027540105074199798,101,dss,total,1
20220429,4,0.03029818547039732,101,dss,total,1
20220429,5,0.028908526467801992,101,dss,total,1
20220531,1,-0.03293574550450796,105,dss,total,1
20220531,2,-0.029966546344551707,105,dss,total,1
20220531,3,-0.04467526774111876,105,dss,total,1
20220531,4,-0.03385886049351271,105,dss,total,1
20220531,5,-0.026669743166356626,105,dss,total,1
20220630,1,0.03311491878022307,101,dss,total,1
20220630,2,0.02773764546861292,100,dss,total,1
20220630,3,0.022038750349919325,100,dss,total,1
20220630,4,0.033952942644397764,100,dss,total,1
20220630,5,0.035944970975618405,100,dss,total,1
20220729,1,0.03276204307620132,104,dss,total,1
20220729,2,0.025396470019605228,104,dss,total,1
20220729,3,0.02268209342238512,103,dss,total,1
20220729,4,0.04243236664459324,104,dss,total,1
20220729,5,0.020303451807059142,103,dss,total,1
20220831,1,0.03071257379603337,102,dss,total,1
20220831,2,0.01550429560060163,102,dss,total,1
20220831,3,0.022550626343080474,102,dss,total,1
20220831,4,0.03719144437370651,102,dss,total,1
20220831,5,0.021600608727471948,102,dss,total,1
20220930,1,0.025889787617263096,104,dss,total,1
20220930,2,0.03561521756408253,103,dss,total,1
20220930,3,0.040604378719010466,103,dss,total,1
20220930,4,0.037458950525424306,103,dss,total,1
20220930,5,0.027319745496002912,103,dss,total,1
20221031,1,0.09215143415053512,102,dss,total,1
20221031,2,0.0902447400600565,102,dss,total,1
20221031,3,0.09228714497485882,102,dss,total,1
20221031,4,0.0812320811103665,102,dss,total,1
20221031,5,0.09783051232673678,102,dss,total,1
20221130,1,0.04603492169003798,103,dss,total,1
20221130,2,0.05076429058651244,103,dss,total,1
20221130,3,0.048092189139167185,103,dss,total,1
20221130,4,0.05686875671629603,103,dss,total,1
20221130,5,0.044568856297461615,103,dss,total,1
20221230,1,0.012716855613950204,104,dss,total,1
20221230,2,0.02379469249013806,104,dss,total,1
20221230,3,0.029502451777229533,103,dss,total,1
20221230,4,0.01466045985905945,104,dss,total,1
20221230,5,0.023797730860861906,103,dss,total,1
20230131,1,-0.026460242965996524,103,dss,total,1
20230131,2,-0.02153843572587653,102,dss,total,1
20230131,3,-0.024816567161314838,102,dss,total,1
20230131,4,-0.009421076192271538,102,dss,total,1
20230131,5,-0.009390415191488205,102,dss,total,1
20230228,1,0.004892920355156121,99,dss,total,1
20230228,2,0.007068238891516025,98,dss,total,1
20230228,3,0.0013739118453022301,99,dss,total,1
20230228,4,0.004741070418660353,98,dss,total,1
20230228,5,-0.0035077388933889473,98,dss,total,1
20230331,1,0.01314129234926493,105,dss,total,1
20230331,2,0.008069008174766353,104,dss,total,1
20230331,3,0.022242364143768147,104,dss,total,1
20230331,4,0.02534544153236205,104,dss,total,1
20230331,5,0.0365420909509879,104,dss,total,1
20230428,1,-0.0033427160229469698,101,dss,total,1
20230428,2,-0.004605237557481935,101,dss,total,1
20230428,3,0.00400413646534224,101,dss,total,1
20230428,4,0.004219547150526989,101,dss,total,1
20230428,5,0.019930728718136472,100,dss,total,1
20230531,1,0.04155977357326172,103,dss,total,1
20230531,2,0.02776226749992732,102,dss,total,1
20230531,3,0.056153343131251816,103,dss,total,1
20230531,4,0.047664135197630256,102,dss,total,1
20230531,5,0.03753487509938842,102,dss,total,1
20230630,1,0.07581095349231519,101,dss,total,1
20230630,2,0.07870385753358972,101,dss,total,1
20230630,3,0.07877899283657185,101,dss,total,1
20230630,4,0.09542949041610722,101,dss,total,1
20230630,5,0.09412188140158079,101,dss,total,1
20230731,1,-0.06832626195593303,100,dss,total,1
20230731,2,-0.0756248307760667,99,dss,total,1
20230731,3,-0.049119824656210946,100,dss,total,1
20230731,4,-0.06836741939337639,99,dss,total,1
20230731,5,-0.06141368985292213,99,dss,total,1
20230831,1,-0.018877696487644455,97,dss,total,1
20230831,2,-0.03895718121098958,97,dss,total,1
20230831,3,-0.04811774012898546,96,dss,total,1
20230831,4,-0.011883303679648039,97,dss,total,1
20230831,5,-0.028291973856805805,96,dss,total,1
20230929,1,0.08632766084239825,102,dss,total,1
20230929,2,0.09826494550037781,102,dss,total,1
20230929,3,0.08193124833030754,102,dss,total,1
20230929,4,0.09186882972409421,102,dss,total,1
20230929,5,0.10223339528410931,101,dss,total,1
20231031,1,0.0012748905163189805,103,dss,total,1
20231031,2,0.01385868789950959,102,dss,total,1
20231031,3,-0.005683862612011222,103,dss,total,1
20231031,4,0.009177272451465034,102,dss,total,1
20231031,5,0.018386059735432565,102,dss,total,1
20231130,1,0.03970727730997675,107,dss,total,1
20231130,2,0.054654475767754535,107,dss,total,1
20231130,3,0.0598185523017848,106,dss,total,1
20231130,4,0.05672408419107917,107,dss,total,1
20231130,5,0.06298253506638127,106,dss,total,1
20231229,1,-0.05578029459853158,98,dss,total,1
20231229,2,-0.05022083482945681,97,dss,total,1
20231229,3,-0.03495127397478674,98,dss,total,1
20231229,4,-0.02409998796080264,97,dss,total,1
20231229,5,-0.021047377404152676,97,dss,total,1
20240131,1,0.0029767330563241217,102,dss,total,1
20240131,2,-0.0008111081056402361,101,dss,total,1
20240131,3,0.013259695978308682,101,dss,total,1
20240131,4,0.007243883160852804,101,dss,total,1
20240131,5,0.02051106146302333,101,dss,total,1
20240229,1,-0.011593929374565819,102,dss,total,1
20240229,2,0.0034416208807238786,102,dss,total,1
20240229,3,-0.007461103821278107,102,dss,total,1
20240229,4,0.004456691197559576,102,dss,total,1
20240229,5,-0.003179622212917636,102,dss,total,1
20240329,1,0.005938911665626637,101,dss,total,1
20240329,2,0.017302276891187646,100,dss,total,1
20240329,3,0.017153031434628072,100,dss,total,1
20240329,4,0.017751110898513348,100,dss,total,1
20240329,5,0.012641602562235827,100,dss,total,1
20240430,1,-0.008439778037934819,101,dss,total,1
20240430,2,0.005937882288648554,101,dss,total,1
20240430,3,0.004169577725791522,101,dss,total,1
20240430,4,0.02541726974523065,101,dss,total,1
20240430,5,0.0136355028339819,101,dss,total,1
20240531,1,0.0933548700250878,102,dss,total,1
20240531,2,0.08328187161268487,101,dss,total,1
20240531,3,0.10032926777686345,101,dss,total,1
20240531,4,0.08271722347028908,101,dss,total,1
20240531,5,0.0993800278904568,101,dss,total,1
20240628,1,-0.00940391841183755,100,dss,total,1
20240628,2,-0.0012221741180714566,100,dss,total,1
20240628,3,-0.02140393554598901,100,dss,total,1
20240628,4,0.00029603791836484156,100,dss,total,1
20240628,5,-0.010468938256783772,99,dss,total,1
20240731,1,0.038653608576699486,104,dss,total,1
20240731,2,0.06089091569005614,104,dss,total,1
20240731,3,0.061782514694672594,104,dss,total,1
20240731,4,0.059110401986512635,104,dss,total,1
20240731,5,0.04929899459365813,104,dss,total,1
20240830,1,0.024006298265239912,102,dss,total,1
20240830,2,-0.0004973675251338019,102,dss,total,1
20240830,3,0.020841356195882586,102,dss,total,1
20240830,4,0.020729815157349184,102,dss,total,1
20240830,5,0.028389969894762744,102,dss,total,1
20240930,1,0.08946513879178106,101,dss,total,1
20240930,2,0.09673327008990096,101,dss,total,1
20240930,3,0.09289282418712162,100,dss,total,1
20240930,4,0.10906625567061358,101,dss,total,1
20240930,5,0.08324451689127729,100,dss,total,1
20241031,1,0.026932283910709516,102,dss,total,1
20241031,2,0.017227042127803533,102,dss,total,1
20241031,3,0.015709792946069823,101,dss,total,1
20241031,4,0.02805758706128703,102,dss,total,1
20241031,5,0.02165523994538025,101,dss,total,1
20241129,1,-0.054216794635578484,102,dss,total,1
20241129,2,-0.05559983498779813,102,dss,total,1
20241129,3,-0.06547100868229942,102,dss,total,1
20241129,4,-0.055648841982380945,102,dss,total,1
20241129,5,-0.04562711327582629,101,dss,total,1
20241231,1,0.00671122878388089,101,dss,total,1
20241231,2,-0.001979832805205288,100,dss,total,1
20241231,3,0.013681911678633028,100,dss,total,1
20241231,4,0.004236659068719488,100,dss,total,1
20241231,5,0.01593815327619324,100,dss,total,1
20250131,1,-0.00130714357522961,105,dss,total,1
20250131,2,0.014918239891562058,105,dss,total,1
20250131,3,0.02111175275192928,105,dss,total,1
20250131,4,0.012841254941359728,105,dss,total,1
20250131,5,0.02250422228853647,105,dss,total,1
20250228,1,0.017471698679388723,100,dss,total,1
20250228,2,0.02881858182187468,99,dss,total,1
20250228,3,0.03925092601224879,99,dss,total,1
20250228,4,0.02665594049938617,99,dss,total,1
20250228,5,0.04198627399203062,99,dss,total,1
20250331,1,0.012299355375591441,100,dss,total,1
20250331,2,0.014438754446292263,100,dss,total,1
20250331,3,0.01624512174384122,100,dss,total,1
20250331,4,0.014492095816504671,100,dss,total,1
20250331,5,0.028709051233147157,99,dss,total,1
20250430,1,-0.07575021613557445,103,dss,total,1
20250430,2,-0.06292902728240397,102,dss,total,1
20250430,3,-0.06020501891199806,103,dss,total,1
20250430,4,-0.06487722877954678,102,dss,total,1
20250430,5,-0.06473335318426794,102,dss,total,1
20250530,1,0.0043876810990882845,103,dss,total,1
20250530,2,-0.022738301478901723,102,dss,total,1
20250530,3,0.007742794377716467,102,dss,total,1
20250530,4,0.003368841440163108,102,dss,total,1
20250530,5,0.0029572295760311126,102,dss,total,1
20250630,1,-0.01699731675246402,101,dss,total,1
20250630,2,-0.014951138292163695,101,dss,total,1
20250630,3,-0.01916573504380219,101,dss,total,1
20250630,4,-0.006844064260994202,101,dss,total,1
20250630,5,-0.018843149813995402,101,dss,total,1
20250731,1,-0.00494761105891812,102,dss,total,1
20250731,2,-0.018268977866986707,102,dss,total,1
20250731,3,-0.02005878260671039,102,dss,total,1
20250731,4,0.003886175548576161,102,dss,total,1
20250731,5,0.006525521640078827,101,dss,total,1
20250829,1,0.0238383299387097,106,dss,total,1
20250829,2,0.028201330978582132,105,dss,total,1
20250829,3,0.0389176670712395,105,dss,total,1
20250829,4,0.04138268707111947,105,dss,total,1
20250829,5,0.03269050988827687,105,dss,total,1
20250930,1,0.023854549602424235,103,dss,total,1
20250930,2,0.02972342323995236,102,dss,total,1
20250930,3,0.04618872890194432,103,dss,total,1
20250930,4,0.04784758757544226,102,dss,total,1
20250930,5,0.0498016621926063,102,dss,total,1
20251031,1,0.03566633745818627,105,dss,total,1
20251031,2,0.027450853613920037,104,dss,total,1
20251031,3,0.02504853018272444,104,dss,total,1
20251031,4,0.05326466610758839,104,dss,total,1
20251031,5,0.028912034273045197,104,dss,total,1
20251128,1,-0.11141763755884315,101,dss,total,1
20251128,2,-0.09817078528261969,101,dss,total,1
20251128,3,-0.08258312251874371,101,dss,total,1
20251128,4,-0.09938794639419077,101,dss,total,1
20251128,5,-0.0916121951530805,101,dss,total,1
20251231,1,0.017783313151555624,102,dss,total,1
20251231,2,0.03357012086666426,101,dss,total,1
20251231,3,0.015021931141403913,102,dss,total,1
20251231,4,0.0199381270823713,101,dss,total,1
20251231,5,0.02193873907403043,101,dss,total,1
20260130,1,0.06092623159538771,103,dss,total,1
20260130,2,0.06018071512593143,103,dss,total,1
20260130,3,0.06871407187737345,103,dss,total,1
20260130,4,0.06871971250628373,103,dss,total,1
20260130,5,0.0670566540086769,103,dss,total,1
20260227,1,-0.006313205153313154,104,dss,total,1
20260227,2,0.0213033436300567,104,dss,total,1
20260227,3,0.009983732633943667,104,dss,total,1
20260227,4,0.009715427993528942,104,dss,total,1
20260227,5,0.018590161427557508,104,dss,total,1
20260331,1,-0.03986114619840563,102,dss,total,1
20260331,2,-0.02436494286744975,102,dss,total,1
20260331,3,-0.03403567598896943,102,dss,total,1
20260331,4,-0.02158566709047889,102,dss,total,1
20260331,5,-0.0035398844967794905,102,dss,total,1
20260430,1,-0.037319265644213555,101,dss,total,1
20260430,2,-0.03297729187073444,101,dss,total,1
20260430,3,-0.028574041173498557,101,dss,total,1
20260430,4,-0.031393370212913566,101,dss,total,1
20260430,5,-0.033269692658533516,101,dss,total,1
20260529,1,0.06707997692410107,101,dss,total,1
20260529,2,0.07185869427032805,100,dss,total,1
20260529,3,0.05140777011624235,100,dss,total,1
20260529,4,0.0407847986291464,100,dss,total,1
20260529,5,0.07116818454517707,100,dss,total,1
20260630,1,0.02234420141267705,102,dss,total,1
20260630,2,0.026369109766882875,101,dss,total,1
20260630,3,0.023817800548557467,101,dss,total,1
20260630,4,0.02556908395618857,101,dss,total,1
20260630,5,0.038231890427560714,101,dss,total,1
20190329,1,-0.032283168284174775,105,dss,total,3
20190329,2,-0.05793867492114812,105,dss,total,3
20190329,3,-0.05489230357104021,104,dss,total,3
20190329,4,-0.035667688561427956,105,dss,total,3
20190329,5,-0.03363685793011712,104,dss,total,3
20190430,1,-0.062205632885805454,101,dss,total,3
20190430,2,-0.0425697804405895,100,dss,total,3
20190430,3,-0.06141105652335773,101,dss,total,3
20190430,4,-0.04013956525188242,100,dss,total,3
20190430,5,-0.058700258369595464,100,dss,total,3
20190531,1,-0.018786021308630545,101,dss,total,3
20190531,2,-0.01301952773859161,101,dss,total,3
20190531,3,0.011728516593310258,100,dss,total,3
20190531,4,0.013482482263576819,101,dss,total,3
20190531,5,-0.002230228679585367,100,dss,total,3
20190628,1,0.07731263268640585,100,dss,total,3
20190628,2,0.08596789939569295,99,dss,total,3
20190628,3,0.069645580295749,100,dss,total,3
20190628,4,0.07995416978901546,99,dss,total,3
20190628,5,0.10143485230504427,99,dss,total,3
20190731,1,0.06532415096146625,104,dss,total,3
20190731,2,0.06905440500708962,104,dss,total,3
20190731,3,0.07533715031444406,104,dss,total,3
20190731,4,0.10834350724501081,104,dss,total,3
20190731,5,0.07942696645728999,103,dss,total,3
20190830,1,0.114155923621905,103,dss,total,3
20190830,2,0.12948166780575354,103,dss,total,3
20190830,3,0.11187231416834015,102,dss,total,3
20190830,4,0.10895391925728072,103,dss,total,3
20190830,5,0.11150651832981337,102,dss,total,3
20190930,1,0.061601568305535946,99,dss,total,3
20190930,2,0.07261367948579021,99,dss,total,3
20190930,3,0.09715654678975179,98,dss,total,3
20190930,4,0.06051123610031625,99,dss,total,3
20190930,5,0.11397203417426716,98,dss,total,3
20191031,1,0.06111240146279202,104,dss,total,3
20191031,2,0.06575863302062239,104,dss,total,3
20191031,3,0.06813328458432574,104,dss,total,3
20191031,4,0.07856489522232236,104,dss,total,3
20191031,5,0.10960454425020308,103,dss,total,3
20191129,1,0.043869886654756905,105,dss,total,3
20191129,2,0.06302856046966378,105,dss,total,3
20191129,3,0.07018619512792258,104,dss,total,3
20191129,4,0.03287341330870876,105,dss,total,3
20191129,5,0.037711118831802774,104,dss,total,3
20191231,1,0.0628995360770653,102,dss,total,3
20191231,2,0.0635027741804037,101,dss,total,3
20191231,3,0.06889717379888569,101,dss,total,3
20191231,4,0.05205090632374959,101,dss,total,3
20191231,5,0.047112485182179066,101,dss,total,3
20200131,1,0.010435192218940556,102,dss,total,3
20200131,2,0.013772910264527583,101,dss,total,3
20200131,3,0.03401392226919841,102,dss,total,3
20200131,4,0.043204893300339955,101,dss,total,3
20200131,5,0.03647759527637955,101,dss,total,3
20200228,1,0.021305123026352787,103,dss,total,3
20200228,2,0.024631435585869242,102,dss,total,3
20200228,3,0.020406666751310996,102,dss,total,3
20200228,4,0.04702236580220793,102,dss,total,3
20200228,5,0.016461059882851986,102,dss,total,3
20200331,1,0.011402444249755108,105,dss,total,3
20200331,2,0.05291267127811202,104,dss,total,3
20200331,3,0.041717518658857825,104,dss,total,3
20200331,4,0.04485821471747772,104,dss,total,3
20200331,5,0.04638680552276507,104,dss,total,3
20200430,1,-0.03996413385866067,104,dss,total,3
20200430,2,0.015547890847903329,104,dss,total,3
20200430,3,-0.00044232399012769424,103,dss,total,3
20200430,4,-0.02132220688366397,104,dss,total,3
20200430,5,0.009199501842652093,103,dss,total,3
20200529,1,0.018621286937465245,101,dss,total,3
20200529,2,0.026734105193924343,100,dss,total,3
20200529,3,0.03940263059976445,101,dss,total,3
20200529,4,0.03704898886249542,100,dss,total,3
20200529,5,0.07096396522609252,100,dss,total,3
20200630,1,0.019232626959312004,100,dss,total,3
20200630,2,-0.011043290341663754,100,dss,total,3
20200630,3,0.00730180191153194,100,dss,total,3
20200630,4,0.024304677026402367,100,dss,total,3
20200630,5,0.052444501073757414,100,dss,total,3
20200731,1,0.006144751138909136,103,dss,total,3
20200731,2,0.014667299397693874,103,dss,total,3
20200731,3,0.037072853637939385,103,dss,total,3
20200731,4,0.06034493874713058,103,dss,total,3
20200731,5,0.0486455324879579,103,dss,total,3
20200831,1,-0.06495518459262078,104,dss,total,3
20200831,2,-0.05256574831908934,104,dss,total,3
20200831,3,-0.041097404420931585,104,dss,total,3
20200831,4,-0.03606126602446207,104,dss,total,3
20200831,5,-0.041794982578600155,104,dss,total,3
20200930,1,-0.09006045116702546,103,dss,total,3
20200930,2,-0.0836234141526951,103,dss,total,3
20200930,3,-0.09075056018609502,103,dss,total,3
20200930,4,-0.07041055087534273,103,dss,total,3
20200930,5,-0.060488400617333314,102,dss,total,3
20201030,1,-0.10198484507391245,101,dss,total,3
20201030,2,-0.10915367707769152,101,dss,total,3
20201030,3,-0.1015783226741825,100,dss,total,3
20201030,4,-0.09924305618604337,101,dss,total,3
20201030,5,-0.10665887334902735,100,dss,total,3
20201130,1,-0.03929417642994726,100,dss,total,3
20201130,2,-0.0005806165014322348,99,dss,total,3
20201130,3,-0.016084569161152574,100,dss,total,3
20201130,4,-0.025238521477138936,99,dss,total,3
20201130,5,-0.00899541738031264,99,dss,total,3
20201231,1,0.07895896125654435,105,dss,total,3
20201231,2,0.07706884079275284,104,dss,total,3
20201231,3,0.08429426058068043,104,dss,total,3
20201231,4,0.09881754654448761,104,dss,total,3
20201231,5,0.08659490318686211,104,dss,total,3
20210129,1,0.06562153476723609,104,dss,total,3
20210129,2,0.08857742228869037,104,dss,total,3
20210129,3,0.09408503997914361,104,dss,total,3
20210129,4,0.11632493325588364,104,dss,total,3
20210129,5,0.08739293554005564,103,dss,total,3
20210226,1,-0.03592794424985617,103,dss,total,3
20210226,2,-0.014542171676988408,103,dss,total,3
20210226,3,-0.020691471691169763,102,dss,total,3
20210226,4,-0.004768063287939664,103,dss,total,3
20210226,5,-0.009805813859034469,102,dss,total,3
20210331,1,-0.098197371950797,102,dss,total,3
20210331,2,-0.0991639990971619,102,dss,total,3
20210331,3,-0.11246456123216725,101,dss,total,3
20210331,4,-0.10035164349513538,102,dss,total,3
20210331,5,-0.09022489989122998,101,dss,total,3
20210430,1,-0.03174220623977125,98,dss,total,3
20210430,2,-0.009499641456823993,98,dss,total,3
20210430,3,-0.04004832462392469,98,dss,total,3
20210430,4,-0.03286303390575017,98,dss,total,3
20210430,5,-0.02849936932554479,97,dss,total,3
20210531,1,-0.023370617082289883,103,dss,total,3
20210531,2,0.03575686595429629,103,dss,total,3
20210531,3,0.0289898551052972,102,dss,total,3
20210531,4,0.04505087003792872,103,dss,total,3
20210531,5,0.005148925307079473,102,dss,total,3
20210630,1,0.06478207149873039,105,dss,total,3
20210630,2,0.05076182362546079,104,dss,total,3
20210630,3,0.08367677880255543,104,dss,total,3
20210630,4,0.10622578387884768,104,dss,total,3
20210630,5,0.0834198363588672,104,dss,total,3
20210730,1,0.01681401690464311,103,dss,total,3
20210730,2,-0.0044075039492716215,103,dss,total,3
20210730,3,-0.005256051857158943,102,dss,total,3
20210730,4,0.0400338577593811,103,dss,total,3
20210730,5,0.02348717074797555,102,dss,total,3
20210831,1,-0.061364326553828945,107,dss,total,3
20210831,2,-0.06570794840015534,106,dss,total,3
20210831,3,-0.040183584740764715,106,dss,total,3
20210831,4,-0.04928447103910311,106,dss,total,3
20210831,5,-0.0458579453777288,106,dss,total,3
20210930,1,-0.09267212453915605,101,dss,total,3
20210930,2,-0.08537575461119089,100,dss,total,3
20210930,3,-0.08355554228131994,100,dss,total,3
20210930,4,-0.07136849168306077,100,dss,total,3
20210930,5,-0.10010953569783204,100,dss,total,3
20211029,1,-0.032999749277001264,101,dss,total,3
20211029,2,-0.03666430587879042,101,dss,total,3
20211029,3,-0.025942094515841885,101,dss,total,3
20211029,4,0.0038666229263266167,101,dss,total,3
20211029,5,-0.013632330767022287,101,dss,total,3
20211130,1,0.15834018665323102,102,dss,total,3
20211130,2,0.14207560004811867,102,dss,total,3
20211130,3,0.1861845620616337,102,dss,total,3
20211130,4,0.14503233301229546,102,dss,total,3
20211130,5,0.14670097097155635,102,dss,total,3
20211231,1,0.07359672099144567,102,dss,total,3
20211231,2,0.06888058756177945,101,dss,total,3
20211231,3,0.11949489567472435,102,dss,total,3
20211231,4,0.06947374623640205,101,dss,total,3
20211231,5,0.08916185428377156,101,dss,total,3
20220131,1,0.10556899722834936,102,dss,total,3
20220131,2,0.08919577418322214,101,dss,total,3
20220131,3,0.1107254426709692,102,dss,total,3
20220131,4,0.10321247521524005,101,dss,total,3
20220131,5,0.14001241890161464,101,dss,total,3
20220228,1,0.026547418563296885,101,dss,total,3
20220228,2,-0.0007569465729533845,101,dss,total,3
20220228,3,0.02777678307365084,101,dss,total,3
20220228,4,0.020340747141060787,101,dss,total,3
20220228,5,0.043309687683549744,100,dss,total,3
20220331,1,0.02937250621544099,102,dss,total,3
20220331,2,0.04961552147845005,102,dss,total,3
20220331,3,0.0571625555636057,101,dss,total,3
20220331,4,0.04282077432079592,102,dss,total,3
20220331,5,0.06934959357665887,101,dss,total,3
20220429,1,-0.0008749654513196931,102,dss,total,3
20220429,2,0.014589227472615004,101,dss,total,3
20220429,3,0.012927426653950953,101,dss,total,3
20220429,4,0.028779485284070806,101,dss,total,3
20220429,5,0.03824703854413286,101,dss,total,3
20220531,1,0.04031868103629387,105,dss,total,3
20220531,2,0.03143766921413502,105,dss,total,3
20220531,3,0.006945376759585002,105,dss,total,3
20220531,4,0.024534713256371726,105,dss,total,3
20220531,5,0.029475503673450892,105,dss,total,3
20220630,1,0.11895439084886365,101,dss,total,3
20220630,2,0.08856107700190717,100,dss,total,3
20220630,3,0.06762936986528603,100,dss,total,3
20220630,4,0.07843881952146538,100,dss,total,3
20220630,5,0.0850062098491747,100,dss,total,3
20220729,1,0.08626034710250984,104,dss,total,3
20220729,2,0.08261124950517082,104,dss,total,3
20220729,3,0.07322466240821948,103,dss,total,3
20220729,4,0.0989655528692292,104,dss,total,3
20220729,5,0.0871083663935776,103,dss,total,3
20220831,1,0.14140454840494568,102,dss,total,3
20220831,2,0.13828234782986526,102,dss,total,3
20220831,3,0.15034964250720503,102,dss,total,3
20220831,4,0.18447233242509387,102,dss,total,3
20220831,5,0.18010196527344,102,dss,total,3
20220930,1,0.15678015461687947,104,dss,total,3
20220930,2,0.1811487144953817,103,dss,total,3
20220930,3,0.2021118382482843,103,dss,total,3
20220930,4,0.19442462392030047,103,dss,total,3
20220930,5,0.17421540272232156,103,dss,total,3
20221031,1,0.17381145196635703,102,dss,total,3
20221031,2,0.16491861992831594,102,dss,total,3
20221031,3,0.17105934507767645,102,dss,total,3
20221031,4,0.1442874225961851,102,dss,total,3
20221031,5,0.18614415866959,102,dss,total,3
20221130,1,0.05867117919096564,103,dss,total,3
20221130,2,0.042653391067974264,103,dss,total,3
20221130,3,0.03051445030762698,103,dss,total,3
20221130,4,0.08164655147350543,103,dss,total,3
20221130,5,0.043430871085729725,103,dss,total,3
20221230,1,-0.012951519257892322,104,dss,total,3
20221230,2,0.014242999719301114,104,dss,total,3
20221230,3,0.0009227641548751001,103,dss,total,3
20221230,4,0.013909808438482996,104,dss,total,3
20221230,5,0.015332140852626396,103,dss,total,3
20230131,1,-0.008703300399864864,103,dss,total,3
20230131,2,-0.010241517581651394,102,dss,total,3
20230131,3,0.014197625248500625,102,dss,total,3
20230131,4,-0.0014481318201326325,102,dss,total,3
20230131,5,0.014013510806041976,102,dss,total,3
20230228,1,0.03386381266396751,99,dss,total,3
20230228,2,0.024409436020722566,98,dss,total,3
20230228,3,0.02027741244614201,99,dss,total,3
20230228,4,0.020971234488923907,98,dss,total,3
20230228,5,0.02332824061799468,98,dss,total,3
20230331,1,0.05646818596529765,105,dss,total,3
20230331,2,0.04267006069060951,104,dss,total,3
20230331,3,0.07841495479698977,104,dss,total,3
20230331,4,0.06616602398211346,104,dss,total,3
20230331,5,0.08230671989750994,104,dss,total,3
20230428,1,0.12725278528821904,101,dss,total,3
20230428,2,0.11526403306664468,101,dss,total,3
20230428,3,0.14890082926429682,101,dss,total,3
20230428,4,0.1351858480317326,101,dss,total,3
20230428,5,0.15909343492104003,100,dss,total,3
20230531,1,0.049283721494810126,103,dss,total,3
20230531,2,0.032681933862413366,102,dss,total,3
20230531,3,0.08075287587782305,103,dss,total,3
20230531,4,0.04340968425362414,102,dss,total,3
20230531,5,0.06840728415592806,102,dss,total,3
20230630,1,-0.019415549611767266,101,dss,total,3
20230630,2,-0.027831407334530225,101,dss,total,3
20230630,3,-0.008651798348105802,101,dss,total,3
20230630,4,-0.023072801651837074,101,dss,total,3
20230630,5,-0.0019412162606392324,101,dss,total,3
20230731,1,-0.0004363003559677564,100,dss,total,3
20230731,2,-0.01789221461141745,99,dss,total,3
20230731,3,0.006641224528993577,100,dss,total,3
20230731,4,-0.02336944844981944,99,dss,total,3
20230731,5,-0.022204188000535936,99,dss,total,3
20230831,1,0.059532338864663095,97,dss,total,3
20230831,2,0.06481297984504203,97,dss,total,3
20230831,3,0.03973556144585256,96,dss,total,3
20230831,4,0.08285787765081518,97,dss,total,3
20230831,5,0.08504915708750536,96,dss,total,3
20230929,1,0.13066890338487425,102,dss,total,3
20230929,2,0.17779163248253044,102,dss,total,3
20230929,3,0.1322108146399031,102,dss,total,3
20230929,4,0.1780629390488513,102,dss,total,3
20230929,5,0.1828306678488133,101,dss,total,3
20231031,1,-0.008232751450135896,103,dss,total,3
20231031,2,0.026091102705322423,102,dss,total,3
20231031,3,0.017862546148783593,103,dss,total,3
20231031,4,0.014916273819522013,102,dss,total,3
20231031,5,0.03850473258917233,102,dss,total,3
20231130,1,-0.003982614039763672,107,dss,total,3
20231130,2,0.00877093682313133,107,dss,total,3
20231130,3,0.045728881967221656,106,dss,total,3
20231130,4,0.03690250486264872,107,dss,total,3
20231130,5,0.03857964151970843,106,dss,total,3
20231229,1,-0.06356437035631254,98,dss,total,3
20231229,2,-0.04259659832294842,97,dss,total,3
20231229,3,-0.0219375629922941,98,dss,total,3
20231229,4,-0.022854823742282607,97,dss,total,3
20231229,5,-0.014847522791275188,97,dss,total,3
20240131,1,-0.0035600115497539096,102,dss,total,3
20240131,2,0.013717992110912144,101,dss,total,3
20240131,3,0.02559930408020294,101,dss,total,3
20240131,4,0.02255150604638645,101,dss,total,3
20240131,5,0.029589378104893836,101,dss,total,3
20240229,1,0.004649175487797901,102,dss,total,3
20240229,2,0.03631398414440477,102,dss,total,3
20240229,3,-0.002102328768690978,102,dss,total,3
20240229,4,0.02016317802456309,102,dss,total,3
20240229,5,0.040611935948501675,102,dss,total,3
20240329,1,0.10787845512732809,101,dss,total,3
20240329,2,0.11555341813562744,100,dss,total,3
20240329,3,0.11245517283699391,100,dss,total,3
20240329,4,0.1296176047454275,100,dss,total,3
20240329,5,0.104913451216603,100,dss,total,3
20240430,1,0.07347014288507515,101,dss,total,3
20240430,2,0.08876452658721035,101,dss,total,3
20240430,3,0.07906930795851888,101,dss,total,3
20240430,4,0.1126528276195683,101,dss,total,3
20240430,5,0.10641185206887824,101,dss,total,3
20240531,1,0.13149744792862786,102,dss,total,3
20240531,2,0.16080969010595086,101,dss,total,3
20240531,3,0.13810973316385614,101,dss,total,3
20240531,4,0.11293319890414906,101,dss,total,3
20240531,5,0.17010028530656535,101,dss,total,3
20240628,1,0.05999666163050727,100,dss,total,3
20240628,2,0.06020694324485156,100,dss,total,3
20240628,3,0.06286929355894666,100,dss,total,3
20240628,4,0.08498797301214038,100,dss,total,3
20240628,5,0.07238752286115158,99,dss,total,3
20240731,1,0.15884972950245324,104,dss,total,3
20240731,2,0.16960316850765908,104,dss,total,3
20240731,3,0.20373388491301722,104,dss,total,3
20240731,4,0.18645058742402293,104,dss,total,3
20240731,5,0.1769954366172296,104,dss,total,3
20240830,1,0.1539861570825236,102,dss,total,3
20240830,2,0.12379336921859245,102,dss,total,3
20240830,3,0.13715030359972846,102,dss,total,3
20240830,4,0.13692717146662164,102,dss,total,3
20240830,5,0.14835699873805128,102,dss,total,3
20240930,1,0.04785687514522487,101,dss,total,3
20240930,2,0.061095157037520345,101,dss,total,3
20240930,3,0.08005157769965177,100,dss,total,3
20240930,4,0.08222988372966966,101,dss,total,3
20240930,5,0.050811299285338854,100,dss,total,3
20241031,1,-0.016296075111276842,102,dss,total,3
20241031,2,-0.026688336533436,102,dss,total,3
20241031,3,-0.01977126121716462,101,dss,total,3
20241031,4,-0.018559053860228044,102,dss,total,3
20241031,5,-0.018887724070148715,101,dss,total,3
20241129,1,-0.04434273240557104,102,dss,total,3
20241129,2,-0.03023127852103027,102,dss,total,3
20241129,3,-0.02920581546459895,102,dss,total,3
20241129,4,-0.03557535853839113,102,dss,total,3
20241129,5,-0.024311921695982543,101,dss,total,3
20241231,1,0.058594591260290034,101,dss,total,3
20241231,2,0.03558501769467752,100,dss,total,3
20241231,3,0.06267441820784224,100,dss,total,3
20241231,4,0.04508671933607149,100,dss,total,3
20241231,5,0.07424391298608443,100,dss,total,3
20250131,1,0.06077021808039074,105,dss,total,3
20250131,2,0.04613570417515638,105,dss,total,3
20250131,3,0.07614550254584569,105,dss,total,3
20250131,4,0.07492154830776267,105,dss,total,3
20250131,5,0.07975770906723373,105,dss,total,3
20250228,1,-0.0506938941610213,100,dss,total,3
20250228,2,-0.008782624257138435,99,dss,total,3
20250228,3,-0.010001886634683895,99,dss,total,3
20250228,4,-0.01945502657725218,99,dss,total,3
20250228,5,0.015562750193682667,99,dss,total,3
20250331,1,-0.06122166472626889,100,dss,total,3
20250331,2,-0.049648413061215375,100,dss,total,3
20250331,3,-0.036247850382956866,100,dss,total,3
20250331,4,-0.06559573189125775,100,dss,total,3
20250331,5,-0.043048391713771415,99,dss,total,3
20250430,1,-0.09675795864062109,103,dss,total,3
20250430,2,-0.0927185486710961,102,dss,total,3
20250430,3,-0.06313996297579376,103,dss,total,3
20250430,4,-0.07646216121231134,102,dss,total,3
20250430,5,-0.09582568712153877,102,dss,total,3
20250530,1,-0.020879357463223145,103,dss,total,3
20250530,2,-0.03872120324396307,102,dss,total,3
20250530,3,-0.01218543602785057,102,dss,total,3
20250530,4,-0.0278520892569416,102,dss,total,3
20250530,5,-0.012955172800579756,102,dss,total,3
20250630,1,0.024272647360577316,101,dss,total,3
20250630,2,0.0163289336962959,101,dss,total,3
20250630,3,-0.0035908851923600093,101,dss,total,3
20250630,4,0.02368574561965267,101,dss,total,3
20250630,5,0.0033885578985426764,101,dss,total,3
20250731,1,0.0487453153982487,102,dss,total,3
20250731,2,0.049276880458705034,102,dss,total,3
20250731,3,0.06766736800179361,102,dss,total,3
20250731,4,0.07564756341287857,102,dss,total,3
20250731,5,0.07634406837736855,101,dss,total,3
20250829,1,0.09779115858290122,106,dss,total,3
20250829,2,0.11129033234835044,105,dss,total,3
20250829,3,0.10363102108436889,105,dss,total,3
20250829,4,0.10826048813290946,105,dss,total,3
20250829,5,0.1081477711723198,105,dss,total,3
20250930,1,-0.04665789484839752,103,dss,total,3
20250930,2,-0.03323957422271103,102,dss,total,3
20250930,3,-0.017219491929889766,103,dss,total,3
20250930,4,-0.023805185486277587,102,dss,total,3
20250930,5,-0.028060487152948472,102,dss,total,3
20251031,1,-0.04127725675839311,105,dss,total,3
20251031,2,-0.048256563449233784,104,dss,total,3
20251031,3,-0.0539716987860014,104,dss,total,3
20251031,4,-0.02440899952667886,104,dss,total,3
20251031,5,-0.04512744337909683,104,dss,total,3
20251128,1,-0.041310250153291,101,dss,total,3
20251128,2,-0.016648545918794,101,dss,total,3
20251128,3,0.004370460645060132,101,dss,total,3
20251128,4,-0.020085230074759607,101,dss,total,3
20251128,5,-0.008217822714899499,101,dss,total,3
20251231,1,0.09843427918859687,102,dss,total,3
20251231,2,0.10318654558726645,101,dss,total,3
20251231,3,0.09006210568527405,102,dss,total,3
20251231,4,0.09675485013462688,101,dss,total,3
20251231,5,0.11824393887017906,101,dss,total,3
20260130,1,0.031596640120843594,103,dss,total,3
20260130,2,0.04583054354918684,103,dss,total,3
20260130,3,0.04402121633045483,103,dss,total,3
20260130,4,0.05298923464843925,103,dss,total,3
20260130,5,0.0667139236462098,103,dss,total,3
20260227,1,-0.060438017807144875,104,dss,total,3
20260227,2,-0.028099166495560914,104,dss,total,3
20260227,3,-0.05800579473578815,104,dss,total,3
20260227,4,-0.04744527283636504,104,dss,total,3
20260227,5,-0.015901498766671823,104,dss,total,3
20260331,1,-0.012730189719077288,102,dss,total,3
20260331,2,0.0010776875690177048,102,dss,total,3
20260331,3,-0.00899748516036169,102,dss,total,3
20260331,4,0.005404550014437042,102,dss,total,3
20260331,5,0.018257746899727034,102,dss,total,3
20260430,1,0.04662330879704313,101,dss,total,3
20260430,2,0.05102091675691581,101,dss,total,3
20260430,3,0.054132630250780286,101,dss,total,3
20260430,4,0.03636764382015469,101,dss,total,3
20260430,5,0.04552265876543246,101,dss,total,3
20190329,1,0.03782650906265953,105,dss,total,6
20190329,2,0.04627241440851365,105,dss,total,6
20190329,3,0.011916515394262759,104,dss,total,6
20190329,4,0.052242138585617375,105,dss,total,6
20190329,5,0.04740707429180982,104,dss,total,6
20190430,1,0.0024807024490578066,101,dss,total,6
20190430,2,0.049841898431286016,100,dss,total,6
20190430,3,0.010043289965091396,101,dss,total,6
20190430,4,0.04696724522533129,100,dss,total,6
20190430,5,0.012775762480798345,100,dss,total,6
20190531,1,0.10269155380710758,101,dss,total,6
20190531,2,0.09092678798537919,101,dss,total,6
20190531,3,0.13584940606043855,100,dss,total,6
20190531,4,0.13584064083090747,101,dss,total,6
20190531,5,0.11682418416805429,100,dss,total,6
20190628,1,0.18965451501692177,100,dss,total,6
20190628,2,0.15336009139959553,99,dss,total,6
20190628,3,0.14335472188214887,100,dss,total,6
20190628,4,0.16595005823870213,99,dss,total,6
20190628,5,0.21032625931483676,99,dss,total,6
20190731,1,0.14256287456290842,104,dss,total,6
20190731,2,0.12041404757941664,104,dss,total,6
20190731,3,0.17173351100060047,104,dss,total,6
20190731,4,0.17353874526888557,104,dss,total,6
20190731,5,0.165439449848071,103,dss,total,6
20190830,1,0.1595638112952105,103,dss,total,6
20190830,2,0.182383999468686,103,dss,total,6
20190830,3,0.18669050884510208,102,dss,total,6
20190830,4,0.16808345900227675,103,dss,total,6
20190830,5,0.15225396358201962,102,dss,total,6
20190930,1,0.12293745671957426,99,dss,total,6
20190930,2,0.13311111816116306,99,dss,total,6
20190930,3,0.16129709415710278,98,dss,total,6
20190930,4,0.13254684822494558,99,dss,total,6
20190930,5,0.18026949444656618,98,dss,total,6
20191031,1,0.09049468307508264,104,dss,total,6
20191031,2,0.08123790638247798,104,dss,total,6
20191031,3,0.0982215028197353,104,dss,total,6
20191031,4,0.11212317838112193,104,dss,total,6
20191031,5,0.15569915242479465,103,dss,total,6
20191129,1,0.08680537728272983,105,dss,total,6
20191129,2,0.10640799201502575,105,dss,total,6
20191129,3,0.10412564921232607,104,dss,total,6
20191129,4,0.05406105166703644,105,dss,total,6
20191129,5,0.0432820780455082,104,dss,total,6
20191231,1,0.08688110225711415,102,dss,total,6
20191231,2,0.13028826675118282,101,dss,total,6
20191231,3,0.11577714289736186,101,dss,total,6
20191231,4,0.07365369986393995,101,dss,total,6
20191231,5,0.09754540774236999,101,dss,total,6
20200131,1,0.01591328147714951,102,dss,total,6
20200131,2,0.0032604403000497974,101,dss,total,6
20200131,3,-2.4789596615858387e-05,102,dss,total,6
20200131,4,0.03205116835881528,101,dss,total,6
20200131,5,0.07213774644534426,101,dss,total,6
20200228,1,0.05819451542158391,103,dss,total,6
20200228,2,0.03656518385890168,102,dss,total,6
20200228,3,0.05902617591872007,102,dss,total,6
20200228,4,0.08935689337575516,102,dss,total,6
20200228,5,0.07055317943307128,102,dss,total,6
20200331,1,0.038566702001622384,105,dss,total,6
20200331,2,0.05842133915254056,104,dss,total,6
20200331,3,0.05808096487929057,104,dss,total,6
20200331,4,0.07854035459037492,104,dss,total,6
20200331,5,0.05934304755485807,104,dss,total,6
20200430,1,-0.019401292364423596,104,dss,total,6
20200430,2,0.03752101790543449,104,dss,total,6
20200430,3,0.03646206818951039,103,dss,total,6
20200430,4,0.015497390321518006,104,dss,total,6
20200430,5,0.04462557975691478,103,dss,total,6
20200529,1,-0.048683614997176106,101,dss,total,6
20200529,2,-0.017503462267925835,100,dss,total,6
20200529,3,-0.00579533160070197,101,dss,total,6
20200529,4,-0.0031827320683745926,100,dss,total,6
20200529,5,0.02217682558807569,100,dss,total,6
20200630,1,-0.07196133128985935,100,dss,total,6
20200630,2,-0.0942036598885133,100,dss,total,6
20200630,3,-0.06807363429125067,100,dss,total,6
20200630,4,-0.057999624936116,100,dss,total,6
20200630,5,-0.029227203368816585,100,dss,total,6
20200731,1,-0.09953800277273375,103,dss,total,6
20200731,2,-0.08677053994021726,103,dss,total,6
20200731,3,-0.07531034890670193,103,dss,total,6
20200731,4,-0.05098467988667131,103,dss,total,6
20200731,5,-0.060270135049091,103,dss,total,6
20200831,1,-0.07143591989982329,104,dss,total,6
20200831,2,-0.06282859713454582,104,dss,total,6
20200831,3,-0.07225028933799696,104,dss,total,6
20200831,4,-0.04395889068666324,104,dss,total,6
20200831,5,-0.06627905959112429,104,dss,total,6
20200930,1,-0.013224245895975833,103,dss,total,6
20200930,2,0.006485181442558046,103,dss,total,6
20200930,3,-0.00027881285384083064,103,dss,total,6
20200930,4,0.013547992636778245,103,dss,total,6
20200930,5,-0.020658809821621788,102,dss,total,6
20201030,1,-0.03197717185533435,101,dss,total,6
20201030,2,-0.02186350894490011,101,dss,total,6
20201030,3,-0.0318160363658,100,dss,total,6
20201030,4,-0.012576261843527389,101,dss,total,6
20201030,5,-0.029245706023127722,100,dss,total,6
20201130,1,-0.07302735148777156,100,dss,total,6
20201130,2,-0.018432813821315026,99,dss,total,6
20201130,3,-0.05562740926806625,100,dss,total,6
20201130,4,-0.023181142392502373,99,dss,total,6
20201130,5,0.0043948026482680865,99,dss,total,6
20201231,1,-0.018439748786567716,105,dss,total,6
20201231,2,-0.026012567080258533,104,dss,total,6
20201231,3,-0.04167079826503229,104,dss,total,6
20201231,4,0.018994254752166057,104,dss,total,6
20201231,5,-0.02728011356861245,104,dss,total,6
20210129,1,0.008202362645396512,104,dss,total,6
20210129,2,0.08443857785482631,104,dss,total,6
20210129,3,0.04945855784907165,104,dss,total,6
20210129,4,0.08557488361268462,104,dss,total,6
20210129,5,0.05096044124278203,103,dss,total,6
20210226,1,-0.02128007861345185,103,dss,total,6
20210226,2,0.0005054478298287474,103,dss,total,6
20210226,3,-0.013984079636518472,102,dss,total,6
20210226,4,0.012002020286680865,103,dss,total,6
20210226,5,0.011255316746681543,102,dss,total,6
20210331,1,-0.03790548465623366,102,dss,total,6
20210331,2,-0.020366667483689472,102,dss,total,6
20210331,3,-0.03504371697298012,101,dss,total,6
20210331,4,-0.020356031098825594,102,dss,total,6
20210331,5,-0.02964772207882219,101,dss,total,6
20210430,1,-0.03011483590712197,98,dss,total,6
20210430,2,0.015707003521722523,98,dss,total,6
20210430,3,-0.03459256903238809,98,dss,total,6
20210430,4,-0.0036145373924588993,98,dss,total,6
20210430,5,-0.019865237683274455,97,dss,total,6
20210531,1,-0.08101870182101976,103,dss,total,6
20210531,2,-0.028956101552452384,103,dss,total,6
20210531,3,-0.04293978541725486,102,dss,total,6
20210531,4,0.009436025524126672,103,dss,total,6
20210531,5,-0.03524475505460441,102,dss,total,6
20210630,1,-0.0239764264004577,105,dss,total,6
20210630,2,-0.03959532678125959,104,dss,total,6
20210630,3,-0.023413909330829357,104,dss,total,6
20210630,4,0.016291172949316125,104,dss,total,6
20210630,5,-0.002783870183535026,104,dss,total,6
20210730,1,0.0284887680331428,103,dss,total,6
20210730,2,-0.025930796057186765,103,dss,total,6
20210730,3,-0.036812968217478974,102,dss,total,6
20210730,4,0.015241237446498166,103,dss,total,6
20210730,5,-0.009049375396168815,102,dss,total,6
20210831,1,0.0844433393469616,107,dss,total,6
20210831,2,0.05798366505861662,106,dss,total,6
20210831,3,0.1126835113173879,106,dss,total,6
20210831,4,0.09201839828061646,106,dss,total,6
20210831,5,0.10670612139870583,106,dss,total,6
20210930,1,0.0007023726414586576,101,dss,total,6
20210930,2,-0.0328685486211832,100,dss,total,6
20210930,3,-0.0021218274710509593,100,dss,total,6
20210930,4,-0.0009793457089221004,100,dss,total,6
20210930,5,-0.0066686080362751456,100,dss,total,6
20211029,1,0.08320015026759944,101,dss,total,6
20211029,2,0.031858502573744375,101,dss,total,6
20211029,3,0.09130637063659049,101,dss,total,6
20211029,4,0.11453618164739174,101,dss,total,6
20211029,5,0.10196053370397225,101,dss,total,6
20211130,1,0.1995378634133531,102,dss,total,6
20211130,2,0.1489346169149442,102,dss,total,6
20211130,3,0.23559387813488675,102,dss,total,6
20211130,4,0.1593194389975406,102,dss,total,6
20211130,5,0.17826370588787427,102,dss,total,6
20211231,1,0.12110625658242193,102,dss,total,6
20211231,2,0.11666772821803291,101,dss,total,6
20211231,3,0.1857421658815912,102,dss,total,6
20211231,4,0.12842917226880554,101,dss,total,6
20211231,5,0.14595526193653113,101,dss,total,6
20220131,1,0.12535913900252188,102,dss,total,6
20220131,2,0.11106992861466028,101,dss,total,6
20220131,3,0.1310075820076028,102,dss,total,6
20220131,4,0.13920536952622725,101,dss,total,6
20220131,5,0.1636929891576297,101,dss,total,6
20220228,1,0.07763257716298304,101,dss,total,6
20220228,2,0.01856220428508594,101,dss,total,6
20220228,3,0.04236602157311715,101,dss,total,6
20220228,4,0.05479384490184962,101,dss,total,6
20220228,5,0.04960807301745327,100,dss,total,6
20220331,1,0.11542263020052268,102,dss,total,6
20220331,2,0.13832262135277743,102,dss,total,6
20220331,3,0.1444398542437181,101,dss,total,6
20220331,4,0.12752900866681918,102,dss,total,6
20220331,5,0.14695483422766686,101,dss,total,6
20220429,1,0.08903201008333667,102,dss,total,6
20220429,2,0.0977569272747462,101,dss,total,6
20220429,3,0.1080227219649825,101,dss,total,6
20220429,4,0.14002613031749678,101,dss,total,6
20220429,5,0.11725005323765736,101,dss,total,6
20220531,1,0.20973602316233492,105,dss,total,6
20220531,2,0.19958539092359517,105,dss,total,6
20220531,3,0.1522143568158967,105,dss,total,6
20220531,4,0.16432990917166437,105,dss,total,6
20220531,5,0.18922272427154646,105,dss,total,6
20220630,1,0.2989210572746014,101,dss,total,6
20220630,2,0.2878874194462642,100,dss,total,6
20220630,3,0.2685323595299366,100,dss,total,6
20220630,4,0.28826985268740574,100,dss,total,6
20220630,5,0.26314724331822165,100,dss,total,6
20220729,1,0.27209090320766727,104,dss,total,6
20220729,2,0.25551790211358305,104,dss,total,6
20220729,3,0.23565435224624826,103,dss,total,6
20220729,4,0.28556698098655015,104,dss,total,6
20220729,5,0.26919944826316305,103,dss,total,6
20220831,1,0.18239172128773348,102,dss,total,6
20220831,2,0.19002933538892194,102,dss,total,6
20220831,3,0.1960366142458521,102,dss,total,6
20220831,4,0.271237169476657,102,dss,total,6
20220831,5,0.2500135906891262,102,dss,total,6
20220930,1,0.17821964699590123,104,dss,total,6
20220930,2,0.17460891656635283,103,dss,total,6
20220930,3,0.1906582539228268,103,dss,total,6
20220930,4,0.21545587299725436,103,dss,total,6
20220930,5,0.16965419081149674,103,dss,total,6
20221031,1,0.17945328858204634,102,dss,total,6
20221031,2,0.17975069830231025,102,dss,total,6
20221031,3,0.16996516926860297,102,dss,total,6
20221031,4,0.1582245240760905,102,dss,total,6
20221031,5,0.19984770804355642,102,dss,total,6
20221130,1,0.09143056158414033,103,dss,total,6
20221130,2,0.05843817616870478,103,dss,total,6
20221130,3,0.06683718193209308,103,dss,total,6
20221130,4,0.10199051529794777,103,dss,total,6
20221130,5,0.06804669748127208,103,dss,total,6
20221230,1,0.037777697589164744,104,dss,total,6
20221230,2,0.07403419139665732,104,dss,total,6
20221230,3,0.08621497179721359,103,dss,total,6
20221230,4,0.07396081758386312,104,dss,total,6
20221230,5,0.09468972253026017,103,dss,total,6
20230131,1,0.11761129865289584,103,dss,total,6
20230131,2,0.09344324707667664,102,dss,total,6
20230131,3,0.16938482170574085,102,dss,total,6
20230131,4,0.13719154278905027,102,dss,total,6
20230131,5,0.15311735170564758,102,dss,total,6
20230228,1,0.10800825380428501,99,dss,total,6
20230228,2,0.06319267064452258,98,dss,total,6
20230228,3,0.09241693773862898,99,dss,total,6
20230228,4,0.0818446201640593,98,dss,total,6
20230228,5,0.07592516457103304,98,dss,total,6
20230331,1,0.04460168234222956,105,dss,total,6
20230331,2,0.003103707590707605,104,dss,total,6
20230331,3,0.0492746164249676,104,dss,total,6
20230331,4,0.04892544403495035,104,dss,total,6
20230331,5,0.09091244788955007,104,dss,total,6
20230428,1,0.11023289727680019,101,dss,total,6
20230428,2,0.07983614319193318,101,dss,total,6
20230428,3,0.13915762141938604,101,dss,total,6
20230428,4,0.13178355973912095,101,dss,total,6
20230428,5,0.1685891842538501,100,dss,total,6
20230531,1,0.11853111162033939,103,dss,total,6
20230531,2,0.10381744162441586,102,dss,total,6
20230531,3,0.1368394638276108,103,dss,total,6
20230531,4,0.1256403843426571,102,dss,total,6
20230531,5,0.12309841061049788,102,dss,total,6
20230630,1,0.12515728984882013,101,dss,total,6
20230630,2,0.1298962083110337,101,dss,total,6
20230630,3,0.15089370550796424,101,dss,total,6
20230630,4,0.14952097043502424,101,dss,total,6
20230630,5,0.1371904009471722,101,dss,total,6
20230731,1,0.007903827188687979,100,dss,total,6
20230731,2,0.017272568525566925,99,dss,total,6
20230731,3,0.014973236966746963,100,dss,total,6
20230731,4,0.01136470186692787,99,dss,total,6
20230731,5,0.008981011079095946,99,dss,total,6
20230831,1,0.09726397591846592,97,dss,total,6
20230831,2,0.10677243727197863,97,dss,total,6
20230831,3,0.05058260897835815,96,dss,total,6
20230831,4,0.10158483494486074,97,dss,total,6
20230831,5,0.13889445587265878,96,dss,total,6
20230929,1,0.09499596675076827,102,dss,total,6
20230929,2,0.14389053727102746,102,dss,total,6
20230929,3,0.08856449165675782,102,dss,total,6
20230929,4,0.1384677190415856,102,dss,total,6
20230929,5,0.165773788414185,101,dss,total,6
20231031,1,0.01292060025171825,103,dss,total,6
20231031,2,0.05324916505536188,102,dss,total,6
20231031,3,0.028977129057231144,103,dss,total,6
20231031,4,0.024643831356601236,102,dss,total,6
20231031,5,0.07392988176669599,102,dss,total,6
20231130,1,-0.0031413143155795795,107,dss,total,6
20231130,2,0.054948485056493725,107,dss,total,6
20231130,3,0.06675132437654845,106,dss,total,6
20231130,4,0.04359050294528466,107,dss,total,6
20231130,5,0.04147815107714971,106,dss,total,6
20231229,1,0.041664529422521863,98,dss,total,6
20231229,2,0.06199170074666123,97,dss,total,6
20231229,3,0.08715104518873071,98,dss,total,6
20231229,4,0.08400855997069409,97,dss,total,6
20231229,5,0.11157868572809124,97,dss,total,6
20240131,1,0.09878537374666882,102,dss,total,6
20240131,2,0.12162543623106989,101,dss,total,6
20240131,3,0.11025091031226433,101,dss,total,6
20240131,4,0.08723268800416517,101,dss,total,6
20240131,5,0.11221657695916142,101,dss,total,6
20240229,1,0.14280065291123073,102,dss,total,6
20240229,2,0.18509793010317174,102,dss,total,6
20240229,3,0.14166476656995283,102,dss,total,6
20240229,4,0.17396940461021718,102,dss,total,6
20240229,5,0.19387434428559658,102,dss,total,6
20240329,1,0.1994803696036631,101,dss,total,6
20240329,2,0.18245041539497642,100,dss,total,6
20240329,3,0.18381807608544254,100,dss,total,6
20240329,4,0.21948939163571407,100,dss,total,6
20240329,5,0.16686933094220321,100,dss,total,6
20240430,1,0.2739593553316148,101,dss,total,6
20240430,2,0.25751086792447325,101,dss,total,6
20240430,3,0.25922813798678546,101,dss,total,6
20240430,4,0.3365263792755497,101,dss,total,6
20240430,5,0.312730547699681,101,dss,total,6
20240531,1,0.29352676064916716,102,dss,total,6
20240531,2,0.3148339823579536,101,dss,total,6
20240531,3,0.29945238652562334,101,dss,total,6
20240531,4,0.2889721523795203,101,dss,total,6
20240531,5,0.3157103813744924,101,dss,total,6
20240628,1,0.13335265251533435,100,dss,total,6
20240628,2,0.1251096102030483,100,dss,total,6
20240628,3,0.12099184559497457,100,dss,total,6
20240628,4,0.14320355878513846,100,dss,total,6
20240628,5,0.14900006926657575,99,dss,total,6
20240731,1,0.14556299474346482,104,dss,total,6
20240731,2,0.12113439532112978,104,dss,total,6
20240731,3,0.15178208426980688,104,dss,total,6
20240731,4,0.14878090018341658,104,dss,total,6
20240731,5,0.174597374954505,104,dss,total,6
20240830,1,0.10869224265509288,102,dss,total,6
20240830,2,0.08856311934024415,102,dss,total,6
20240830,3,0.11339266694092924,102,dss,total,6
20240830,4,0.09600740724204164,102,dss,total,6
20240830,5,0.12525898985431258,102,dss,total,6
20240930,1,0.11044243180105974,101,dss,total,6
20240930,2,0.10079775971752651,101,dss,total,6
20240930,3,0.13502130922531375,100,dss,total,6
20240930,4,0.1442484529919623,101,dss,total,6
20240930,5,0.12553656309632666,100,dss,total,6
20241031,1,0.04419329226513879,102,dss,total,6
20241031,2,0.03352347193140716,102,dss,total,6
20241031,3,0.060072468344841375,101,dss,total,6
20241031,4,0.042907476046279765,102,dss,total,6
20241031,5,0.0504136008856188,101,dss,total,6
20241129,1,-0.06008926562366786,102,dss,total,6
20241129,2,-0.04588920340442709,102,dss,total,6
20241129,3,-0.05513022032176495,102,dss,total,6
20241129,4,-0.05792174026008344,102,dss,total,6
20241129,5,-0.03504351530067447,101,dss,total,6
20241231,1,0.01685374512357838,101,dss,total,6
20241231,2,-0.03203226481515576,100,dss,total,6
20241231,3,0.00775142758072106,100,dss,total,6
20241231,4,0.003640987872742929,100,dss,total,6
20241231,5,0.03243167203106281,100,dss,total,6
20250131,1,0.001610408046370507,105,dss,total,6
20250131,2,-0.0577997168811459,105,dss,total,6
20250131,3,-0.00529884154519061,105,dss,total,6
20250131,4,-0.014996869282232398,105,dss,total,6
20250131,5,-0.013661266927869025,105,dss,total,6
20250228,1,-0.06331824874109639,100,dss,total,6
20250228,2,-0.03906708167868773,99,dss,total,6
20250228,3,-0.028274362072980723,99,dss,total,6
20250228,4,-0.05505907915938877,99,dss,total,6
20250228,5,-0.0009104905257001814,99,dss,total,6
20250331,1,-0.051417422405358966,100,dss,total,6
20250331,2,-0.029228505545653153,100,dss,total,6
20250331,3,-0.031469521787511764,100,dss,total,6
20250331,4,-0.05451294449503221,100,dss,total,6
20250331,5,-0.04569235335514294,99,dss,total,6
20250430,1,-0.04512247543684229,103,dss,total,6
20250430,2,-0.027097599140900874,102,dss,total,6
20250430,3,0.002083407815640631,103,dss,total,6
20250430,4,-0.01933840264630738,102,dss,total,6
20250430,5,-0.04523234176560059,102,dss,total,6
20250530,1,0.08526518649492355,103,dss,total,6
20250530,2,0.07190297835067884,102,dss,total,6
20250530,3,0.09481828223297427,102,dss,total,6
20250530,4,0.08783770100775402,102,dss,total,6
20250530,5,0.07518576781226614,102,dss,total,6
20250630,1,-0.030006757058850298,101,dss,total,6
20250630,2,-0.009349288394505372,101,dss,total,6
20250630,3,-0.019078651002355954,101,dss,total,6
20250630,4,0.012298554051008385,101,dss,total,6
20250630,5,-0.034115600338838335,101,dss,total,6
20250731,1,-0.003698282522796149,102,dss,total,6
20250731,2,0.020457205817514947,102,dss,total,6
20250731,3,0.02355931733305211,102,dss,total,6
20250731,4,0.029158040499964323,102,dss,total,6
20250731,5,0.010082352961852585,101,dss,total,6
20250829,1,0.08116438523247316,106,dss,total,6
20250829,2,0.08202231003648006,105,dss,total,6
20250829,3,0.10374185454047861,105,dss,total,6
20250829,4,0.10259424782107497,105,dss,total,6
20250829,5,0.1130028703223973,105,dss,total,6
20250930,1,0.052961874081205174,103,dss,total,6
20250930,2,0.07563623625896343,102,dss,total,6
20250930,3,0.07873472757973744,103,dss,total,6
20250930,4,0.07316908111732649,102,dss,total,6
20250930,5,0.06582552454534885,102,dss,total,6
20251031,1,-0.011078475439501856,105,dss,total,6
20251031,2,0.0057909922448059845,104,dss,total,6
20251031,3,-0.004840287634737588,104,dss,total,6
20251031,4,0.05669282906445115,104,dss,total,6
20251031,5,-0.004927731182841128,104,dss,total,6
20251128,1,-0.08806822248174095,101,dss,total,6
20251128,2,-0.0666076391209509,101,dss,total,6
20251128,3,-0.030829172870211256,101,dss,total,6
20251128,4,-0.06196349021743877,101,dss,total,6
20251128,5,-0.0500142677118369,101,dss,total,6
20251231,1,0.09681140418208405,102,dss,total,6
20251231,2,0.08299611063728624,101,dss,total,6
20251231,3,0.1166158800234138,102,dss,total,6
20251231,4,0.11655050691167916,101,dss,total,6
20251231,5,0.1361392145592535,101,dss,total,6
20260130,1,0.0686556738118893,103,dss,total,6
20260130,2,0.09474545718340179,103,dss,total,6
20260130,3,0.09648901506082815,103,dss,total,6
20260130,4,0.11336473136622915,103,dss,total,6
20260130,5,0.13900256535103767,103,dss,total,6
20190329,1,-0.001875446420671292,105,dss,specific,1
20190329,2,-0.0008372553813190743,105,dss,specific,1
20190329,3,-0.003548298199832366,104,dss,specific,1
20190329,4,0.00813991265344273,105,dss,specific,1
20190329,5,0.004647691565119168,104,dss,specific,1
20190430,1,-0.0009384590758368235,101,dss,specific,1
20190430,2,-0.0028154845906603132,100,dss,specific,1
20190430,3,0.016379749705734015,101,dss,specific,1
20190430,4,0.004909547266299565,100,dss,specific,1
20190430,5,0.009932829052974816,100,dss,specific,1
20190531,1,-0.01314684521374132,101,dss,specific,1
20190531,2,-0.006703324748924776,101,dss,specific,1
20190531,3,0.011629600175698463,100,dss,specific,1
20190531,4,0.000841786779638392,101,dss,specific,1
20190531,5,-0.0016855623679870597,100,dss,specific,1
20190628,1,-0.011927592701814094,100,dss,specific,1
20190628,2,-0.015611854980253657,99,dss,specific,1
20190628,3,-0.010524594638793548,100,dss,specific,1
20190628,4,0.002169742368173146,99,dss,specific,1
20190628,5,-0.003683474985000911,99,dss,specific,1
20190731,1,-0.01452809212894061,104,dss,specific,1
20190731,2,-0.0075601380950755534,104,dss,specific,1
20190731,3,0.006686962678153324,104,dss,specific,1
20190731,4,0.010862193277736625,104,dss,specific,1
20190731,5,0.007050017585854498,103,dss,specific,1
20190830,1,-0.005125524830537217,103,dss,specific,1
20190830,2,0.006839639892582407,103,dss,specific,1
20190830,3,-0.008813414047861162,102,dss,specific,1
20190830,4,0.0038905575660369116,103,dss,specific,1
20190830,5,-0.0049552709133608335,102,dss,specific,1
20190930,1,-0.0078083358730334776,99,dss,specific,1
20190930,2,0.00040170744966523225,99,dss,specific,1
20190930,3,0.0020005234949564284,98,dss,specific,1
20190930,4,0.0017336055568597146,99,dss,specific,1
20190930,5,0.012245293267861458,98,dss,specific,1
20191031,1,-0.009830471751590823,104,dss,specific,1
20191031,2,-0.0028878312851179097,104,dss,specific,1
20191031,3,0.005340178412568454,104,dss,specific,1
20191031,4,-0.0010120265340934171,104,dss,specific,1
20191031,5,0.02223256555499949,103,dss,specific,1
20191129,1,-0.007226566018435698,105,dss,specific,1
20191129,2,-0.004864105312689675,105,dss,specific,1
20191129,3,0.009629726030018528,104,dss,specific,1
20191129,4,-0.0017515935053119996,105,dss,specific,1
20191129,5,0.0035982389581753755,104,dss,specific,1
20191231,1,0.005184785181611768,102,dss,specific,1
20191231,2,0.0057718241312526945,101,dss,specific,1
20191231,3,-0.0009339136776499488,101,dss,specific,1
20191231,4,-0.0011748301913051115,101,dss,specific,1
20191231,5,-0.0050768800129840225,101,dss,specific,1
20200131,1,0.0011224604839657711,102,dss,specific,1
20200131,2,-0.019458423132020362,101,dss,specific,1
20200131,3,0.00763599938886167,102,dss,specific,1
20200131,4,0.003332210545956253,101,dss,specific,1
20200131,5,-0.0010610005051770461,101,dss,specific,1
20200228,1,0.00511761791660497,103,dss,specific,1
20200228,2,-0.006319469324153251,102,dss,specific,1
20200228,3,0.0025465134695412226,102,dss,specific,1
20200228,4,0.005265431229286351,102,dss,specific,1
20200228,5,-0.010660909692363454,102,dss,specific,1
20200331,1,-0.0044247441375999935,105,dss,specific,1
20200331,2,-0.0028201434316753008,104,dss,specific,1
20200331,3,0.0061112465890561666,104,dss,specific,1
20200331,4,0.01231981526720969,104,dss,specific,1
20200331,5,0.0013642963457101468,104,dss,specific,1
20200430,1,-0.0075608151543080605,104,dss,specific,1
20200430,2,0.016054865665134907,104,dss,specific,1
20200430,3,-0.0062209399498557435,103,dss,specific,1
20200430,4,0.004216092974005339,104,dss,specific,1
20200430,5,0.002381491782852091,103,dss,specific,1
20200529,1,-0.008101990060922956,101,dss,specific,1
20200529,2,-0.006259140443748896,100,dss,specific,1
20200529,3,-0.0066517014035661045,101,dss,specific,1
20200529,4,-0.0038716258681459575,100,dss,specific,1
20200529,5,0.014984831326655125,100,dss,specific,1
20200630,1,-0.001469868883272817,100,dss,specific,1
20200630,2,-0.012208308464402164,100,dss,specific,1
20200630,3,-0.00576369275820712,100,dss,specific,1
20200630,4,-0.0009325629789464697,100,dss,specific,1
20200630,5,0.010202351125994174,100,dss,specific,1
20200731,1,-0.013543382628927464,103,dss,specific,1
20200731,2,-0.00902845202545414,103,dss,specific,1
20200731,3,0.004331255617503681,103,dss,specific,1
20200731,4,0.008256936218545279,103,dss,specific,1
20200731,5,0.007411148403090172,103,dss,specific,1
20200831,1,-0.006566731602511129,104,dss,specific,1
20200831,2,-0.007918918999298629,104,dss,specific,1
20200831,3,0.0012852111421224077,104,dss,specific,1
20200831,4,0.0033671263114617685,104,dss,specific,1
20200831,5,0.006149217450008774,104,dss,specific,1
20200930,1,-0.0022801807808110297,103,dss,specific,1
20200930,2,0.004716017205310093,103,dss,specific,1
20200930,3,-0.0056601520959248305,103,dss,specific,1
20200930,4,0.015941315724529084,103,dss,specific,1
20200930,5,0.02213325244152627,102,dss,specific,1
20201030,1,-0.0030907812026495325,101,dss,specific,1
20201030,2,-0.008976279020340788,101,dss,specific,1
20201030,3,0.01346424712623595,100,dss,specific,1
20201030,4,-0.0016564112458431058,101,dss,specific,1
20201030,5,0.008973390143508888,100,dss,specific,1
20201130,1,-0.020561938690517943,100,dss,specific,1
20201130,2,0.009645731038895152,99,dss,specific,1
20201130,3,-0.0018876209198260942,100,dss,specific,1
20201130,4,-0.013198362620754883,99,dss,specific,1
20201130,5,0.012916702584453228,99,dss,specific,1
20201231,1,-0.007124045303071249,105,dss,specific,1
20201231,2,-0.013738835086115017,104,dss,specific,1
20201231,3,-0.005828099965968157,104,dss,specific,1
20201231,4,-0.0007498922264349806,104,dss,specific,1
20201231,5,0.0013444757806628088,104,dss,specific,1
20210129,1,-0.0017482264141171718,104,dss,specific,1
20210129,2,-0.0017548564693166005,104,dss,specific,1
20210129,3,0.001627354049936774,104,dss,specific,1
20210129,4,0.019279567530017673,104,dss,specific,1
20210129,5,0.006378296891680319,103,dss,specific,1
20210226,1,-0.01643990277654297,103,dss,specific,1
20210226,2,0.0007670596893474855,103,dss,specific,1
20210226,3,0.006726499862971144,102,dss,specific,1
20210226,4,0.009378402901435894,103,dss,specific,1
20210226,5,0.00788313041049795,102,dss,specific,1
20210331,1,-0.017089175282048244,102,dss,specific,1
20210331,2,-0.004071473069377905,102,dss,specific,1
20210331,3,-0.002380187876886482,101,dss,specific,1
20210331,4,0.005416602169795608,102,dss,specific,1
20210331,5,0.002690849435306593,101,dss,specific,1
20210430,1,0.004714287150738102,98,dss,specific,1
20210430,2,0.009448316473825328,98,dss,specific,1
20210430,3,-0.008534458392504394,98,dss,specific,1
20210430,4,-0.002523671155771721,98,dss,specific,1
20210430,5,-0.003963132286827906,97,dss,specific,1
20210531,1,-0.013134811941390311,103,dss,specific,1
20210531,2,0.004434756582245253,103,dss,specific,1
20210531,3,0.003991395315923599,102,dss,specific,1
20210531,4,0.011180222774672297,103,dss,specific,1
20210531,5,-0.001459460871863875,102,dss,specific,1
20210630,1,-0.006297262494278428,105,dss,specific,1
20210630,2,-0.005991347344115934,104,dss,specific,1
20210630,3,-0.0024208864907125146,104,dss,specific,1
20210630,4,0.011379854307055282,104,dss,specific,1
20210630,5,0.004588915547265356,104,dss,specific,1
20210730,1,0.0012179074074945807,103,dss,specific,1
20210730,2,-0.00981682388427803,103,dss,specific,1
20210730,3,-0.016012207190741992,102,dss,specific,1
20210730,4,0.007542191435583788,103,dss,specific,1
20210730,5,0.004412723709211045,102,dss,specific,1
20210831,1,-0.0007318219993109945,107,dss,specific,1
20210831,2,0.005344634261180047,106,dss,specific,1
20210831,3,0.0063364959127233935,106,dss,specific,1
20210831,4,0.0026747833179693557,106,dss,specific,1
20210831,5,0.007998516993725302,106,dss,specific,1
20210930,1,-0.002502585984419075,101,dss,specific,1
20210930,2,0.0028123463016716073,100,dss,specific,1
20210930,3,-0.0021930624417684673,100,dss,specific,1
20210930,4,0.016477754610633763,100,dss,specific,1
20210930,5,-0.004977373787601935,100,dss,specific,1
20211029,1,-0.005124638396646626,101,dss,specific,1
20211029,2,-0.010119188102669381,101,dss,specific,1
20211029,3,-0.0007238513584566478,101,dss,specific,1
20211029,4,0.0173551234680769,101,dss,specific,1
20211029,5,0.00558484229985887,101,dss,specific,1
20211130,1,0.0015716793679237191,102,dss,specific,1
20211130,2,0.0029092017571066887,102,dss,specific,1
20211130,3,0.005539683137081311,102,dss,specific,1
20211130,4,0.006302600594154008,102,dss,specific,1
20211130,5,0.0043245216195923995,102,dss,specific,1
20211231,1,-0.002380033371728682,102,dss,specific,1
20211231,2,-0.013049190300423848,101,dss,specific,1
20211231,3,0.001517766516616369,102,dss,specific,1
20211231,4,-0.0030682932107597522,101,dss,specific,1
20211231,5,0.010348814112653027,101,dss,specific,1
20220131,1,0.0047330153569655,102,dss,specific,1
20220131,2,-0.002892151018566748,101,dss,specific,1
20220131,3,-0.001129955143915822,102,dss,specific,1
20220131,4,-8.309193571571229e-05,101,dss,specific,1
20220131,5,0.011980570194355568,101,dss,specific,1
20220228,1,-0.00487373271200993,101,dss,specific,1
20220228,2,-0.01592133249158562,101,dss,specific,1
20220228,3,0.003796683255379073,101,dss,specific,1
20220228,4,0.00010575793744971643,101,dss,specific,1
20220228,5,0.007576161685602742,100,dss,specific,1
20220331,1,-0.007784080477646354,102,dss,specific,1
20220331,2,0.004462984648918086,102,dss,specific,1
20220331,3,0.010570332085717808,101,dss,specific,1
20220331,4,-0.0018999312567804375,102,dss,specific,1
20220331,5,0.017683640866448226,101,dss,specific,1
20220429,1,-0.022294460359746554,102,dss,specific,1
20220429,2,-0.0018903220400795582,101,dss,specific,1
20220429,3,-0.004134547211343506,101,dss,specific,1
20220429,4,-0.0019103100793889064,101,dss,specific,1
20220429,5,-0.0018382886481124005,101,dss,specific,1
20220531,1,-0.00012442557962571743,105,dss,specific,1
20220531,2,0.0033843439672900035,105,dss,specific,1
20220531,3,-0.010155788694155794,105,dss,specific,1
20220531,4,0.0016371991120244173,105,dss,specific,1
20220531,5,0.006019616131343667,105,dss,specific,1
20220630,1,0.0018474280202049453,101,dss,specific,1
20220630,2,-0.0036522058484891205,100,dss,specific,1
20220630,3,-0.009853478752097912,100,dss,specific,1
20220630,4,0.0010816237738792039,100,dss,specific,1
20220630,5,0.0020459223155154175,100,dss,specific,1
20220729,1,0.010297515459986297,104,dss,specific,1
20220729,2,0.0016264106339444586,104,dss,specific,1
20220729,3,-0.0002126919773062511,103,dss,specific,1
20220729,4,0.0186981247561741,104,dss,specific,1
20220729,5,-0.003066137524628228,103,dss,specific,1
20220831,1,0.007717535177110573,102,dss,specific,1
20220831,2,-0.006748902793052585,102,dss,specific,1
20220831,3,-5.020911526538132e-05,102,dss,specific,1
20220831,4,0.01413160822079123,102,dss,specific,1
20220831,5,0.0013583199011593394,102,dss,specific,1
20220930,1,-0.00735124243013393,104,dss,specific,1
20220930,2,0.0029131972183518346,103,dss,specific,1
20220930,3,0.006824976434322927,103,dss,specific,1
20220930,4,0.003179628514438055,103,dss,specific,1
20220930,5,-0.005435938057104325,103,dss,specific,1
20221031,1,0.0005167812902289004,102,dss,specific,1
20221031,2,-0.000725291768544906,102,dss,specific,1
20221031,3,0.006722584119623791,102,dss,specific,1
20221031,4,-0.008421909849616332,102,dss,specific,1
20221031,5,0.009103028369123793,102,dss,specific,1
20221130,1,-0.0008400983393017481,103,dss,specific,1
20221130,2,0.0051851284564334,103,dss,specific,1
20221130,3,0.002445292061108297,103,dss,specific,1
20221130,4,0.011510296230639015,103,dss,specific,1
20221130,5,-0.0027147260417975556,103,dss,specific,1
20221230,1,-0.00463695741787988,104,dss,specific,1
20221230,2,0.0030799528391400235,104,dss,specific,1
20221230,3,0.009560878190720231,103,dss,specific,1
20221230,4,-0.002001908897281634,104,dss,specific,1
20221230,5,0.006831135356133121,103,dss,specific,1
20230131,1,-0.011089601253538996,103,dss,specific,1
20230131,2,-0.0024509433317846593,102,dss,specific,1
20230131,3,-0.01206294596932846,102,dss,specific,1
20230131,4,0.005632228812826015,102,dss,specific,1
20230131,5,0.006075428195045609,102,dss,specific,1
20230228,1,0.002027788234759077,99,dss,specific,1
20230228,2,0.00655398125514827,98,dss,specific,1
20230228,3,-0.00246420804539537,99,dss,specific,1
20230228,4,0.0009610137006304371,98,dss,specific,1
20230228,5,-0.0044830806731695145,98,dss,specific,1
20230331,1,-0.007559368002855459,105,dss,specific,1
20230331,2,-0.011300594665814744,104,dss,specific,1
20230331,3,0.0011192965501947893,104,dss,specific,1
20230331,4,0.007075751643192742,104,dss,specific,1
20230331,5,0.017800779534059587,104,dss,specific,1
20230428,1,-0.006584652897559049,101,dss,specific,1
20230428,2,-0.00747775591051082,101,dss,specific,1
20230428,3,-0.0013133054717762121,101,dss,specific,1
20230428,4,0.00022132653744233813,101,dss,specific,1
20230428,5,0.016495579543625145,100,dss,specific,1
20230531,1,-0.0023733513695270328,103,dss,specific,1
20230531,2,-0.013215510665058404,102,dss,specific,1
20230531,3,0.012467832686337672,103,dss,specific,1
20230531,4,0.00558799652892923,102,dss,specific,1
20230531,5,-0.0052884875295899835,102,dss,specific,1
20230630,1,-0.0003380185027603874,101,dss,specific,1
20230630,2,-0.0012656587268201622,101,dss,specific,1
20230630,3,-0.00046112560190514096,101,dss,specific,1
20230630,4,0.016767902708714633,101,dss,specific,1
20230630,5,0.014293641480139178,101,dss,specific,1
20230731,1,-0.009492752259977567,100,dss,specific,1
20230731,2,-0.013362398247811222,99,dss,specific,1
20230731,3,0.013186084506535101,100,dss,specific,1
20230731,4,-0.006408646574585508,99,dss,specific,1
20230731,5,-0.00016632255291079177,99,dss,specific,1
20230831,1,0.010773101036523463,97,dss,specific,1
20230831,2,-0.006779865329185226,97,dss,specific,1
20230831,3,-0.013988616744511363,96,dss,specific,1
20230831,4,0.018722663578866268,97,dss,specific,1
20230831,5,0.002521289023064109,96,dss,specific,1
20230929,1,-0.0030785815032763446,102,dss,specific,1
20230929,2,0.007493306710326945,102,dss,specific,1
20230929,3,-0.010970169755392821,102,dss,specific,1
20230929,4,0.0022811668953372803,102,dss,specific,1
20230929,5,0.009471551453682002,101,dss,specific,1
20231031,1,-0.007991302010057391,103,dss,specific,1
20231031,2,0.004414736385405523,102,dss,specific,1
20231031,3,-0.013424958929144271,103,dss,specific,1
20231031,4,0.0017989182406610408,102,dss,specific,1
20231031,5,0.009733294265585847,102,dss,specific,1
20231130,1,-0.015860466099168274,107,dss,specific,1
20231130,2,-0.0006645123488965574,107,dss,specific,1
20231130,3,0.002791652458057532,106,dss,specific,1
20231130,4,0.0019442827327320969,107,dss,specific,1
20231130,5,0.007849711532717341,106,dss,specific,1
20231229,1,-0.014843025562197274,98,dss,specific,1
20231229,2,-0.011073516222411048,97,dss,specific,1
20231229,3,0.0040725018457134525,98,dss,specific,1
20231229,4,0.014103064503640397,97,dss,specific,1
20231229,5,0.017756279304524954,97,dss,specific,1
20240131,1,-0.007456135413168666,102,dss,specific,1
20240131,2,-0.010934129865276771,101,dss,specific,1
20240131,3,0.0024779120906049945,101,dss,specific,1
20240131,4,-0.004260092737365847,101,dss,specific,1
20240131,5,0.010985370423684415,101,dss,specific,1
20240229,1,-0.00010011762595084201,102,dss,specific,1
20240229,2,0.010109063622629444,102,dss,specific,1
20240229,3,0.003035526784117845,102,dss,specific,1
20240229,4,0.017003082474004495,102,dss,specific,1
20240229,5,0.011690363492883474,102,dss,specific,1
20240329,1,-0.005340874076121999,101,dss,specific,1
20240329,2,0.005829895255191687,100,dss,specific,1
20240329,3,0.005692307906930522,100,dss,specific,1
20240329,4,0.0063918487969280525,100,dss,specific,1
20240329,5,0.0006005420327834772,100,dss,specific,1
20240430,1,-0.014061666314329294,101,dss,specific,1
20240430,2,0.002926368677603215,101,dss,specific,1
20240430,3,-0.0006777594766180263,101,dss,specific,1
20240430,4,0.019214520353867066,101,dss,specific,1
20240430,5,0.009364681797655674,101,dss,specific,1
20240531,1,0.0035297153126860738,102,dss,specific,1
20240531,2,-0.006334780409992145,101,dss,specific,1
20240531,3,0.011621844039285319,101,dss,specific,1
20240531,4,-0.007880477085863605,101,dss,specific,1
20240531,5,0.011225194050614052,101,dss,specific,1
20240628,1,-0.001252789709296242,100,dss,specific,1
20240628,2,0.004321340732499286,100,dss,specific,1
20240628,3,-0.01205289474109859,100,dss,specific,1
20240628,4,0.009262262582429612,100,dss,specific,1
20240628,5,-0.003821582373370935,99,dss,specific,1
20240731,1,-0.01331029032786996,104,dss,specific,1
20240731,2,0.011007328290881345,104,dss,specific,1
20240731,3,0.006568630758847704,104,dss,specific,1
20240731,4,0.005803543318665403,104,dss,specific,1
20240731,5,-0.0034617268184495825,104,dss,specific,1
20240830,1,-0.0012266048192314336,102,dss,specific,1
20240830,2,-0.022744830993439817,102,dss,specific,1
20240830,3,-0.0005650801877266173,102,dss,specific,1
20240830,4,-0.0002741921058368558,102,dss,specific,1
20240830,5,0.002703259599280324,102,dss,specific,1
20240930,1,-0.0013358158356354447,101,dss,specific,1
20240930,2,0.001871625036015183,101,dss,specific,1
20240930,3,-8.363374028913657e-06,100,dss,specific,1
20240930,4,0.013927548756798653,101,dss,specific,1
20240930,5,-0.007676363834021116,100,dss,specific,1
20241031,1,0.0029013919405260014,102,dss,specific,1
20241031,2,-0.009747239219188792,102,dss,specific,1
20241031,3,-0.004697280106312626,101,dss,specific,1
20241031,4,0.0023646728998059914,102,dss,specific,1
20241031,5,-0.004376521532979506,101,dss,specific,1
20241129,1,-0.002964603988105695,102,dss,specific,1
20241129,2,-0.0063030823510958345,102,dss,specific,1
20241129,3,-0.011154027710353327,102,dss,specific,1
20241129,4,-0.002141578688790121,102,dss,specific,1
20241129,5,0.007158267746621035,101,dss,specific,1
20241231,1,0.00028475798163876437,101,dss,specific,1
20241231,2,-0.009111020047920877,100,dss,specific,1
20241231,3,0.005836323656291601,100,dss,specific,1
20241231,4,-0.003923267646704296,100,dss,specific,1
20241231,5,0.00910321679778553,100,dss,specific,1
20250131,1,-0.008902687274185497,105,dss,specific,1
20250131,2,0.01098687138644306,105,dss,specific,1
20250131,3,0.011495645209991525,105,dss,specific,1
20250131,4,0.0042945410816827055,105,dss,specific,1
20250131,5,0.016331572979062396,105,dss,specific,1
20250228,1,-0.011513307086847373,100,dss,specific,1
20250228,2,0.0002858784742477102,99,dss,specific,1
20250228,3,0.010247703611096545,99,dss,specific,1
20250228,4,-0.002745084897056852,99,dss,specific,1
20250228,5,0.014724981797341847,99,dss,specific,1
20250331,1,-0.004367463666597577,100,dss,specific,1
20250331,2,-0.0010894970477754438,100,dss,specific,1
20250331,3,0.003234094499179875,100,dss,specific,1
20250331,4,0.0007764810404654126,100,dss,specific,1
20250331,5,0.013641159695461614,99,dss,specific,1
20250430,1,-0.01306543865252312,103,dss,specific,1
20250430,2,0.00021041815641136807,102,dss,specific,1
20250430,3,0.0009207291827484996,103,dss,specific,1
20250430,4,-0.0040221900109717644,102,dss,specific,1
20250430,5,-0.005424318270650216,102,dss,specific,1
20250530,1,0.009737348548106614,103,dss,specific,1
20250530,2,-0.015826503471385714,102,dss,specific,1
20250530,3,0.01344161008474538,102,dss,specific,1
20250530,4,0.007180732132002843,102,dss,specific,1
20250530,5,0.008593686925311135,102,dss,specific,1
20250630,1,-0.00041631231901177046,101,dss,specific,1
20250630,2,0.001272058027019779,101,dss,specific,1
20250630,3,-0.002868117538958001,101,dss,specific,1
20250630,4,0.007206287551433183,101,dss,specific,1
20250630,5,-0.0022006456036248482,101,dss,specific,1
20250731,1,0.00376270820104609,102,dss,specific,1
20250731,2,-0.012102160919868918,102,dss,specific,1
20250731,3,-0.01107307092164519,102,dss,specific,1
20250731,4,0.011556775463612038,102,dss,specific,1
20250731,5,0.011821029880270211,101,dss,specific,1
20250829,1,-0.004862440108848577,106,dss,specific,1
20250829,2,-0.0013592222068095953,105,dss,specific,1
20250829,3,0.009663469179122584,105,dss,specific,1
20250829,4,0.010891427013880677,105,dss,specific,1
20250829,5,0.003298801094480524,105,dss,specific,1
20250930,1,-0.01316584913526549,103,dss,specific,1
20250930,2,-0.009301145134415559,102,dss,specific,1
20250930,3,0.00982077371747149,103,dss,specific,1
20250930,4,0.008580995592323842,102,dss,specific,1
20250930,5,0.012459796160692817,102,dss,specific,1
20251031,1,0.0005590339564359711,105,dss,specific,1
20251031,2,-0.003852684777099082,104,dss,specific,1
20251031,3,-0.006133257517169147,104,dss,specific,1
20251031,4,0.016047588405006544,104,dss,specific,1
20251031,5,-0.0026874079601344443,104,dss,specific,1
20251128,1,-0.02012062858848355,101,dss,specific,1
20251128,2,-0.00720443162579713,101,dss,specific,1
20251128,3,0.006781368858428041,101,dss,specific,1
20251128,4,-0.009597138041910805,101,dss,specific,1
20251128,5,-0.005147331542672081,101,dss,specific,1
20251231,1,-0.0023098217895851105,102,dss,specific,1
20251231,2,0.011642546273423121,101,dss,specific,1
20251231,3,-0.00808052560196712,102,dss,specific,1
20251231,4,-0.0014834429750149522,101,dss,specific,1
20251231,5,0.0008418011759674158,101,dss,specific,1
20260130,1,-0.010321232949806951,103,dss,specific,1
20260130,2,-0.009393767405297957,103,dss,specific,1
20260130,3,-0.0023263028048484697,103,dss,specific,1
20260130,4,-6.0677601387859225e-05,103,dss,specific,1
20260130,5,-0.003783495945918615,103,dss,specific,1
20260227,1,-0.01763799089726889,104,dss,specific,1
20260227,2,0.008619526900122213,104,dss,specific,1
20260227,3,-0.00043785551572895,104,dss,specific,1
20260227,4,-0.0001845507730763719,104,dss,specific,1
20260227,5,0.007882709044325876,104,dss,specific,1
20260331,1,-0.016079256963213804,102,dss,specific,1
20260331,2,-0.003286075645524819,102,dss,specific,1
20260331,3,-0.010778718477111494,102,dss,specific,1
20260331,4,0.0003201627329992119,102,dss,specific,1
20260331,5,0.013759270418880256,102,dss,specific,1
20260430,1,-0.006358451253228651,101,dss,specific,1
20260430,2,-0.0005924102997672692,101,dss,specific,1
20260430,3,0.004108768687641813,101,dss,specific,1
20260430,4,-0.001809764079130028,101,dss,specific,1
20260430,5,-0.0008500044282386711,101,dss,specific,1
20260529,1,0.007976890270891724,101,dss,specific,1
20260529,2,0.014259073288111147,100,dss,specific,1
20260529,3,-0.010105789107680124,100,dss,specific,1
20260529,4,-0.015003592001028123,100,dss,specific,1
20260529,5,0.010036228806253262,100,dss,specific,1
20260630,1,0.0008880115041300695,102,dss,specific,1
20260630,2,-0.0011684597158914166,101,dss,specific,1
20260630,3,0.002990942022210833,101,dss,specific,1
20260630,4,0.0034322510197824204,101,dss,specific,1
20260630,5,0.015727611554506634,101,dss,specific,1
20190329,1,0.014193556554352414,105,dss,specific,3
20190329,2,-0.00779280509597505,105,dss,specific,3
20190329,3,-0.01189386425192568,104,dss,specific,3
20190329,4,0.0159281699035579,105,dss,specific,3
20190329,5,0.015666181194710218,104,dss,specific,3
20190430,1,-0.011591262321374309,101,dss,specific,3
20190430,2,0.015121196288638956,100,dss,specific,3
20190430,3,-0.006000026380158003,101,dss,specific,3
20190430,4,0.012042030346355093,100,dss,specific,3
20190430,5,-0.0046181205728777755,100,dss,specific,3
20190531,1,-0.027846738660729647,101,dss,specific,3
20190531,2,-0.017395398860693405,101,dss,specific,3
20190531,3,0.004490084349815175,100,dss,specific,3
20190531,4,0.0081902896698123,101,dss,specific,3
20190531,5,-0.007554100179348619,100,dss,specific,3
20190628,1,-0.010626467963957699,100,dss,specific,3
20190628,2,-0.003673054638516524,99,dss,specific,3
20190628,3,-0.017973413167329,100,dss,specific,3
20190628,4,-0.00602111702641662,99,dss,specific,3
20190628,5,0.008666456498965908,99,dss,specific,3
20190731,1,-0.010949747755844761,104,dss,specific,3
20190731,2,-0.008052352145463182,104,dss,specific,3
20190731,3,0.002279535280732923,104,dss,specific,3
20190731,4,0.025148565223575562,104,dss,specific,3
20190731,5,0.0002718077014516657,103,dss,specific,3
20190830,1,0.00681946198846128,103,dss,specific,3
20190830,2,0.01729874220271092,103,dss,specific,3
20190830,3,0.0004375221485017733,102,dss,specific,3
20190830,4,-0.004355559622213248,103,dss,specific,3
20190830,5,0.004073439494865241,102,dss,specific,3
20190930,1,-0.01063441904269874,99,dss,specific,3
20190930,2,-0.004821013653981929,99,dss,specific,3
20190930,3,0.01927551112136507,98,dss,specific,3
20190930,4,-0.012059125347104873,99,dss,specific,3
20190930,5,0.03493399339758946,98,dss,specific,3
20191031,1,-0.00752157092655323,104,dss,specific,3
20191031,2,-0.0016812938018781714,104,dss,specific,3
20191031,3,0.002607337236815382,104,dss,specific,3
20191031,4,0.004802271211343059,104,dss,specific,3
20191031,5,0.03489622607257746,103,dss,specific,3
20191129,1,-0.004557558342610882,105,dss,specific,3
20191129,2,0.009380091843335655,105,dss,specific,3
20191129,3,0.018917969374629258,104,dss,specific,3
20191129,4,-0.01603282553624621,105,dss,specific,3
20191129,5,-0.01568274170791104,104,dss,specific,3
20191231,1,0.0030166929402334407,102,dss,specific,3
20191231,2,0.001005129997829967,101,dss,specific,3
20191231,3,0.0077540151280525394,101,dss,specific,3
20191231,4,-0.012372881535557472,101,dss,specific,3
20191231,5,-0.011462542430877172,101,dss,specific,3
20200131,1,-0.02207804566544868,102,dss,specific,3
20200131,2,-0.019753265123820092,101,dss,specific,3
20200131,3,0.004980085891479462,102,dss,specific,3
20200131,4,0.01508660545087868,101,dss,specific,3
20200131,5,0.004186755919469343,101,dss,specific,3
20200228,1,-0.007376401799107422,103,dss,specific,3
20200228,2,-0.0059174695993685555,102,dss,specific,3
20200228,3,-0.0058404288247013506,102,dss,specific,3
20200228,4,0.024918304471771464,102,dss,specific,3
20200228,5,-0.010900532163816203,102,dss,specific,3
20200331,1,-0.021955822020079,105,dss,specific,3
20200331,2,0.010224314677090575,104,dss,specific,3
20200331,3,0.0005448522747001988,104,dss,specific,3
20200331,4,0.005382800794677765,104,dss,specific,3
20200331,5,0.00521989287924857,104,dss,specific,3
20200430,1,-0.04126846784783238,104,dss,specific,3
20200430,2,0.01612613040677306,104,dss,specific,3
20200430,3,-7.870271447507303e-06,103,dss,specific,3
20200430,4,-0.02030693805112848,104,dss,specific,3
20200430,5,0.011098520745359533,103,dss,specific,3
20200529,1,-0.022229050584893426,101,dss,specific,3
20200529,2,-0.014700038606890821,100,dss,specific,3
20200529,3,0.0004736104408634908,101,dss,specific,3
20200529,4,-0.0021860826279478944,100,dss,specific,3
20200529,5,0.023965681098349987,100,dss,specific,3
20200630,1,0.0054231358340138345,100,dss,specific,3
20200630,2,-0.029282995347535173,100,dss,specific,3
20200630,3,-0.00933320347155297,100,dss,specific,3
20200630,4,0.006637304315033066,100,dss,specific,3
20200630,5,0.025825581251143568,100,dss,specific,3
20200731,1,-0.017661725074745296,103,dss,specific,3
20200731,2,-0.008464564124664398,103,dss,specific,3
20200731,3,0.009579781467328184,103,dss,specific,3
20200731,4,0.03520348693792649,103,dss,specific,3
20200731,5,0.02276171527775489,103,dss,specific,3
20200831,1,-0.015533459108307083,104,dss,specific,3
20200831,2,-0.0021646911673983923,104,dss,specific,3
20200831,3,0.0102296844804617,104,dss,specific,3
20200831,4,0.016559415053768105,104,dss,specific,3
20200831,5,0.011846297752658184,104,dss,specific,3
20200930,1,-0.010263181517013489,103,dss,specific,3
20200930,2,-0.002135496694815374,103,dss,specific,3
20200930,3,-0.006995657023791828,103,dss,specific,3
20200930,4,0.017034133264147756,103,dss,specific,3
20200930,5,0.0368637034776578,102,dss,specific,3
20201030,1,-0.003909983723907564,101,dss,specific,3
20201030,2,-0.019837196745598328,101,dss,specific,3
20201030,3,-0.0003002734609259742,100,dss,specific,3
20201030,4,0.003721002274560171,101,dss,specific,3
20201030,5,-0.009335158117370177,100,dss,specific,3
20201130,1,-0.025196932104446026,100,dss,specific,3
20201130,2,0.004605545408824483,99,dss,specific,3
20201130,3,-0.011505095011849535,100,dss,specific,3
20201130,4,-0.007725033080897661,99,dss,specific,3
20201130,5,0.004561049565349458,99,dss,specific,3
20201231,1,-0.009530199468923473,105,dss,specific,3
20201231,2,-0.006821289640920107,104,dss,specific,3
20201231,3,-0.0008441083904096266,104,dss,specific,3
20201231,4,0.009973267511271196,104,dss,specific,3
20201231,5,-0.0036003215893535053,104,dss,specific,3
20210129,1,-0.019419725118273133,104,dss,specific,3
20210129,2,0.0012911577897401082,104,dss,specific,3
20210129,3,0.008293484088323144,104,dss,specific,3
20210129,4,0.03087552936373087,104,dss,specific,3
20210129,5,0.001422659799757501,103,dss,specific,3
20210226,1,-0.02020413695394414,103,dss,specific,3
20210226,2,0.0025420990709325575,103,dss,specific,3
20210226,3,-0.001522244578887405,102,dss,specific,3
20210226,4,0.01927939715935603,103,dss,specific,3
20210226,5,0.004287469597070715,102,dss,specific,3
20210331,1,-0.0041842776899628665,102,dss,specific,3
20210331,2,-0.0034175786204182616,102,dss,specific,3
20210331,3,-0.01428532240776355,101,dss,specific,3
20210331,4,-0.000647385416998386,102,dss,specific,3
20210331,5,0.005005765683061284,101,dss,specific,3
20210430,1,0.00163375889640824,98,dss,specific,3
20210430,2,0.020587643320925053,98,dss,specific,3
20210430,3,-0.011868702711633592,98,dss,specific,3
20210430,4,-0.0021000905283423423,98,dss,specific,3
20210430,5,0.003909480093516932,97,dss,specific,3
20210531,1,-0.041267632132765776,103,dss,specific,3
20210531,2,0.018027102484613852,103,dss,specific,3
20210531,3,0.008036251496569325,102,dss,specific,3
20210531,4,0.025517645483426103,103,dss,specific,3
20210531,5,-0.007835012775173837,102,dss,specific,3
20210630,1,-0.008962819638541349,105,dss,specific,3
20210630,2,-0.022957854937356074,104,dss,specific,3
20210630,3,0.0025690021052635825,104,dss,specific,3
20210630,4,0.02420309270267513,104,dss,specific,3
20210630,5,0.0039214987381512335,104,dss,specific,3
20210730,1,0.007080436298604028,103,dss,specific,3
20210730,2,-0.012582624322246688,103,dss,specific,3
20210730,3,-0.01621200504648963,102,dss,specific,3
20210730,4,0.03097208276781982,103,dss,specific,3
20210730,5,0.014825176391835919,102,dss,specific,3
20210831,1,-0.0019519909160378357,107,dss,specific,3
20210831,2,-0.0029424181766560535,106,dss,specific,3
20210831,3,0.019644152548250717,106,dss,specific,3
20210831,4,0.013116365742005462,106,dss,specific,3
20210831,5,0.016295364118011222,106,dss,specific,3
20210930,1,0.0006398746899316276,101,dss,specific,3
20210930,2,0.009276434481834782,100,dss,specific,3
20210930,3,0.009362127278565988,100,dss,specific,3
20210930,4,0.02085283158226127,100,dss,specific,3
20210930,5,-0.006779752881462653,100,dss,specific,3
20211029,1,-0.01586351308964881,101,dss,specific,3
20211029,2,-0.016088389261933886,101,dss,specific,3
20211029,3,-0.0022965937101083788,101,dss,specific,3
20211029,4,0.02344563688957127,101,dss,specific,3
20211029,5,0.006300447449971146,101,dss,specific,3
20211130,1,0.0047906258767947225,102,dss,specific,3
20211130,2,-0.007901887574399927,102,dss,specific,3
20211130,3,0.028553929536042064,102,dss,specific,3
20211130,4,-0.006335825259496684,102,dss,specific,3
20211130,5,-0.004132907386053973,102,dss,specific,3
20211231,1,-0.011086194688949325,102,dss,specific,3
20211231,2,-0.023368679540744387,101,dss,specific,3
20211231,3,0.026814912035570126,102,dss,specific,3
20211231,4,-0.01744002849873988,101,dss,specific,3
20211231,5,0.0007220886301270611,101,dss,specific,3
20220131,1,-0.001733088088474715,102,dss,specific,3
20220131,2,-0.013962724986663701,101,dss,specific,3
20220131,3,0.010364744427056245,102,dss,specific,3
20220131,4,-0.0012668257886927427,101,dss,specific,3
20220131,5,0.03003001239246455,101,dss,specific,3
20220228,1,-0.000795146104303951,101,dss,specific,3
20220228,2,-0.027648271234877963,101,dss,specific,3
20220228,3,-0.001283763760982592,101,dss,specific,3
20220228,4,-0.003644994572296515,101,dss,specific,3
20220228,5,0.015527226784624896,100,dss,specific,3
20220331,1,-0.023261914547267882,102,dss,specific,3
20220331,2,-0.0018239485261223659,102,dss,specific,3
20220331,3,0.003780481466219248,101,dss,specific,3
20220331,4,-0.006537046195653953,102,dss,specific,3
20220331,5,0.013525370761158123,101,dss,specific,3
20220429,1,-0.02891257570993229,102,dss,specific,3
20220429,2,-0.014118880390552981,101,dss,specific,3
20220429,3,-0.014969455754703471,101,dss,specific,3
20220429,4,0.00012139825103177803,101,dss,specific,3
20220429,5,0.012015545256724465,101,dss,specific,3
20220531,1,0.017298859424274064,105,dss,specific,3
20220531,2,0.006472789366600026,105,dss,specific,3
20220531,3,-0.014487015124278422,105,dss,specific,3
20220531,4,0.004652913023142287,105,dss,specific,3
20220531,5,0.008686166879856686,105,dss,specific,3
20220630,1,0.03180845348050973,101,dss,specific,3
20220630,2,0.0017334548740369953,100,dss,specific,3
20220630,3,-0.0076977366994052335,100,dss,specific,3
20220630,4,0.003245392951548318,100,dss,specific,3
20220630,5,0.005082444506962569,100,dss,specific,3
20220729,1,-0.0010422188119461298,104,dss,specific,3
20220729,2,-0.0009679048308686094,104,dss,specific,3
20220729,3,-0.004910382141109745,103,dss,specific,3
20220729,4,0.022718049552521477,104,dss,specific,3
20220729,5,0.009695956087351286,103,dss,specific,3
20220831,1,-0.007330919205611771,102,dss,specific,3
20220831,2,-0.012003177238064456,102,dss,specific,3
20220831,3,-0.0011938133848604989,102,dss,specific,3
20220831,4,0.029043279806997793,102,dss,specific,3
20220831,5,0.028074159353422112,102,dss,specific,3
20220930,1,-0.017243183992024125,104,dss,specific,3
20220930,2,-0.0003866862646538796,103,dss,specific,3
20220930,3,0.022861384810138056,103,dss,specific,3
20220930,4,0.017215833514986154,103,dss,specific,3
20220930,5,-0.0008884185646325142,103,dss,specific,3
20221031,1,0.01204591888115551,102,dss,specific,3
20221031,2,0.00043975101238646463,102,dss,specific,3
20221031,3,0.009795181048385818,102,dss,specific,3
20221031,4,-0.012854705634726625,102,dss,specific,3
20221031,5,0.022878778338612717,102,dss,specific,3
20221130,1,0.005534257390290044,103,dss,specific,3
20221130,2,-0.0025762657108325533,103,dss,specific,3
20221130,3,-0.017108648175242366,103,dss,specific,3
20221130,4,0.03379284779087694,103,dss,specific,3
20221130,5,-0.00493647736405347,103,dss,specific,3
20221230,1,-0.014189189052623006,104,dss,specific,3
20221230,2,0.013128809663126259,104,dss,specific,3
20221230,3,-0.009551068882698546,103,dss,specific,3
20221230,4,0.007476427349831643,104,dss,specific,3
20221230,5,0.010502903964940895,103,dss,specific,3
20230131,1,-0.013587794869249398,103,dss,specific,3
20230131,2,-0.0150616028747579,102,dss,specific,3
20230131,3,-0.00244210538861719,102,dss,specific,3
20230131,4,-0.004397297312540194,102,dss,specific,3
20230131,5,0.01180369589044038,102,dss,specific,3
20230228,1,0.006706230948260706,99,dss,specific,3
20230228,2,0.002759754341873411,98,dss,specific,3
20230228,3,-0.006749685452013125,99,dss,specific,3
20230228,4,-0.009999745155097705,98,dss,specific,3
20230228,5,-0.0036860562268870964,98,dss,specific,3
20230331,1,-0.011255598146713112,105,dss,specific,3
20230331,2,-0.021221837750561173,104,dss,specific,3
20230331,3,0.007322039814504294,104,dss,specific,3
20230331,4,0.0015370922173345858,104,dss,specific,3
20230331,5,0.015251743825877465,104,dss,specific,3
20230428,1,-0.00029228952933176163,101,dss,specific,3
20230428,2,-0.01042372257971911,101,dss,specific,3
20230428,3,0.018496705361436182,101,dss,specific,3
20230428,4,0.004456567587375207,101,dss,specific,3
20230428,5,0.025134520024417236,100,dss,specific,3
20230531,1,-0.007502534250256851,103,dss,specific,3
20230531,2,-0.01817851750481028,102,dss,specific,3
20230531,3,0.020181521580844866,103,dss,specific,3
20230531,4,-0.0075935002346624115,102,dss,specific,3
20230531,5,0.01338553325186505,102,dss,specific,3
20230630,1,-1.783301803863381e-05,101,dss,specific,3
20230630,2,-0.00861108227185237,101,dss,specific,3
20230630,3,0.011468674100208931,101,dss,specific,3
20230630,4,0.0007486972035293237,101,dss,specific,3
20230630,5,0.018441801183082578,101,dss,specific,3
20230731,1,0.0034511039612680518,100,dss,specific,3
20230731,2,-0.009369776707037262,99,dss,specific,3
20230731,3,0.014843392554822752,100,dss,specific,3
20230731,4,-0.010331721253031417,99,dss,specific,3
20230731,5,-0.01212393577550499,99,dss,specific,3
20230831,1,-0.008261924308880614,97,dss,specific,3
20230831,2,0.0013777559325866236,97,dss,specific,3
20230831,3,-0.025956977319770022,96,dss,specific,3
20230831,4,0.013140925708684296,97,dss,specific,3
20230831,5,0.016506923465497182,96,dss,specific,3
20230929,1,-0.025865873393678962,102,dss,specific,3
20230929,2,0.01295499259894282,102,dss,specific,3
20230929,3,-0.03220437240499081,102,dss,specific,3
20230929,4,0.015458800141584182,102,dss,specific,3
20230929,5,0.01784239684830759,101,dss,specific,3
20231031,1,-0.030874406606898143,103,dss,specific,3
20231031,2,0.0053894726102301895,102,dss,specific,3
20231031,3,-0.0018219141099931294,103,dss,specific,3
20231031,4,-0.004941355241058838,102,dss,specific,3
20231031,5,0.01364231798284092,102,dss,specific,3
20231130,1,-0.031059957156395503,107,dss,specific,3
20231130,2,-0.0169075375033612,107,dss,specific,3
20231130,3,0.019311473089409135,106,dss,specific,3
20231130,4,0.009260388195974722,107,dss,specific,3
20231130,5,0.015550636804380978,106,dss,specific,3
20231229,1,-0.029066034508847167,98,dss,specific,3
20231229,2,-0.004643947566964608,97,dss,specific,3
20231229,3,0.019353535132133576,98,dss,specific,3
20231229,4,0.014742566893001335,97,dss,specific,3
20231229,5,0.024434765487768448,97,dss,specific,3
20240131,1,-0.013324066937458565,102,dss,specific,3
20240131,2,0.0036457503453471616,101,dss,specific,3
20240131,3,0.012084423837903552,101,dss,specific,3
20240131,4,0.011096124012341158,101,dss,specific,3
20240131,5,0.020712071366367924,101,dss,specific,3
20240229,1,-0.004289470546827397,102,dss,specific,3
20240229,2,0.03243387895443588,102,dss,specific,3
20240229,3,-0.006045087382253931,102,dss,specific,3
20240229,4,0.015876602863290918,102,dss,specific,3
20240229,5,0.03324793896376606,102,dss,specific,3
20240329,1,0.003487715833279084,101,dss,specific,3
20240329,2,0.008243428841967725,100,dss,specific,3
20240329,3,0.004065675092989128,100,dss,specific,3
20240329,4,0.021374734026358134,100,dss,specific,3
20240329,5,-0.004231777013179772,100,dss,specific,3
20240430,1,-0.014891171495671773,101,dss,specific,3
20240430,2,0.0034163010060076263,101,dss,specific,3
20240430,3,-0.003444736707008435,101,dss,specific,3
20240430,4,0.02015074300447751,101,dss,specific,3
20240430,5,0.019059365955156803,101,dss,specific,3
20240531,1,-0.007894605614384213,102,dss,specific,3
20240531,2,0.019998791234374338,101,dss,specific,3
20240531,3,-0.0023590886933930063,101,dss,specific,3
20240531,4,-0.017665176403392997,101,dss,specific,3
20240531,5,0.0259700590338102,101,dss,specific,3
20240628,1,-0.009199155021604476,100,dss,specific,3
20240628,2,-0.006870763332650044,100,dss,specific,3
20240628,3,-0.006530947193198424,100,dss,specific,3
20240628,4,0.01756843778196167,100,dss,specific,3
20240628,5,0.0014192945252622842,99,dss,specific,3
20240731,1,-0.014586840249787875,104,dss,specific,3
20240731,2,-2.8433951088980125e-05,104,dss,specific,3
20240731,3,0.021930432690351942,104,dss,specific,3
20240731,4,0.004193477015146609,104,dss,specific,3
20240731,5,-0.0002527643271022047,104,dss,specific,3
20240830,1,0.007557426185682663,102,dss,specific,3
20240830,2,-0.02024235110200463,102,dss,specific,3
20240830,3,-0.0057565495864425565,102,dss,specific,3
20240830,4,-0.005937384236544851,102,dss,specific,3
20240830,5,0.0026760117077808876,102,dss,specific,3
20240930,1,-0.0094744352472898,101,dss,specific,3
20240930,2,-0.0028601941053596302,101,dss,specific,3
20240930,3,0.015901515594372008,100,dss,specific,3
20240930,4,0.017957367769962023,101,dss,specific,3
20240930,5,-0.0073740756462719334,100,dss,specific,3
20241031,1,0.0039948912328913,102,dss,specific,3
20241031,2,-0.0028707567561626745,102,dss,specific,3
20241031,3,0.006894992516518182,101,dss,specific,3
20241031,4,0.0014886457583832688,102,dss,specific,3
20241031,5,0.0005649838325188506,101,dss,specific,3
20241129,1,-0.007337374333899112,102,dss,specific,3
20241129,2,0.0033371395264176714,102,dss,specific,3
20241129,3,0.012150182740345374,102,dss,specific,3
20241129,4,0.006797210949791304,102,dss,specific,3
20241129,5,0.014750620614209758,101,dss,specific,3
20241231,1,0.012850532333111248,101,dss,specific,3
20241231,2,-0.007166828645092727,100,dss,specific,3
20241231,3,0.016563454427055042,100,dss,specific,3
20241231,4,-0.0002338237036106331,100,dss,specific,3
20241231,5,0.028798431843340532,100,dss,specific,3
20250131,1,0.008352164724580455,105,dss,specific,3
20250131,2,-0.0034125786936774235,105,dss,specific,3
20250131,3,0.021488284739908253,105,dss,specific,3
20250131,4,0.021413232920676973,105,dss,specific,3
20250131,5,0.030972501195088514,105,dss,specific,3
20250228,1,-0.030689214585375164,100,dss,specific,3
20250228,2,0.013457003716852527,99,dss,specific,3
20250228,3,0.012240308067737687,99,dss,specific,3
20250228,4,0.001387531588638863,99,dss,specific,3
20250228,5,0.033130977435066086,99,dss,specific,3
20250331,1,-0.01459228979760372,100,dss,specific,3
20250331,2,0.0036808941610604884,100,dss,specific,3
20250331,3,0.020637179426725084,100,dss,specific,3
20250331,4,-0.009366542763847447,100,dss,specific,3
20250331,5,0.009450110633244028,99,dss,specific,3
20250430,1,-0.015199336053276368,103,dss,specific,3
20250430,2,-0.008470782942952507,102,dss,specific,3
20250430,3,0.020247799289001136,103,dss,specific,3
20250430,4,0.004248614740172684,102,dss,specific,3
20250430,5,-0.016605834997445855,102,dss,specific,3
20250530,1,0.010303038295783057,103,dss,specific,3
20250530,2,-0.01001625265403563,102,dss,specific,3
20250530,3,0.017323126257011684,102,dss,specific,3
20250530,4,-0.00024348003919062803,102,dss,specific,3
20250530,5,0.014474088482518027,102,dss,specific,3
20250630,1,0.02074081183261423,101,dss,specific,3
20250630,2,0.009561474877976152,101,dss,specific,3
20250630,3,-0.010575715630359549,101,dss,specific,3
20250630,4,0.017370519049854587,101,dss,specific,3
20250630,5,0.0002442602855110466,101,dss,specific,3
20250731,1,-0.01055503237176641,102,dss,specific,3
20250731,2,-0.010833442684819485,102,dss,specific,3
20250731,3,0.008051654777516426,102,dss,specific,3
20250731,4,0.015021791263902753,102,dss,specific,3
20250731,5,0.016734420027015386,101,dss,specific,3
20250829,1,-0.007061732292622379,106,dss,specific,3
20250829,2,0.0029155977783621246,105,dss,specific,3
20250829,3,0.005478022718633772,105,dss,specific,3
20250829,4,0.005592770475119313,105,dss,specific,3
20250829,5,0.002231961884768185,105,dss,specific,3
20250930,1,-0.025398526771960764,103,dss,specific,3
20250930,2,-0.009751848658988442,102,dss,specific,3
20250930,3,0.007690572145100492,103,dss,specific,3
20250930,4,0.0007014444831669532,102,dss,specific,3
20250930,5,-0.0002336195575559471,102,dss,specific,3
20251031,1,0.002166796287762859,105,dss,specific,3
20251031,2,-0.008844791818250973,104,dss,specific,3
20251031,3,-0.015496172215388352,104,dss,specific,3
20251031,4,0.01666661230194243,104,dss,specific,3
20251031,5,-0.0028722563843887553,104,dss,specific,3
20251128,1,-0.03494316954883805,101,dss,specific,3
20251128,2,-0.011064115015714701,101,dss,specific,3
20251128,3,0.009804863863238773,101,dss,specific,3
20251128,4,-0.013496475657572156,101,dss,specific,3
20251128,5,-0.006172323485934276,101,dss,specific,3
20251231,1,-0.005356763208645695,102,dss,specific,3
20251231,2,-0.004054763848845951,101,dss,specific,3
20251231,3,-0.013568812813771921,102,dss,specific,3
20251231,4,-0.005123694606613577,101,dss,specific,3
20251231,5,0.01015114042167825,101,dss,specific,3
20260130,1,-0.0286748587516417,103,dss,specific,3
20260130,2,-0.011632127493761467,103,dss,specific,3
20260130,3,-0.013427752096363056,103,dss,specific,3
20260130,4,-0.008033422526423454,103,dss,specific,3
20260130,5,0.007384980044873414,103,dss,specific,3
20260227,1,-0.01757909775267188,104,dss,specific,3
20260227,2,0.010900528653579464,104,dss,specific,3
20260227,3,-0.015095789535397228,104,dss,specific,3
20260227,4,-0.008215811560672361,104,dss,specific,3
20260227,5,0.025370096159700373,104,dss,specific,3
20260331,1,-0.014423455996202959,102,dss,specific,3
20260331,2,-0.0023401808616789004,102,dss,specific,3
20260331,3,-0.010828134203142025,102,dss,specific,3
20260331,4,-0.0009173342935705022,102,dss,specific,3
20260331,5,0.013051107060479407,102,dss,specific,3
20260430,1,0.00199637020237258,101,dss,specific,3
20260430,2,-0.001645991826843543,101,dss,specific,3
20260430,3,0.0030351878517594286,101,dss,specific,3
20260430,4,-0.0081992691226575,101,dss,specific,3
20260430,5,0.004521988410288476,101,dss,specific,3
20190329,1,-0.0025497063856529034,105,dss,specific,6
20190329,2,0.009031022001328236,105,dss,specific,6
20190329,3,-0.025802405280579963,104,dss,specific,6
20190329,4,0.017653210925264014,105,dss,specific,6
20190329,5,0.009252106117853445,104,dss,specific,6
20190430,1,-0.018959916616662055,101,dss,specific,6
20190430,2,0.0319206075621486,100,dss,specific,6
20190430,3,-0.007177353372410449,101,dss,specific,6
20190430,4,0.025426442660320982,100,dss,specific,6
20190430,5,-0.007307933794723987,100,dss,specific,6
20190531,1,-0.013580248471152837,101,dss,specific,6
20190531,2,-0.01870779701164619,101,dss,specific,6
20190531,3,0.019280488012670943,100,dss,specific,6
20190531,4,0.01573701541857473,101,dss,specific,6
20190531,5,0.0037279769209332186,100,dss,specific,6
20190628,1,0.017151372406753632,100,dss,specific,6
20190628,2,-0.014138880922576461,99,dss,specific,6
20190628,3,-0.022728321281095868,100,dss,specific,6
20190628,4,-0.006195629762101426,99,dss,specific,6
20190628,5,0.032648919304524,99,dss,specific,6
20190731,1,-0.014906491360941607,104,dss,specific,6
20190731,2,-0.029342495869592495,104,dss,specific,6
20190731,3,0.02034559953785531,104,dss,specific,6
20190731,4,0.018609596704813734,104,dss,specific,6
20190731,5,0.008588542235866126,103,dss,specific,6
20190830,1,-0.0001821306546793171,103,dss,specific,6
20190830,2,0.013989593616041764,103,dss,specific,6
20190830,3,0.012206056083457545,102,dss,specific,6
20190830,4,-0.009517480370333651,103,dss,specific,6
20190830,5,-0.011963115166411515,102,dss,specific,6
20190930,1,-0.01987894812600872,99,dss,specific,6
20190930,2,-0.013328345127301616,99,dss,specific,6
20190930,3,0.019213878275604897,98,dss,specific,6
20190930,4,-0.003441830384617491,99,dss,specific,6
20190930,5,0.029822820032959215,98,dss,specific,6
20191031,1,-0.0076641896273623245,104,dss,specific,6
20191031,2,-0.01826239227353908,104,dss,specific,6
20191031,3,-0.003127871018245338,104,dss,specific,6
20191031,4,0.0052078808198787185,104,dss,specific,6
20191031,5,0.049145089662744994,103,dss,specific,6
20191129,1,0.007314916099544869,105,dss,specific,6
20191129,2,0.02169268308407448,105,dss,specific,6
20191129,3,0.025146842365871083,104,dss,specific,6
20191129,4,-0.015795268597678252,105,dss,specific,6
20191129,5,-0.03722908966366968,104,dss,specific,6
20191231,1,-0.010842162027856683,102,dss,specific,6
20191231,2,0.020936887254986047,101,dss,specific,6
20191231,3,0.01319694832880996,101,dss,specific,6
20191231,4,-0.0364832403709359,101,dss,specific,6
20191231,5,-0.007943028362621986,101,dss,specific,6
20200131,1,-0.015148772539100436,102,dss,specific,6
20200131,2,-0.03187521360372997,101,dss,specific,6
20200131,3,-0.02454813363226463,102,dss,specific,6
20200131,4,0.006011084217857296,101,dss,specific,6
20200131,5,0.03469448046123063,101,dss,specific,6
20200228,1,-0.019326852912808962,103,dss,specific,6
20200228,2,-0.04083370512332076,102,dss,specific,6
20200228,3,-0.006320015894418402,102,dss,specific,6
20200228,4,0.021268366732200245,102,dss,specific,6
20200228,5,-0.003712839896261599,102,dss,specific,6
20200331,1,-0.013818355892044462,105,dss,specific,6
20200331,2,0.001660274369515423,104,dss,specific,6
20200331,3,-0.0024160993717978166,104,dss,specific,6
20200331,4,0.01213023741587891,104,dss,specific,6
20200331,5,-0.006306356080391583,104,dss,specific,6
20200430,1,-0.04948078074386316,104,dss,specific,6
20200430,2,0.012808408908620506,104,dss,specific,6
20200430,3,0.007802932053712951,103,dss,specific,6
20200430,4,-0.005490787398687148,104,dss,specific,6
20200430,5,0.01800504608588837,103,dss,specific,6
20200529,1,-0.036578547528344205,101,dss,specific,6
20200529,2,-0.0038896135733148774,100,dss,specific,6
20200529,3,0.008561623996034157,101,dss,specific,6
20200529,4,0.014688420233831873,100,dss,specific,6
20200529,5,0.034308696628879816,100,dss,specific,6
20200630,1,-0.001825741151121535,100,dss,specific,6
20200630,2,-0.02690703223401097,100,dss,specific,6
20200630,3,-0.0005263863147164662,100,dss,specific,6
20200630,4,0.007960906284858089,100,dss,specific,6
20200630,5,0.042720661869943645,100,dss,specific,6
20200731,1,-0.027346464574541776,103,dss,specific,6
20200731,2,-0.004113318611849551,103,dss,specific,6
20200731,3,0.003981711128527912,103,dss,specific,6
20200731,4,0.025857638042976416,103,dss,specific,6
20200731,5,0.017409495766429993,103,dss,specific,6
20200831,1,-0.010077246464342212,104,dss,specific,6
20200831,2,-0.007368768144381413,104,dss,specific,6
20200831,3,-0.016780687824475456,104,dss,specific,6
20200831,4,0.016750770486443987,104,dss,specific,6
20200831,5,0.0031643929847767183,104,dss,specific,6
20200930,1,-0.019542447981066188,103,dss,specific,6
20200930,2,0.006243161755686421,103,dss,specific,6
20200930,3,0.0017555821545565378,103,dss,specific,6
20200930,4,0.020068429156811743,103,dss,specific,6
20200930,5,4.238952570363719e-05,102,dss,specific,6
20201030,1,-0.011241789324122542,101,dss,specific,6
20201030,2,-0.011295747166651148,101,dss,specific,6
20201030,3,-0.007339986037213697,100,dss,specific,6
20201030,4,0.012654007271839783,101,dss,specific,6
20201030,5,-0.009543312047865874,100,dss,specific,6
20201130,1,-0.037958196961173724,100,dss,specific,6
20201130,2,0.007311460801757796,99,dss,specific,6
20201130,3,-0.03057528792521334,100,dss,specific,6
20201130,4,0.010523799472810411,99,dss,specific,6
20201130,5,0.03249091791626253,99,dss,specific,6
20201231,1,-0.0003880451812977032,105,dss,specific,6
20201231,2,-0.0026796048068509215,104,dss,specific,6
20201231,3,-0.0218341257528384,104,dss,specific,6
20201231,4,0.02849484114367925,104,dss,specific,6
20201231,5,-0.015858340550768516,104,dss,specific,6
20210129,1,-0.04560544709743615,104,dss,specific,6
20210129,2,0.031097876255345457,104,dss,specific,6
20210129,3,-0.0028522350223060683,104,dss,specific,6
20210129,4,0.03345395488895135,104,dss,specific,6
20210129,5,0.0006079712474448478,103,dss,specific,6
20210226,1,-0.02261892196379375,103,dss,specific,6
20210226,2,-0.004042931657453193,103,dss,specific,6
20210226,3,-0.015121548071981733,102,dss,specific,6
20210226,4,0.01784849407587252,103,dss,specific,6
20210226,5,0.00791790634365044,102,dss,specific,6
20210331,1,-0.012026127949788495,102,dss,specific,6
20210331,2,0.00666210427122875,102,dss,specific,6
20210331,3,-0.00734977398961007,101,dss,specific,6
20210331,4,0.007575335595429939,102,dss,specific,6
20210331,5,-0.0032882142797588114,101,dss,specific,6
20210430,1,-0.00765552843121707,98,dss,specific,6
20210430,2,0.03967837495434889,98,dss,specific,6
20210430,3,-0.010523802379983021,98,dss,specific,6
20210430,4,0.02065768472493771,98,dss,specific,6
20210430,5,-0.001820504842825927,97,dss,specific,6
20210531,1,-0.03805205609019359,103,dss,specific,6
20210531,2,0.018868297342500333,103,dss,specific,6
20210531,3,-0.0007109201385226838,102,dss,specific,6
20210531,4,0.050869999339503424,103,dss,specific,6
20210531,5,0.010536441774922575,102,dss,specific,6
20210630,1,-0.000823742458152689,105,dss,specific,6
20210630,2,-0.015773807483298482,104,dss,specific,6
20210630,3,-0.004170768243612736,104,dss,specific,6
20210630,4,0.03596855129748066,104,dss,specific,6
20210630,5,0.01800853503135076,104,dss,specific,6
20210730,1,0.04426500892295007,103,dss,specific,6
20210730,2,-0.017862417156412482,103,dss,specific,6
20210730,3,-0.029736980136406275,102,dss,specific,6
20210730,4,0.02497955207746117,103,dss,specific,6
20210730,5,0.0021841427243089644,102,dss,specific,6
20210831,1,0.003862717588071049,107,dss,specific,6
20210831,2,-0.021755347362314395,106,dss,specific,6
20210831,3,0.028534979385527195,106,dss,specific,6
20210831,4,0.012921150463694672,106,dss,specific,6
20210831,5,0.020544224698150766,106,dss,specific,6
20210930,1,0.016197261627630834,101,dss,specific,6
20210930,2,-0.023016364347060444,100,dss,specific,6
20210930,3,0.013979184760738714,100,dss,specific,6
20210930,4,0.006779800956157942,100,dss,specific,6
20210930,5,0.0076524070890912,100,dss,specific,6
20211029,1,-0.0018149644323447107,101,dss,specific,6
20211029,2,-0.037808524691954074,101,dss,specific,6
20211029,3,0.011110334923298455,101,dss,specific,6
20211029,4,0.025409941169156,101,dss,specific,6
20211029,5,0.016935633423102132,101,dss,specific,6
20211130,1,0.010425581951874879,102,dss,specific,6
20211130,2,-0.02532796231903407,102,dss,specific,6
20211130,3,0.04098786123819795,102,dss,specific,6
20211130,4,-0.02208620574330822,102,dss,specific,6
20211130,5,-0.008628584133309145,102,dss,specific,6
20211231,1,-0.02596727715396474,102,dss,specific,6
20211231,2,-0.03012289392919564,101,dss,specific,6
20211231,3,0.02986689128700637,102,dss,specific,6
20211231,4,-0.016895813366933066,101,dss,specific,6
20211231,5,0.0008387146151275539,101,dss,specific,6
20220131,1,-0.01852268719026435,102,dss,specific,6
20220131,2,-0.021042385009767847,101,dss,specific,6
20220131,3,0.0006025823697726378,102,dss,specific,6
20220131,4,0.003095749517920969,101,dss,specific,6
20220131,5,0.027872586594900994,101,dss,specific,6
20220228,1,0.02436367998801776,101,dss,specific,6
20220228,2,-0.02891539921626637,101,dss,specific,6
20220228,3,-0.0033888414329995824,101,dss,specific,6
20220228,4,0.005984996232940485,101,dss,specific,6
20220228,5,0.0023820344280495675,100,dss,specific,6
20220331,1,-0.01689055494294473,102,dss,specific,6
20220331,2,0.0009989828205035642,102,dss,specific,6
20220331,3,0.0018526318533191545,101,dss,specific,6
20220331,4,-0.009058895706450193,102,dss,specific,6
20220331,5,0.011660997665135843,101,dss,specific,6
20220429,1,-0.022522403488673674,102,dss,specific,6
20220429,2,-0.010939591977515607,101,dss,specific,6
20220429,3,-0.0036913106449907823,101,dss,specific,6
20220429,4,0.02420596839265322,101,dss,specific,6
20220429,5,0.010672419514467055,101,dss,specific,6
20220531,1,0.029026767785692777,105,dss,specific,6
20220531,2,0.010982260662549054,105,dss,specific,6
20220531,3,-0.012448583635856209,105,dss,specific,6
20220531,4,-0.003387477809709426,105,dss,specific,6
20220531,5,0.012841810325351066,105,dss,specific,6
20220630,1,0.013146999338917031,101,dss,specific,6
20220630,2,-0.00039585242518996313,100,dss,specific,6
20220630,3,0.007451637617999575,100,dss,specific,6
20220630,4,0.024195943161876104,100,dss,specific,6
20220630,5,-0.0040130651353500555,100,dss,specific,6
20220729,1,0.0008172644756334848,104,dss,specific,6
20220729,2,0.0004709348546059598,104,dss,specific,6
20220729,3,-0.006979924931906943,103,dss,specific,6
20220729,4,0.03312697229486403,104,dss,specific,6
20220729,5,0.014994348986631604,103,dss,specific,6
20220831,1,-0.019872908863517964,102,dss,specific,6
20220831,2,-0.014016143177391636,102,dss,specific,6
20220831,3,-0.011859349425761431,102,dss,specific,6
20220831,4,0.05541477178475076,102,dss,specific,6
20220831,5,0.03851048269472761,102,dss,specific,6
20220930,1,-0.009066985119869158,104,dss,specific,6
20220930,2,-0.006671380709095921,103,dss,specific,6
20220930,3,0.010609008577127963,103,dss,specific,6
20220930,4,0.028418118379521694,103,dss,specific,6
20220930,5,-0.009938170572954359,103,dss,specific,6
20221031,1,0.008605627625172925,102,dss,specific,6
20221031,2,0.008370864450173729,102,dss,specific,6
20221031,3,-0.0018757300441313949,102,dss,specific,6
20221031,4,-0.002715970374625614,102,dss,specific,6
20221031,5,0.028133442156713227,102,dss,specific,6
20221130,1,0.006056746406088739,103,dss,specific,6
20221130,2,-0.009941218551916181,103,dss,specific,6
20221130,3,-0.013456127577899865,103,dss,specific,6
20221130,4,0.02558646637762333,103,dss,specific,6
20221130,5,-0.00435620196320227,103,dss,specific,6
20221230,1,-0.027656403158081155,104,dss,specific,6
20221230,2,0.005301174835227627,104,dss,specific,6
20221230,3,0.005363150264906085,103,dss,specific,6
20221230,4,0.00026828622044997616,104,dss,specific,6
20221230,5,0.017032971177273076,103,dss,specific,6
20230131,1,-0.014216128395186297,103,dss,specific,6
20230131,2,-0.038926542996726106,102,dss,specific,6
20230131,3,0.01740169726367337,102,dss,specific,6
20230131,4,0.004320190933361291,102,dss,specific,6
20230131,5,0.019219277007420297,102,dss,specific,6
20230228,1,0.02307313085614589,99,dss,specific,6
20230228,2,-0.010446189157836468,98,dss,specific,6
20230228,3,0.0076917498985670405,99,dss,specific,6
20230228,4,-0.005047700239933582,98,dss,specific,6
20230228,5,-0.007394465069836446,98,dss,specific,6
20230331,1,-0.0023375169809996283,105,dss,specific,6
20230331,2,-0.03642362906269287,104,dss,specific,6
20230331,3,-0.001008229956815832,104,dss,specific,6
20230331,4,0.00936733650699898,104,dss,specific,6
20230331,5,0.04007304233662341,104,dss,specific,6
20230428,1,-0.007207337563032096,101,dss,specific,6
20230428,2,-0.027977619983858063,101,dss,specific,6
20230428,3,0.01878593455876248,101,dss,specific,6
20230428,4,0.009251111790910363,101,dss,specific,6
20230428,5,0.038586836004786136,100,dss,specific,6
20230531,1,-0.007756626544127602,103,dss,specific,6
20230531,2,-0.013962241673342651,102,dss,specific,6
20230531,3,0.007119987733111751,103,dss,specific,6
20230531,4,0.003397348373168393,102,dss,specific,6
20230531,5,0.0008360224844330245,102,dss,specific,6
20230630,1,-0.014403469831198694,101,dss,specific,6
20230630,2,-0.007616891038463283,101,dss,specific,6
20230630,3,0.01252010014027405,101,dss,specific,6
20230630,4,0.014119545321667188,101,dss,specific,6
20230630,5,-0.007320411220055105,101,dss,specific,6
20230731,1,-0.006704574263612793,100,dss,specific,6
20230731,2,-0.0018258938377290399,99,dss,specific,6
20230731,3,-0.005858006752313301,100,dss,specific,6
20230731,4,-0.0018687208789767876,99,dss,specific,6
20230731,5,-0.0041184470959069516,99,dss,specific,6
20230831,1,-0.0012004545535395463,97,dss,specific,6
20230831,2,0.01638752891946002,97,dss,specific,6
20230831,3,-0.040835235351595466,96,dss,specific,6
20230831,4,0.001359876519790183,97,dss,specific,6
20230831,5,0.03677151270177155,96,dss,specific,6
20230929,1,-0.021719450941495348,102,dss,specific,6
20230929,2,0.022451122841008146,102,dss,specific,6
20230929,3,-0.031174613676795828,102,dss,specific,6
20230929,4,0.01578589130272619,102,dss,specific,6
20230929,5,0.04705280480008838,101,dss,specific,6
20231031,1,-0.018865517384138608,103,dss,specific,6
20231031,2,0.01637722361264187,102,dss,specific,6
20231031,3,-0.0029973248981701728,103,dss,specific,6
20231031,4,-0.008011181378870323,102,dss,specific,6
20231031,5,0.033170725951304575,102,dss,specific,6
20231130,1,-0.03388285629557167,107,dss,specific,6
20231130,2,0.0234864681570938,107,dss,specific,6
20231130,3,0.03270806589153309,106,dss,specific,6
20231130,4,0.013464486461293517,107,dss,specific,6
20231130,5,0.014501329969685811,106,dss,specific,6
20231229,1,-0.014903192334332136,98,dss,specific,6
20231229,2,0.004798400404411999,97,dss,specific,6
20231229,3,0.018232167092135595,98,dss,specific,6
20231229,4,0.008746973507712806,97,dss,specific,6
20231229,5,0.044653322274475965,97,dss,specific,6
20240131,1,0.001496762408680838,102,dss,specific,6
20240131,2,0.021243424527369516,101,dss,specific,6
20240131,3,0.013238217245461023,101,dss,specific,6
20240131,4,-0.0123161803794942,101,dss,specific,6
20240131,5,0.01632447277469176,101,dss,specific,6
20240229,1,0.0011126215126125605,102,dss,specific,6
20240229,2,0.035725232741358914,102,dss,specific,6
20240229,3,-0.0054688959338521845,102,dss,specific,6
20240229,4,0.02508638682543499,102,dss,specific,6
20240229,5,0.03842223399381776,102,dss,specific,6
20240329,1,0.012433041195085513,101,dss,specific,6
20240329,2,-0.0038575844979706984,100,dss,specific,6
20240329,3,-0.0041080286716353364,100,dss,specific,6
20240329,4,0.03535569150804367,100,dss,specific,6
20240329,5,-0.013049474125734442,100,dss,specific,6
20240430,1,-0.00961935626858046,101,dss,specific,6
20240430,2,-0.011833499973660297,101,dss,specific,6
20240430,3,-0.013263507374714106,101,dss,specific,6
20240430,4,0.04882932568574867,101,dss,specific,6
20240430,5,0.018097253215419818,101,dss,specific,6
20240531,1,-0.011310083571241126,102,dss,specific,6
20240531,2,0.008450024475501309,101,dss,specific,6
20240531,3,-0.00456987890556678,101,dss,specific,6
20240531,4,-0.006520444638068503,101,dss,specific,6
20240531,5,0.009361809280299603,101,dss,specific,6
20240628,1,-0.003488095838741289,100,dss,specific,6
20240628,2,-0.00797082623595577,100,dss,specific,6
20240628,3,-0.005355618935848031,100,dss,specific,6
20240628,4,0.009473958083047606,100,dss,specific,6
20240628,5,0.012162021874512095,99,dss,specific,6
20240731,1,-0.0026732207962817623,104,dss,specific,6
20240731,2,-0.021688674915504476,104,dss,specific,6
20240731,3,-0.0009192102270741845,104,dss,specific,6
20240731,4,-0.005038854676221376,104,dss,specific,6
20240731,5,0.018143776303954702,104,dss,specific,6
20240830,1,0.0005852427098966306,102,dss,specific,6
20240830,2,-0.010658131711567716,102,dss,specific,6
20240830,3,0.016559919968263666,102,dss,specific,6
20240830,4,-0.0005598252887421427,102,dss,specific,6
20240830,5,0.016564933197810494,102,dss,specific,6
20240930,1,0.0017709651811689566,101,dss,specific,6
20240930,2,-0.006770851741596994,101,dss,specific,6
20240930,3,0.023675977878075655,100,dss,specific,6
20240930,4,0.034814177277709045,101,dss,specific,6
20240930,5,0.014494313566575167,100,dss,specific,6
20241031,1,0.017324049316304213,102,dss,specific,6
20241031,2,0.0020289325819912362,102,dss,specific,6
20241031,3,0.03465502451135228,101,dss,specific,6
20241031,4,0.011257470501848435,102,dss,specific,6
20241031,5,0.02092655514852913,101,dss,specific,6
20241129,1,-0.0039351874042122675,102,dss,specific,6
20241129,2,0.005642245881269773,102,dss,specific,6
20241129,3,0.010639891866963546,102,dss,specific,6
20241129,4,0.004759202145071937,102,dss,specific,6
20241129,5,0.027813571460411402,101,dss,specific,6
20241231,1,0.02604492008000856,101,dss,specific,6
20241231,2,-0.017320171058668354,100,dss,specific,6
20241231,3,0.01589730683902386,100,dss,specific,6
20241231,4,0.014390253162145858,100,dss,specific,6
20241231,5,0.04087594720757986,100,dss,specific,6
20250131,1,0.03348420555869088,105,dss,specific,6
20250131,2,-0.022263856364696213,105,dss,specific,6
20250131,3,0.023756960717147814,105,dss,specific,6
20250131,4,0.01961105547713504,105,dss,specific,6
20250131,5,0.02751674978158292,105,dss,specific,6
20250228,1,-0.013810619663930107,100,dss,specific,6
20250228,2,0.013142292232195877,99,dss,specific,6
20250228,3,0.026792759197486863,99,dss,specific,6
20250228,4,-0.003419735715959912,99,dss,specific,6
20250228,5,0.044812265543227744,99,dss,specific,6
20250331,1,-0.006247019339942102,100,dss,specific,6
20250331,2,0.022655856190375013,100,dss,specific,6
20250331,3,0.021755277245025493,100,dss,specific,6
20250331,4,-0.005354877754733044,100,dss,specific,6
20250331,5,0.0010748377646054683,99,dss,specific,6
20250430,1,-0.014981681082739244,103,dss,specific,6
20250430,2,0.0013352674243686596,102,dss,specific,6
20250430,3,0.0305642621333042,103,dss,specific,6
20250430,4,0.004675117515492494,102,dss,specific,6
20250430,5,-0.020138618703372236,102,dss,specific,6
20250530,1,0.01870777005706645,103,dss,specific,6
20250530,2,-0.0031062986656074246,102,dss,specific,6
20250530,3,0.02412625117240298,102,dss,specific,6
20250530,4,0.012311438170810748,102,dss,specific,6
20250530,5,0.002123438876542348,102,dss,specific,6
20250630,1,-0.0037131985841218225,101,dss,specific,6
20250630,2,0.010023890165929717,101,dss,specific,6
20250630,3,-0.002079537745410905,101,dss,specific,6
20250630,4,0.025635459804840968,101,dss,specific,6
20250630,5,-0.017709927867787165,101,dss,specific,6
20250731,1,-0.01919546149292518,102,dss,specific,6
20250731,2,0.0057447580694991365,102,dss,specific,6
20250731,3,0.009570326375885044,102,dss,specific,6
20250731,4,0.006976840331211484,102,dss,specific,6
20250731,5,-0.008012380385502008,101,dss,specific,6
20250829,1,-0.018552229971049588,106,dss,specific,6
20250829,2,-0.011827736199604985,105,dss,specific,6
20250829,3,0.00876379055533039,105,dss,specific,6
20250829,4,0.004360334044217612,105,dss,specific,6
20250829,5,0.010884979347275336,105,dss,specific,6
20250930,1,-0.02599687456706237,103,dss,specific,6
20250930,2,0.001052482119056646,102,dss,specific,6
20250930,3,0.0017103076960973372,103,dss,specific,6
20250930,4,-0.0030078944920003386,102,dss,specific,6
20250930,5,-0.009087610913340267,102,dss,specific,6
20251031,1,-0.0244381162759725,105,dss,specific,6
20251031,2,-0.01097480244115889,104,dss,specific,6
20251031,3,-0.022974834418648855,104,dss,specific,6
20251031,4,0.03493983842704506,104,dss,specific,6
20251031,5,-0.017588198879578895,104,dss,specific,6
20251128,1,-0.04463407284194154,101,dss,specific,6
20251128,2,-0.019758719097750968,101,dss,specific,6
20251128,3,0.019933123404431447,101,dss,specific,6
20251128,4,-0.015196656426774053,101,dss,specific,6
20251128,5,-0.006608470185974788,101,dss,specific,6
20251231,1,-0.01225088530050593,102,dss,specific,6
20251231,2,-0.023555448912061117,101,dss,specific,6
20251231,3,0.008170890544190665,102,dss,specific,6
20251231,4,0.00659411506623404,101,dss,specific,6
20251231,5,0.0191653256298607,101,dss,specific,6
20260130,1,-0.0332634488956342,103,dss,specific,6
20260130,2,-0.01337286811846182,103,dss,specific,6
20260130,3,-0.014533519959396146,103,dss,specific,6
20260130,4,0.002000384292680768,103,dss,specific,6
20260130,5,0.02184044995868594,103,dss,specific,6
